date,fwd_20d,BB03,PB07,BB04,BB01,BB03_score,PB07_score,BB04_score,BB01_score,BB03_return,PB07_return,BB04_return,BB01_return,mean_reversion_score,mean_reversion_return,bb01_projection_from_mr,bb01_orthogonal_residual
2018-01-02,-0.05604043930467684,0,0.0,0,0,0.35842238355926587,0.4907228648064718,-0.3356473787250415,-0.2339355818046613,-0.02008614783129064,-0.02750032492060422,0.01880982655521457,0.013109852773328386,0.23141622144076354,-0.012968666711768764,0.018663889461530143,-0.0076688518390077235
2018-01-03,0.028871703351179834,0,-0.00603,0,0,0.35842238355926587,0.8258506749182087,-0.3356473787250415,-0.2339355818046613,0.010348264732545921,0.023843715698610175,-0.009690711549150507,-0.006754118721149844,0.3824470554538468,0.011041897932595688,-0.0124569450469117,0.003588011174955892
2018-01-05,0.07318066987205607,0,0.00033,0,0,0.35842238355926587,0.45880593051011603,-0.3356473787250415,-0.2339355818046613,0.02622959012600609,0.033575725336002296,-0.02456290001589824,-0.017119562583374288,0.21703233248713658,0.01588257147530345,-0.019351546963637004,0.00011716922945674904
2018-01-08,-0.029609206425317613,0,0.00371,0,0,0.35842238355926587,0.2553354743708472,-0.3356473787250415,-0.2339355818046613,-0.010612602342260668,-0.007560280768352809,0.009938252522786514,0.006926646931880992,0.1253350404077646,-0.0037110710837590264,0.006808771805031982,-0.0019969400239569553
2018-01-10,0.054887631620304855,0,0.00441,0,0,0.35842238355926587,0.20746007292631324,-0.3356473787250415,-0.2339355818046613,0.019672955753272596,0.011386992058701062,-0.018422889677781027,-0.012840170036975941,0.10375920697732409,0.00569509712978633,-0.006551931037431495,-0.008403054150350413
2018-01-11,0.07423668734391375,0,0.00945,0,0,0.35842238355926587,-0.08378195252793438,-0.3356473787250415,-0.2339355818046613,0.026608090425349555,-0.0062196946148788896,-0.024917349512215116,-0.0173666026450492,-0.027493779724522115,-0.0020410471293117833,0.002409300205425931,-0.021890718001281097
2018-01-15,0.030294833648904396,0,0.04237,0,0,0.35842238355926587,-1.3085943061505916,-0.3356473787250415,-0.2339355818046613,0.010858346485971766,-0.03964364681873564,-0.010168381503165945,-0.00708703953533188,-0.5794755183199574,-0.01755511443111576,0.022268312198652863,-0.03147016688479071
2018-01-16,0.04125205672647514,0,0.02067,0,0,0.35842238355926587,-0.6702556202234738,-0.3356473787250415,-0.2339355818046613,0.014785660498625265,-0.02764942286669752,-0.013846144707258097,-0.009650323890946853,-0.2917977392474178,-0.01203725689209168,0.015311696006090647,-0.027076835047843466
2018-01-17,0.04242925178100543,0,0.02111,0,0,0.35842238355926587,-0.6981829377327851,-0.3356473787250415,-0.2339355818046613,0.015207593555984191,-0.029623379654266372,-0.014241267141559271,-0.009925711700925967,-0.3043836420818413,-0.012914770187909885,0.01635139144779665,-0.028391918299528585
2018-01-18,0.0350577832932597,0,0.03241,0,0,0.35842238355926587,-1.1091134667983673,-0.3356473787250415,-0.2339355818046613,0.012565494250274352,-0.03888305956665315,-0.011767053066293174,-0.008201262931490445,-0.48957621235978876,-0.017163456758444367,0.021683592563726414,-0.031999670646022826
2018-01-19,0.0329521749208066,0,0.0352,0,0,0.35842238355926587,-1.1689577186040343,-0.3356473787250415,-0.2339355818046613,0.011810797078577365,-0.03851969921846716,-0.011060311135457787,-0.007708686211827861,-0.5165460041478391,-0.017021314283323284,0.02155887611497196,-0.03138237747760579
2018-01-22,0.048945637454053115,0,0.03213,0,0,0.35842238355926587,-1.1011342332242782,-0.3356473787250415,-0.2339355818046613,0.017543212041109396,-0.05389571696764229,-0.016428474911479144,-0.011450126174613938,-0.4859802401213819,-0.023786612642814838,0.02941668155776277,-0.04298162288318268
2018-01-23,0.04812917855886134,0,0.01785,0,0,0.35842238355926587,-0.46678516408420506,-0.3356473787250415,-0.2339355818046613,0.017250574897816593,-0.022465986510836096,-0.01615443262347128,-0.011259127387947659,-0.20010044716804587,-0.00963067015145888,0.012229723027366256,-0.02560366556611988
2018-01-24,0.07559173351246695,0,0.0109,0,0,0.35842238355926587,-0.16157947987530163,-0.3356473787250415,-0.2339355818046613,0.02709376930291524,-0.012214072983816817,-0.02537216720674141,-0.01768359615886187,-0.06255450904898778,-0.004728603778034287,0.005644922354582729,-0.025443333664250563
2018-01-25,0.10437871711970614,0,-0.00198,0,0,0.35842238355926587,0.5904632844825839,-0.3356473787250415,-0.2339355818046613,0.03741166858290343,0.0616318001405802,-0.03503444279591198,-0.02441789591742262,0.2763658744208478,0.028846715427713904,-0.035820497532324976,0.009287786464096393
2018-01-26,0.11598847823441094,0,-0.01286,0,0,0.35842238355926587,1.0133626639092994,-0.3356473787250415,-0.2339355818046613,0.0415728668341896,0.11753839328640847,-0.03893122868168657,-0.02713383213840422,0.4669524030564052,0.054161098638413736,-0.06685334030353811,0.03760469301432792
2018-01-29,-0.034401876465989134,0,0.01898,0,0,0.35842238355926587,-0.5465774998250948,-0.3356473787250415,-0.2339355818046613,-0.01233040256185124,0.01880329162807211,0.011546899659031948,0.008047822986243253,-0.2360601695521133,0.008120912791472252,-0.007462838828036454,0.01339584666347374
2018-01-30,0.012504854368932117,0,0.02125,0,0,0.35842238355926587,-0.7101517880939185,-0.3356473787250415,-0.2339355818046613,0.004482019708974149,-0.008880344689951192,-0.004197221590270448,-0.0029253303821786957,-0.30977760043945146,-0.003873723780252582,0.00604545987317972,-0.011085605406164382
2018-01-31,0.03985319344157667,0,0.03403,0,0,0.35842238355926587,-1.1490096346688121,-0.3356473787250415,-0.2339355818046613,0.014284276585778414,-0.04579170323669151,-0.013376619912487226,-0.009323079994528952,-0.5075560735518224,-0.020227730381707897,0.025298582647911474,-0.03673647779324639
2018-02-01,-0.07179900887403479,0,0.03398,0,0,0.35842238355926587,-1.1450200178817678,-0.3356473787250415,-0.2339355818046613,-0.02573437189782443,0.08221130242484051,0.02409914912362577,0.01679634291394537,-0.5057580874326192,0.03631292940768949,-0.04087495655927879,0.05555648432241819
2018-02-02,-0.04834896667429256,0,0.02975,0,0,0.35842238355926587,-1.0452795982056553,-0.3356473787250415,-0.2339355818046613,-0.01732935187802745,0.05053818845896314,0.016228203928290687,0.011310543648604812,-0.4608084344525347,0.02227961164057853,-0.024353518240765728,0.033549246738564575
2018-02-05,-0.0015046644598253334,0,0.01185,0,0,0.35842238355926587,-0.20746007292631344,-0.3356473787250415,-0.2339355818046613,-0.0005393054221475112,0.0003121577985649957,0.0005050366818011037,0.0003519945558300358,-0.08323134941982666,0.00012523525341531704,0.0015046807077363396,-0.0032675013027122692
2018-02-07,0.17401116034794017,0,0.05062,0,1,0.35842238355926587,-1.4601997440582821,-0.3356473787250415,4.477418228493867,0.06236949485782233,-0.25409105180334696,-0.058406389839689,0.7791207413032365,-0.6477989908496855,-0.11272425406997845,0.13466047787430235,0.6423454482781282
2018-02-08,0.035454410454410556,0,0.05179,0,0,0.35842238355926587,-1.492116678354638,-0.3356473787250415,-0.2339355818046613,0.012707654302758387,-0.05290211716025703,-0.011900179933264612,-0.0082940481371938,-0.6621828798033125,-0.023477303616430252,0.029348595139480356,-0.03975745842748012
2018-02-13,0.035603657398768584,0,0.05232,0,0,0.35842238355926587,-1.5200439958639493,-0.3356473787250415,-0.2339355818046613,0.012761147748294127,-0.054119125659795264,-0.011950274278921105,-0.008328962307954763,-0.674768782637736,-0.024024236560418098,0.030009949410086424,-0.040453726868847156
2018-02-14,0.031158385326618188,0,0.04342,0,0,0.35842238355926587,-1.3165735397246805,-0.3356473787250415,-0.2339355818046613,0.011167862736624545,-0.04102230566157125,-0.010458230360184192,-0.007289054999476248,-0.583071490558364,-0.018167566175783124,0.022993000337953526,-0.03239687048823574
2018-02-15,0.03203154337213654,1,0.04142,0,0,-2.808861128301187,-1.2806669886412803,-0.3356473787250415,-0.2339355818046613,-0.08997215705748784,-0.04102174019192666,-0.010751303569375106,-0.007493317734862004,-1.9942777817874577,-0.0638797952634132,0.024392025442432488,-0.03400015832810046
2018-02-16,0.013783002215796092,0,0.03659,0,0,0.35842238355926587,-1.1889058025392572,-0.3356473787250415,-0.2339355818046613,0.004940136506788278,-0.01638669131077141,-0.0046262285646933975,-0.0032243346423671947,-0.5255359347438563,-0.007243462953055042,0.010111983430902076,-0.015451133224075236
2018-02-19,0.022070216545104104,0,0.03159,0,0,0.35842238355926587,-1.0851757660761003,-0.3356473787250415,-0.2339355818046613,0.007910459619765359,-0.02395006414679877,-0.007407810331258235,-0.0051630089480337905,-0.47878829564456843,-0.01056696136413695,0.013962363834791618,-0.021240187933631374
2018-02-20,0.014835350091784383,0,0.03796,0,0,0.35842238355926587,-1.220822736835613,-0.3356473787250415,-0.2339355818046613,0.005317321540833532,-0.018111332700966674,-0.004979446370775732,-0.003470516254997415,-0.5399198236974833,-0.008009899606046667,0.011019521637021192,-0.016604853042824573
2018-02-21,0.004109537863787427,0,0.03825,0,0,0.35842238355926587,-1.2327915871967465,-0.3356473787250415,-0.2339355818046613,0.0014729503564657432,-0.005066203705743629,-0.0013793556117515566,-0.0009613671311133967,-0.5453137820550934,-0.002240987635000531,0.004252553292441502,-0.007328735574360864
2018-02-22,-0.00778982178945431,0,0.05048,0,0,0.35842238355926587,-1.4562101272712376,-0.3356473787250415,-0.2339355818046613,-0.0027920464932781196,0.01134361737944152,0.0026146332643655515,0.0018223164924706218,-0.646001004730482,0.005032232702658886,-0.004316020688627976,0.004023522030292632
2018-02-23,0.032140986305470465,0,0.0372,0,0,0.35842238355926587,-1.2088538864744796,-0.3356473787250415,-0.2339355818046613,0.011520048921552447,-0.038853756210490996,-0.010788037803068619,-0.007518920331145885,-0.534525865339873,-0.017180188517808608,0.021770487587294954,-0.031404223069246805
2018-02-26,0.01866372170071795,1,0.05095,0,0,-2.808861128301187,-1.4641893608453265,-0.3356473787250415,-0.2339355818046613,-0.052423802394577966,-0.027327222747969265,-0.006264429266099654,-0.004366108594697737,-2.0769851432708126,-0.038764272690532245,0.016765749530331348,-0.02324667327583505
2018-02-27,-0.0021613054284789213,0,0.0654,0,0,0.35842238355926587,-1.663670200197551,-0.3356473787250415,-0.2339355818046613,-0.0007746602432749953,0.0035956994348855806,0.0007254365016931526,0.0005056062428687892,-0.7394962829290574,0.0015982773306345561,-0.00027071821534745225,-0.0013384906925897242
2018-02-28,0.0639572278501368,0,0.05678,0,0,0.35842238355926587,-1.59185709803075,-0.3356473787250415,-0.2339355818046613,0.022923702051889094,-0.10181076712361023,-0.02146707587841864,-0.01496187130773504,-0.7071325327833967,-0.04522623651947203,0.055132541300216595,-0.0722092277587576
2018-03-01,0.025224042027194082,0,0.07092,0,0,0.35842238355926587,-1.6796286673457288,-0.3356473787250415,-0.2339355818046613,0.009040861266385999,-0.04236702409520865,-0.008466383587277975,-0.005900800947096876,-0.7466882274058709,-0.01883449522929674,0.02393902385107985,-0.03195463994898269
2018-03-05,0.0123019500304693,1,0.06747,0,0,-2.808861128301187,-1.6676598169845953,-0.3356473787250415,-0.2339355818046613,-0.03455446924288882,-0.020515467736366068,-0.004129117280933465,-0.0028778638377097068,-2.168682435350185,-0.02667902295163444,0.012975072189104089,-0.017967751177619763
2018-03-07,0.0374544249254225,1,0.05609,0,0,-2.808861128301187,-1.5838778644566613,-0.3356473787250415,-0.2339355818046613,-0.10520427825589435,-0.05932323456533054,-0.012571479547871921,-0.008761922686087721,-2.130924726846914,-0.07981256020341419,0.03446747627448938,-0.04534421411138306
2018-03-08,0.030541472317988205,1,0.06334,0,0,-2.808861128301187,-1.647711733049373,-0.3356473787250415,-0.2339355818046613,-0.08578675439508382,-0.05032354228295179,-0.010251165125936159,-0.007144737095879529,-2.159692504754168,-0.06596018884931604,0.029473190787784962,-0.038732743034470454
2018-03-09,-0.008539613272138924,1,0.06208,0,0,-2.808861128301187,-1.6277636491141505,-0.3356473787250415,-0.2339355818046613,0.023986587770835927,0.013900472061880486,0.0028662988101190046,0.0019977193992046266,-2.150702574158151,0.018366168246704295,-0.006071364688471706,0.005954268936870366
2018-03-12,-0.08417889340639917,1,0.06311,0,0,-2.808861128301187,-1.6357428826882394,-0.3356473787250415,-0.2339355818046613,0.2364468215126437,0.13769502576208942,0.028254424915832563,0.01969243840469856,-2.1542985463965576,0.18134646770267648,-0.07458791479629626,0.09216553805018884
2018-03-13,-0.0736675461741425,1,0.07299,0,0,-2.808861128301187,-1.6955871344939069,-0.3356473787250415,-0.2339355818046613,0.2069219068658817,0.12490974352261186,0.024726318770456893,0.01723346027436978,-2.1812683381846085,0.16068868602140973,-0.06748639606330664,0.08260504118687045
2018-03-14,-0.0656536697247706,0,0.04404,0,0,0.35842238355926587,-1.328542390085814,-0.3356473787250415,-0.2339355818046613,-0.02353174479216509,0.08722368329405138,0.02203648214679887,0.01535872942467529,-0.5884654489159742,0.03863491622756823,-0.04383740543630772,0.05708131971017705
2018-03-15,-0.07212265169509835,0,0.03715,0,0,0.35842238355926587,-1.2048642696874348,-0.3356473787250415,-0.2339355818046613,-0.025850372729171876,0.0868980060625359,0.024207778988158932,0.016872054485587776,-0.5327278792206696,0.038421747281300773,-0.04343069662568508,0.05818793596046689
2018-03-16,-0.05932822197882437,0,0.02439,0,0,0.35842238355926587,-0.8338299084922977,-0.3356473787250415,-0.2339355818046613,-0.021264562733983455,0.04946964590361384,0.019913362191609794,0.013878982126052373,-0.36551517013475604,0.021685365150382562,-0.023380715072983234,0.035144882048229645
2018-03-19,-0.06631039371796277,0,0.02513,0,0,0.35842238355926587,-0.8577676092145646,-0.3356473787250415,-0.2339355818046613,-0.023767129371145584,0.05687890788553341,0.022256909833659664,0.015512360534107778,-0.37630308684997626,0.024952805846306665,-0.02719274102737743,0.040590286410679244
2018-03-20,-0.06697091124962895,0,0.00662,0,0,0.35842238355926587,0.09375599449554536,-0.3356473787250415,-0.2339355818046613,-0.02400387363922806,-0.006278924386481869,0.022478610811765352,0.015666879087170286,0.052516602580027966,-0.0035170847305190877,0.007425555278726765,0.006126508657637556
2018-03-21,-0.062444444444444525,0,0.00818,0,0,0.35842238355926587,-0.015958467148178106,-0.3356473787250415,-0.2339355818046613,-0.022381486617811964,0.0009965176152529009,0.020959314093719286,0.01460797744157998,0.0030719843019351967,-0.0001918283530763981,0.0032806414220537703,0.009212520868720243
2018-03-22,-0.060005911912503596,0,0.00943,0,0,0.35842238355926587,-0.07979233574088976,-0.3356473787250415,-0.2339355818046613,-0.021507461975326884,0.0047880118697607435,0.020140827041437576,0.014037517914970786,-0.02569579360531871,0.0015418995276026276,0.0011177674637083412,0.010804935300456479
2018-03-23,-0.07573213952620783,0,0.00147,0,0,0.35842238355926587,0.37502397798218184,-0.3356473787250415,-0.2339355818046613,-0.0271440939610263,-0.028401368226220088,0.025419294117210767,0.017716442121375218,0.17927462398386582,-0.013576850837054571,0.019852443095579778,-0.0042508161250105255
2018-03-26,-0.0754040161236641,0,0.00592,0,0,0.35842238355926587,0.1296625455789458,-0.3356473787250415,-0.2339355818046613,-0.027026487188985,-0.00977707667747016,0.02530916035724862,0.017639682382297423,0.06869847765285836,-0.005180141116607309,0.009639323610622254,0.005885543620869203
2018-03-27,-0.08540873663222781,0,0.02649,0,0,0.35842238355926587,-0.9136222442331874,-0.3356473787250415,-0.2339355818046613,-0.030612402960508676,0.07803132163905721,0.028667218570824694,0.019980142495261304,-0.40147489251882346,0.03428946335959216,-0.038105008779145196,0.055970336123600535
2018-03-28,-0.10137749014787223,0,0.02853,0,0,0.35842238355926587,-0.9934145799740771,-0.3356473787250415,-0.2339355818046613,-0.03633596165805636,0.10070987679407463,0.034027088829857034,0.02371580213963881,-0.43743461490289093,0.044346023362656105,-0.04996368368822071,0.07156467067705355
2018-03-29,0.02881791483113072,0,0.02842,0,0,0.35842238355926587,-0.9894249631870325,-0.3356473787250415,-0.2339355818046613,0.010328985722981791,-0.028513164320918553,-0.009672657573390524,-0.006741535672417743,-0.43563662878368753,-0.012554139265609218,0.01622366754261323,-0.02508001836583694
2018-04-04,0.03240154913915405,0,-0.0178,0,0,0.35842238355926587,1.1370407843076786,-0.3356473787250415,-0.2339355818046613,0.011613440473468274,0.03684188284596751,-0.010875495035187683,-0.007579875249240326,0.5226899727517098,0.016935964836657616,-0.019701332125312138,0.010006641725265846
2018-04-05,-0.007486631016042966,0,-0.00081,0,0,0.35842238355926587,0.5346086494639611,-0.3356473787250415,-0.2339355818046613,-0.0026833761335988485,-0.004002417696521733,0.002512868076016416,0.0017513893824948339,0.25119406875200057,-0.0018805973061647567,0.004079137476057853,-0.004442563244368985
2018-04-06,0.011663794140045702,0,0.00054,0,0,0.35842238355926587,0.43885784657489346,-0.3356473787250415,-0.2339355818046613,0.004180564897019778,0.005118747579193318,-0.00391492192909484,-0.0027285764682013908,0.20804240189111964,0.002426563748058674,-0.0015929206898280493,-0.0032504709291793074
2018-04-09,0.004383867368085603,0,0.00783,0,0,0.35842238355926587,0.00398961678704443,-0.3356473787250415,-0.2339355818046613,0.0015712761912769274,1.7489950843890608e-05,-0.0014714335907761796,-0.001025542563307575,0.012061914897952095,5.287783511775778e-05,0.0014582552101365543,-0.004598612924250095
2018-04-10,-0.026267124580141243,0,0.0051,0,0,0.35842238355926587,0.17554313862995743,-0.3356473787250415,-0.2339355818046613,-0.009414725401262406,-0.004611013491582097,0.008816491511968515,0.006144815070990862,0.08937531802369716,-0.0023476326129181963,0.005075341358002829,-0.001045341437817933
2018-04-12,0.023816759097470053,0,-0.02049,0,0,0.35842238355926587,1.1889058025392572,-0.3356473787250415,-0.2339355818046613,0.008536459564372045,0.028315883088661786,-0.007994032760791608,-0.005571587396168117,0.5460637923013538,0.013005469793092266,-0.014728184346401442,0.00704178179942736
2018-04-13,0.06348157362774054,0,-0.03644,0,0,0.35842238355926587,1.4362620433360151,-0.3356473787250415,-0.2339355818046613,0.022753216931747797,0.09117617465276431,-0.021307423785491837,-0.014850598860480927,0.6575389316919628,0.04174160610530919,-0.05056012754787127,0.03359471353658438
2018-04-16,0.05191152998403892,0,-0.01977,0,0,0.35842238355926587,1.1749421437846013,-0.3356473787250415,-0.2339355818046613,0.018606254311087526,0.0609930443265853,-0.01742396896474906,-0.012143953969186265,0.5397708408841418,0.02802033019106703,-0.03361882787480707,0.019360058754814842
2018-04-17,0.05456360634335522,0,-0.02829,0,0,0.35842238355926587,1.3085943061505916,-0.3356473787250415,-0.2339355818046613,0.019556817841174856,0.07140162458395694,-0.018314131442932226,-0.012764368995293311,0.6000033758774549,0.032738348006061645,-0.03941377701812677,0.024534592872027493
2018-04-18,0.046102166106799514,0,-0.03762,1,0,0.35842238355926587,1.468178977632371,3.0442436675061906,-0.2339355818046613,0.016524048263244284,0.06768623110131866,0.14034622722894294,-0.010784937050649281,2.195126052915265,0.10120006591686273,-0.023040690461243303,0.010140938259788056
2018-04-19,0.05178508993434594,0,-0.03681,0,0,0.35842238355926587,1.4482308936971486,-0.3356473787250415,-0.2339355818046613,0.01856093536709922,0.07499676707580503,-0.017381529693503747,-0.012114375142597928,0.6629328900495729,0.034330039331653,-0.041284966763953095,0.0270557764705492
2018-04-20,0.05387863622145783,0,-0.03837,0,0,0.35842238355926587,1.4961062951416824,-0.3356473787250415,-0.2339355818046613,0.019311309217417513,0.08060816682457173,-0.0180842230170124,-0.012604130111308436,0.6845087234800132,0.0368803965027941,-0.044432526040896266,0.029713580778781862
2018-04-23,0.0550013909311291,0,-0.05628,1,0,0.35842238355926587,1.655690966623462,3.0442436675061906,-0.2339355818046613,0.01971372963661028,0.09106530611639606,0.1674376360461222,-0.012866782387539308,2.2796314005178235,0.12538289783875814,-0.03345072582941765,0.01846912829107238
2018-04-24,0.04489989337756195,0,-0.04815,0,0,0.35842238355926587,1.5958467148177946,-0.3356473787250415,-0.2339355818046613,0.016093126805942652,0.0716533473422515,-0.01507053151721252,-0.010503682680247215,0.7294583764600976,0.03275260332642783,-0.03921058609225799,0.02659208826120481
2018-04-25,0.04949638023292424,0,-0.04178,1,0,0.35842238355926587,1.5360024630121274,3.0442436675061906,-0.2339355818046613,0.01774061058064044,0.07602656194795641,0.1506790420885582,-0.01157896450701387,2.225691816941722,0.11016368845265549,-0.026695312390538985,0.013001532732719149
2018-04-26,0.05522261995736644,0,-0.06437,1,0,0.35842238355926587,1.6876079009198177,3.0442436675061906,-0.2339355818046613,0.019793023071506762,0.09319412974954401,0.16811111110831375,-0.012918535728504219,2.2940152894714507,0.1266815345068699,-0.03455723649626263,0.01952388561695245
2018-04-27,0.05297535564015221,0,-0.05373,1,0,0.35842238355926587,1.647711733049373,3.0442436675061906,-0.2339355818046613,0.018987553238443155,0.08728811505074208,0.16126989094142172,-0.012392820642987853,2.2760354282794166,0.12057378626268825,-0.0319272263597502,0.017419590565956378
2018-04-30,0.06011813253499487,0,-0.04344,1,0,0.35842238355926587,1.5399920797991717,3.0442436675061906,-0.2339355818046613,0.02154768435832471,0.09258144795620901,0.18301424427195603,-0.014063770311583764,2.2274898030609256,0.13391252720076635,-0.03290360813663513,0.016725022674245398
2018-05-01,-0.0388235294117647,0,-0.00626,0,0,0.35842238355926587,0.8318351000987755,-0.3356473787250415,-0.2339355818046613,-0.013915221949947968,-0.03229477447442304,0.013031015879913375,0.009082204940651557,0.3851440346326518,-0.01495265075632648,0.020682413190376666,-0.013715023400531075
2018-05-03,-0.01578472639807571,0,-0.01019,0,0,0.35842238355926587,0.9575080288906767,-0.3356473787250415,-0.2339355818046613,-0.0056575992594291614,-0.015114002260000104,0.005298102039406078,0.0036926091535612374,0.441780597387558,-0.0069733858577410435,0.010458432181977199,-0.008880638179221927
2018-05-04,-0.0030768061991947038,0,0.00731,0,0,0.35842238355926587,0.05186501823157836,-0.3356473787250415,-0.2339355818046613,-0.001102796211665291,-0.00015957860961626663,0.0010327219356046603,0.0007197744483088017,0.03363774832839261,-0.00010349683258374965,0.0018185639384120293,-0.003213604640909193
2018-05-07,-0.03339443691719135,0,0.00239,0,0,0.35842238355926587,0.3391174268987814,-0.3356473787250415,-0.2339355818046613,-0.011969313677479266,-0.011324635520091605,0.011208755215254032,0.007812147029262219,0.1630927489110354,-0.0054463905151609,0.009004310630638696,-0.0033069787521824425
2018-05-09,0.016343730308758797,0,0.0206,0,0,0.35842238355926587,-0.6622763866493846,-0.3356473787250415,-0.2339355818046613,0.005857958773515144,-0.010824066653256807,-0.005485730236723904,-0.003823380058637966,-0.28820176700901096,-0.004710291954503013,0.0069746521110948525,-0.012912847320538785
2018-05-10,0.030613432662088158,0,0.00592,0,0,0.35842238355926587,0.1296625455789458,-0.3356473787250415,-0.2339355818046613,0.01097253950367672,0.003969415607875994,-0.01027531842680546,-0.007161571180843415,0.06869847765285836,0.0021030962196137474,-0.001632181648966354,-0.007644204682683026
2018-05-11,-0.02426765687708643,0,0.01071,0,0,0.35842238355926587,-0.14163139594007929,-0.3356473787250415,-0.2339355818046613,-0.008698071421283728,0.003437062119696616,0.008145375418592787,0.005677068430577104,-0.05356457845297096,0.0012998868106624763,0.000596402457331448,0.00296585082243969
2018-05-14,-0.0393555300986661,0,0.01999,0,0,0.35842238355926587,-0.6263698355659846,-0.3356473787250415,-0.2339355818046613,-0.014105902904202335,0.024651116916513643,0.013209580515951752,0.009206658830862314,-0.27201989193618076,0.010705487044530263,-0.010491175840121669,0.017583019520178017
2018-05-15,-0.029901782466351334,1,0.03385,0,0,-2.808861128301187,-1.1370407843076786,-0.3356473787250415,-0.2339355818046613,0.08398995443665225,0.03399954618773771,0.010036454904037232,0.00699509087826232,-1.9295502814961365,0.057696992775184454,-0.01728054440680862,0.022160820134264975
2018-05-16,-0.0334008829702539,1,0.04417,0,0,-2.808861128301187,-1.3325320068728586,-0.3356473787250415,-0.2339355818046613,0.09381844182608326,0.04450774561567791,0.0112109188160676,0.00781365499043575,-2.0176516013371013,0.0673913450110059,-0.023069188125059783,0.028768027964689566
2018-05-17,-0.03848246345798101,1,0.03456,0,0,-2.808861128301187,-1.1609784850299456,-0.3356473787250415,-0.2339355818046613,0.10809189572839373,0.044677312125667036,0.012916537986553523,0.009002417478319405,-1.9403381982113566,0.07466899380879324,-0.023209602191589688,0.030097204519103127
2018-05-18,-0.014240506329113889,1,0.01976,0,0,-2.808861128301187,-0.598442518056673,-0.3356473787250415,-0.2339355818046613,0.03999960467517503,0.008522124465996905,0.00477978862108444,0.0033313611332942195,-1.6868221554036809,0.02402120158011565,-0.0031786771679847095,0.004395223150472963
2018-05-21,0.0002589044642526961,0,0.01828,0,0,0.35842238355926587,-0.4947124815935163,-0.3356473787250415,-0.2339355818046613,9.279715519158608e-05,-0.0001280832700060911,-8.690060476662866e-05,-6.0566966476778595e-05,-0.21268635000246938,-5.506544550125074e-05,0.001683580928112806,-0.00385896304539555
2018-05-22,0.020903700367784994,0,0.01322,0,0,0.35842238355926587,-0.2752835583060697,-0.3356473787250415,-0.2339355818046613,0.0074923541110302,-0.0057544450190077515,-0.007016272234100719,-0.004890119307408096,-0.11379711344628397,-0.002378780762199957,0.004036803711676148,-0.011041738169890208
2018-05-24,0.004049949375632744,0,-0.00211,0,0,0.35842238355926587,0.6024321348437174,-0.3356473787250415,-0.2339355818046613,0.0014515925085086488,0.0024398196483714145,-0.001359354891900249,-0.0009474272634680709,0.2817598327784579,0.001141113058839502,0.00014319870641238194,-0.0032054411206864186
2018-05-25,0.013637050468419343,0,-0.00517,0,0,0.35842238355926587,0.7660064231125414,-0.3356473787250415,-0.2339355818046613,0.004887824133608864,0.010446068251119107,-0.004577240243266052,-0.003190191335429208,0.35547726366579624,0.004847661384986073,-0.004580628847511393,-0.0007243776387237805
2018-05-28,-0.003593217801399984,0,0.00276,0,0,0.35842238355926587,0.3191693429635588,-0.3356473787250415,-0.2339355818046613,-0.001287889689025367,-0.0011468449647977963,0.0012060541362280614,0.0008405814969213712,0.15410281831501846,-0.0005537249900154317,0.002377569823994745,-0.0036518034778793397
2018-05-29,0.011386572222856994,0,-0.01317,0,0,0.35842238355926587,1.0412899814186112,-0.3356473787250415,-0.2339355818046613,0.004081202356686132,0.011856723578360434,-0.0038218731192653193,-0.0026637243977148464,0.479538305890829,0.005460297553652414,-0.005273892715630601,0.0004953531671097891
2018-05-30,0.06152849740932642,0,-0.01118,0,0,0.35842238355926587,0.9894249631870325,-0.3356473787250415,-0.2339355818046613,0.02205319069827089,0.060877831284176225,-0.02065187887233092,-0.014393704839017373,0.45616448634118495,0.028067115416070317,-0.033895142758128265,0.017386622768304924
2018-05-31,-0.018322369643587244,0,-0.01339,0,0,0.35842238355926587,1.0572484485667888,-0.3356473787250415,-0.2339355818046613,-0.0065671474001084765,-0.019371296879749842,0.0061498553429013315,0.004286254202612647,0.4867302503676423,-0.008918051563951708,0.012879948399587848,-0.010708509347781166
2018-06-04,-0.019823954258200382,0,0.00134,0,0,0.35842238355926587,0.39098244513035973,-0.3356473787250415,-0.2339355818046613,-0.007105348936794039,-0.007750818108023592,0.006653858282730084,0.0046375282730611,0.18646656846067924,-0.0036965047238480954,0.006567776662654747,-0.004045063540399613
2018-06-06,-0.044735216921414134,0,-0.01291,1,0,0.35842238355926587,1.0173522806963442,3.0442436675061906,-0.2339355818046613,-0.016034103078014058,-0.04551147496244636,-0.13618490082753076,0.010465158997668745,1.991953621445284,-0.08911047735275124,0.014507516813484214,-0.006157172966621435
2018-06-07,0.07481017385170752,0,-0.01716,1,0,0.35842238355926587,1.1210823171595008,3.0442436675061906,-0.2339355818046613,0.026813640826412074,0.08386836304877736,0.2277403980130978,-0.017500761544907057,2.038701260544572,0.1525155957330347,-0.024175407801893513,0.004559831106180488
2018-06-08,0.032362960668937735,0,-0.03506,1,0,0.35842238355926587,1.4123243426137482,3.0442436675061906,-0.2339355818046613,0.011599609501995437,0.04570699715179207,0.09852073807816561,-0.00757084803300932,2.1699542472464177,0.07022614395703021,-0.014700502461273683,0.005014839277458397
2018-06-11,-0.04213027571380068,0,-0.01638,0,0,0.35842238355926587,1.0971446164372338,-0.3356473787250415,-0.2339355818046613,-0.015100433841349492,-0.046223005188412755,0.014140916608300476,0.009855770560698755,0.5047101115596762,-0.021263576155552258,0.02842837260700546,-0.020687417197112673
2018-06-12,-0.051425505824647444,0,-0.01128,0,0,0.35842238355926587,0.9934145799740771,-0.3356473787250415,-0.2339355818046613,-0.018432052373411046,-0.0510868472687466,0.01726083622965227,0.012030255624687899,0.4579624724603884,-0.023550951794981647,0.03142063163781781,-0.02150519116393588
2018-06-13,-0.08520961261466142,0,-0.01564,0,0,0.35842238355926587,1.0851757660761003,-0.3356473787250415,-0.2339355818046613,-0.030541032455508637,-0.09246740664616296,0.028600383116287337,0.01993356030236063,0.49931615320206596,-0.04254653598659097,0.055279400910684215,-0.03746065575912955
2018-06-15,-0.08331086546238875,0,-0.01572,0,0,0.35842238355926587,1.089165382863145,-0.3356473787250415,-0.2339355818046613,-0.029860478975414696,-0.0907393106780026,0.02796307361176538,0.019489375782593778,0.5011141393212694,-0.041748252642295,0.05426581385421219,-0.036891253222424376
2018-06-18,-0.07596747477789478,0,0.00934,0,0,0.35842238355926587,-0.06782348537975627,-0.3356473787250415,-0.2339355818046613,-0.027228443382871458,0.00515237891493555,0.02549828377756109,0.01777149541039775,-0.02030183524770858,0.001542279157125277,0.0014815346642059208,0.014175145595385864
2018-06-19,-0.08606511208741696,0,0.01053,0,0,0.35842238355926587,-0.13165735397246792,-0.3356473787250415,-0.2339355818046613,-0.030847662615667373,0.011331104926773182,0.02888752927181839,0.020133692069253275,-0.04906961315496246,0.004223181756268034,-0.0015465018136765069,0.019565378732123814
2018-06-20,-0.10961023280383353,0,0.00281,0,0,0.35842238355926587,0.3151797261765144,-0.3356473787250415,-0.2339355818046613,-0.039286760904036044,-0.03454692316125625,0.036790387322048285,0.02564173358270917,0.15230483219581514,-0.0166941681141321,0.024414398969984305,-0.0008874805380811035
2018-06-21,-0.11730216230346924,0,0.01284,0,0,0.35842238355926587,-0.2633147079449362,-0.3356473787250415,-0.2339355818046613,-0.04204372060946531,0.03088738460824751,0.03937216329593883,0.027441149585406888,-0.10840315508867386,0.012715924492419768,-0.011156053844114893,0.03648238827871582
2018-06-22,-0.1267205431934758,0,0.02158,0,0,0.35842238355926587,-0.7261102552420967,-0.3356473787250415,-0.2339355818046613,-0.04541947913733051,0.09201308596263186,0.04253341815350356,0.029644443998568477,-0.31696954491626506,0.04016655290757794,-0.044305514558005035,0.07183514340576755
2018-06-25,-0.0982601307672416,0,0.02647,0,1,0.35842238355926587,-0.9096326274461428,-0.3356473787250415,4.477418228493867,-0.03521863027843989,0.08938062092300755,0.03298075532520445,-0.43995170063143857,-0.39967690639962,0.039272305087473244,-0.04386805809796037,-0.3981984576842842
2018-06-27,-0.08645252963392291,0,0.00929,0,0,0.35842238355926587,-0.06383386859271165,-0.3356473787250415,-0.2339355818046613,-0.030986521736118718,0.005518599416159345,0.0290175649557752,0.020224322818396482,-0.01850384912850512,0.0015997045651237275,0.0016509975608922829,0.016458510106698233
2018-06-28,-0.07134607503446233,0,0.01103,0,0,0.35842238355926587,-0.17554313862995724,-0.3356473787250415,-0.2339355818046613,-0.02557203027145022,0.012524313940477953,0.023947123067637407,0.016690385572665965,-0.06884746046619955,0.004911996080353652,-0.0027195842596961866,0.017295154681556187
2018-06-29,-0.030135471385125734,0,0.00292,0,0,0.35842238355926587,0.30720049260242555,-0.3356473787250415,-0.2339355818046613,-0.010801227483538817,-0.009257631654316924,0.010114891977060949,0.007049759031437112,0.14870885995740843,-0.004481411593961151,0.007757077420767156,-0.00282213354013601
2018-07-02,-0.10761690100533072,0,-0.00744,0,0,0.35842238355926587,0.8697364595756981,-0.3356473787250415,-0.2339355818046613,-0.038572306169592195,-0.09359834247088474,0.036121330728951545,0.025175422348696682,0.4022249027650839,-0.04328619754274881,0.05668972375531471,-0.033629116557423996
2018-07-03,0.0074107683000603775,0,-0.01701,0,0,0.35842238355926587,1.1170927003724562,-0.3356473787250415,-0.2339355818046613,0.0026561852381130893,0.008278515172149043,-0.0024874049542538976,-0.0017336423938941652,0.513700042155693,0.003806911988147089,-0.003173590239533214,-0.0006748673051669169
2018-07-05,0.07556116400902457,0,-0.01904,0,0,0.35842238355926587,1.1529992514558567,-0.3356473787250415,-0.2339355818046613,0.0270828125086272,0.08712196554153855,-0.02536190663304205,-0.0176764448642886,0.5298819172285234,0.04003849445312084,-0.048765756145219774,0.02897449613012521
2018-07-06,0.020574487635332206,0,-0.00883,0,0,0.35842238355926587,0.9255910945943209,-0.3356473787250415,-0.2339355818046613,0.007374356898766413,0.019043562531104456,-0.006905772843410033,-0.00481310473530425,0.4273967084339311,0.0087934682930556,-0.009534796038854315,0.0026068761527440996
2018-07-09,-0.06684460949286297,0,0.00668,0,0,0.35842238355926587,0.0857767609214565,-0.3356473787250415,-0.2339355818046613,-0.023958604262520278,-0.005733714087357429,0.022436217958178482,0.015637332612218287,0.04892063034162129,-0.003270080431330379,0.007122456187986737,0.006400061273425584
2018-07-11,-0.13054122255282286,0,-0.01651,0,0,0.35842238355926587,1.1011342332242784,-0.3356473787250415,-0.2339355818046613,-0.04678889614012336,-0.14374340899986246,0.04381581916541726,0.03053823684738639,0.5065080976788796,-0.06612018630390556,0.08496600322439239,-0.05654258152781197
2018-07-12,-0.09388832802671432,0,-0.02507,0,0,0.35842238355926587,1.2407708207708352,-0.3356473787250415,-0.2339355818046613,-0.03365167831972917,-0.11649389782650774,0.031513371195043514,0.021963820641596302,0.5694376118509974,-0.05346354529221527,0.06874632690972057,-0.04889732141893024
2018-07-13,-0.07317168863779033,0,-0.03781,1,0,0.35842238355926587,1.4801478279935045,3.0442436675061906,-0.2339355818046613,-0.026226371050613262,-0.10830491600784235,-0.2227524497763279,0.01711746155311101,2.200520011272875,-0.1610157651060857,0.0412468924815219,-0.026244246079216854
2018-07-16,-0.04847824331960937,0,-0.05985,1,0,0.35842238355926587,1.6796286673457288,3.0442436675061906,-0.2339355818046613,-0.017375687521380447,-0.08142544722217747,-0.1475795852375451,0.011340786055840754,2.290419317233044,-0.11103550496475706,0.03317181214302808,-0.023945841237993287
2018-07-17,-0.014451827242525028,0,-0.08039,1,0,0.35842238355926587,1.7075559848550403,3.0442436675061906,-0.2339355818046613,-0.005179858367052553,-0.024677304100064728,-0.04399488356695027,0.0033807966141205467,2.3030052200674676,-0.03328263357904838,0.01124876784416821,-0.00998278638085363
2018-07-18,0.009390852303693409,0,-0.08979,1,0,0.35842238355926587,1.7235144520032182,3.0442436675061906,-0.2339355818046613,0.0033658916663428145,0.016185269662043304,0.028588042658004582,-0.002196854497306162,2.3101971645442805,0.021694720364646636,-0.004714673972862708,0.0004030043247505808
2018-07-19,-0.017960886997790637,0,-0.059,0,0,0.35842238355926587,1.6716494337716399,-0.3356473787250415,-0.2339355818046613,-0.006437583928586747,-0.030024306579893127,0.006028524640385108,0.0042016905495559295,0.7636201127249616,-0.013715294553893182,0.018702423651505946,-0.016615548252755984
2018-07-20,0.00534891375905211,0,-0.06448,0,0,0.35842238355926587,1.6915975177068623,-0.3356473787250415,-0.2339355818046613,0.0019171704189724099,0.00904820923724063,-0.001795348882252149,-0.0012513012522468133,0.7726100433209785,0.004132624491101428,-0.003522422048293414,0.0001563056452406346
2018-07-23,0.03221567546945869,0,-0.08964,1,0,0.35842238355926587,1.7195248352161736,3.0442436675061906,-0.2339355818046613,0.011546819189735156,0.055395654052998684,0.09807236604233414,-0.0075363927841779746,2.3083991784250775,0.07436663878610737,-0.020047161325610772,0.010395953390626832
2018-07-24,0.02682916507976807,0,-0.08501,1,0,0.35842238355926587,1.7155352184291293,3.0442436675061906,-0.2339355818046613,0.009616173296795493,0.04602637757539108,0.08167451589856216,-0.006276296342268846,2.306601192305874,0.061884184161564146,-0.016365319971375386,0.007974208478300574
2018-07-25,0.02114880297775157,0,-0.08087,1,0,0.35842238355926587,1.7115456016420847,3.0442436675061906,-0.2339355818046613,0.007580204372711017,0.03619714071656572,0.06438210954035628,-0.004947457529072467,2.3048032061866706,0.04874382891013202,-0.01251064758665164,0.0054483749067732075
2018-07-26,0.011130734792787589,0,-0.04996,0,0,0.35842238355926587,1.6137999903594948,-0.3356473787250415,-0.2339355818046613,0.0039895044951969785,0.017962779701294704,-0.0037360019564827724,-0.0026038749196641508,0.7375493139965128,0.008209465810697604,-0.008609482564149373,0.003890792493679256
2018-07-27,0.0127021728475738,0,-0.04734,1,0,0.35842238355926587,1.59185709803075,3.0442436675061906,-0.2339355818046613,0.004552743068409189,0.020220044007823818,0.03866850925479562,-0.0029714901952805485,2.2508636226105696,0.02859085879071558,-0.006033225771025632,0.0009469204249391173
2018-07-30,-0.013763492636732155,0,-0.02697,0,0,0.35842238355926587,1.2726877550671911,-0.3356473787250415,-0.2339355818046613,-0.004933143836957944,-0.017516628545726463,0.004619680225620558,0.0032197706576381087,0.5838215008046245,-0.008035422927490364,0.011703143564356581,-0.010598188057524438
2018-07-31,-0.008326964077396526,0,-0.03985,0,0,0.35842238355926587,1.5200439958639493,-0.3356473787250415,-0.2339355818046613,-0.002984570312432846,-0.01265735174962138,0.002794923665315728,0.0019479731861122712,0.6952966401952336,-0.005789710146040208,0.008849575040265378,-0.009016417004959072
2018-08-01,0.05867538715982534,0,-0.04593,0,0,0.35842238355926587,1.567919397308483,-0.3356473787250415,-0.2339355818046613,0.02103057212208734,0.09199827767247526,-0.019694239895872337,-0.013726260832847496,0.716872473625674,0.0420627699342081,-0.050840807546878385,0.034999731563224924
2018-08-02,-0.024735236043798237,0,-0.04685,0,0,0.35842238355926587,1.5878674812437057,-0.3356473787250415,-0.2339355818046613,-0.008865662260719229,-0.03927627695483443,0.008302317140246044,0.00578645183498157,0.7258624042216909,-0.017954377903742415,0.024009326970500577,-0.020337690286324973
2018-08-03,0.03792638273270388,0,-0.04975,0,0,0.35842238355926587,1.607815565178928,-0.3356473787250415,-0.2339355818046613,0.013593664498836708,0.060978628488574625,-0.012729890948754733,-0.008872330410321342,0.7348523348177078,0.027870290902317442,-0.03311733670601687,0.02213019114488956
2018-08-06,0.09665610990005358,0,-0.04433,0,0,0.35842238355926587,1.5479713133732609,-0.3356473787250415,-0.2339355818046613,0.03464371329594356,0.14962088538753618,-0.03244236992571252,-0.022611303304444316,0.7078825430296573,0.06842117287540396,-0.08374434739565408,0.059018228940403795
2018-08-08,0.07550906194842666,0,-0.04641,0,0,0.35842238355926587,1.5758986308825722,-0.3356473787250415,-0.2339355818046613,0.027064137963879346,0.1189946273437529,-0.025344418712976186,-0.017664256338429402,0.7204684458640808,0.05440189651063755,-0.06622230966874505,0.04644323817950968
2018-08-13,0.12261533125216806,0,-0.07968,0,0,0.35842238355926587,1.7035663680679958,-0.3356473787250415,-0.2339355818046613,0.04394807928831102,0.20888335453071016,-0.041155514526292875,-0.028684088854647207,0.7780040016785887,0.09539521838133247,-0.11712183915859242,0.08632293515313924
2018-08-14,0.07203844338610721,0,-0.06712,0,0,0.35842238355926587,1.6995767512809512,-0.3356473787250415,-0.2339355818046613,0.02582019058634778,0.12243486357749682,-0.024179514689979188,-0.016852355165831147,0.7762060155593853,0.055916673107830626,-0.06798422161797263,0.04901705130133552
2018-08-15,0.07188877585622255,0,-0.05358,0,0,0.35842238355926587,1.6437221162623286,-0.3356473787250415,-0.2339355818046613,0.02576654639354509,0.11816517078589833,-0.024129279175893154,-0.01681734260515031,0.751034209890538,0.05399092997517609,-0.06564019598089758,0.04670803822494131
2018-08-16,0.08714328243950153,0,-0.05352,0,0,0.35842238355926587,1.6357428826882394,-0.3356473787250415,-0.2339355818046613,0.031234103003144456,0.14254400402450568,-0.029249414324314632,-0.020385914477852717,0.7474382376521314,0.06513422144980295,-0.07953220631531178,0.0570314766866531
2018-08-17,0.08196375895490937,0,-0.04537,0,0,0.35842238355926587,1.5599401637343944,-0.3356473787250415,-0.2339355818046613,0.029377645850095738,0.12785855956440775,-0.027510920843666478,-0.01917423963801374,0.7132765013872674,0.058462823227907065,-0.07130538149225206,0.050016326703432354
2018-08-20,0.06001410144747199,0,-0.0303,0,0,0.35842238355926587,1.336521623659903,-0.3356473787250415,-0.2339355818046613,0.0215103972879705,0.0802101443090654,-0.020143575837382695,-0.014039433738598327,0.6125892787118784,0.03676399511824836,-0.044431053880067246,0.028276804990662954
2018-08-21,0.05612667882606526,0,-0.03202,0,0,0.35842238355926587,1.3644489411692144,-0.3356473787250415,-0.2339355818046613,0.020117058006103687,0.07658198749556931,-0.018838772624511096,-0.013130027265938942,0.625175181546302,0.03508900662467633,-0.04230651129034621,0.027061668873601303
2018-08-22,0.035813686967910874,0,-0.01407,0,0,0.35842238355926587,1.0692172989279223,-0.3356473787250415,-0.2339355818046613,0.012836427047084032,0.03829261364447979,-0.012020770153258465,-0.008378095697408248,0.4921242087252525,0.017624782360617024,-0.020616405114804996,0.010123494266590783
2018-08-23,0.04219807258560593,0,-0.01675,0,0,0.35842238355926587,1.1091134667983673,-0.3356473787250415,-0.2339355818046613,0.01512473375773979,0.046802450577630536,-0.014163672450607664,-0.009871630661349051,0.5101040699172863,0.02152540856858265,-0.02550303808241256,0.013516592270257545
2018-08-24,0.04930363268173754,0,-0.01944,0,0,0.35842238355926587,1.1649681018169902,-0.3356473787250415,-0.2339355818046613,0.01767152554391889,0.05743715937792591,-0.016548635071247497,-0.011533873996485585,0.5352758755861334,0.026391045153294167,-0.03157903236581535,0.017930343218523798
2018-08-27,0.055951001489819685,0,-0.02348,0,0,0.35842238355926587,1.220822736835613,-0.3356473787250415,-0.2339355818046613,0.020054091316509207,0.06830625476749513,-0.01877980698709887,-0.01308893008607444,0.5604476812549807,0.031357609048863415,-0.037767241444178784,0.02256349620729838
2018-08-28,0.027257240204429323,0,-0.00406,0,0,0.35842238355926587,0.7101517880939185,-0.3356473787250415,-0.2339355818046613,0.009769605003319009,0.01935677786968093,-0.009148821225895517,-0.006376438345612579,0.330305457996949,0.009003215209456879,-0.009942223658144494,0.001450970161725948
2018-08-29,0.01007820688543104,0,0.00298,0,0,0.35842238355926587,0.3032108758153809,-0.3356473787250415,-0.2339355818046613,0.0036122549338795987,0.003055821936380148,-0.0033827237233435936,-0.002357651191291054,0.146910873838205,0.0014805981802608885,-0.0004069819216836774,-0.0040654844204133424
2018-08-30,0.01294065149486845,1,-0.00557,0,0,-2.808861128301187,0.8019129741959418,-0.3356473787250415,-0.2339355818046613,-0.03634849295882863,0.010377276328283117,-0.004343495753246885,-0.003027278836383411,-1.0557290275632973,-0.013661821418712998,-0.003940591499173752,-0.0012015024880156246
2018-08-31,-0.03969097739031824,1,-0.00248,0,0,-2.808861128301187,0.6223802187789399,-0.3356473787250415,-0.2339355818046613,0.11148644353594618,-0.02470287919173622,0.013322172520095207,0.009285131888199755,-1.136638402927449,0.04511428915156081,0.014782402063730864,-0.007612085326337075
2018-09-03,-0.018050007397544032,1,0.00951,0,0,-2.808861128301187,-0.08777156931497862,-0.3356473787250415,-0.2339355818046613,0.0506999641445103,0.0015842774754294129,0.006058437668953263,0.0042225389821229035,-1.4566799321456494,0.02629308355108291,0.0005859252272353604,0.0015217986040815773
2018-09-04,-0.1290528369858902,1,0.01232,0,0,-2.808861128301187,-0.2274081568615358,-0.3356473787250415,-0.2339355818046613,0.3624914973066567,0.029347667796713526,0.04331624645134414,0.03019005050383634,-1.5196094463177674,0.19610991015786572,-0.015659919229187556,0.043735154582217925
2018-09-05,-0.05554712974899523,1,0.01959,0,0,-2.808861128301187,-0.5944529012696284,-0.3356473787250415,-0.2339355818046613,0.15602417354065515,0.033020152436490695,0.018644248495950023,0.012994450115410209,-1.6850241692844774,0.09359825616143777,-0.016983964462854984,0.027863599427459227
2018-09-07,-0.008157905209120853,0,-0.00068,0,0,0.35842238355926587,0.5206449907093056,-0.3356473787250415,-0.2339355818046613,-0.002923975829903647,-0.004247372481810122,0.0027381794993287757,0.001908424301402964,0.2449011173347889,-0.0019978801008249916,0.004237004647831263,-0.004443395497234265
2018-09-10,0.01597813113617974,0,0.00555,0,0,0.35842238355926587,0.15958467148177952,-0.3356473787250415,-0.2339355818046613,0.005726919846652063,0.0025498648082600364,-0.005363017832783699,-0.0037378534034933817,0.08218337354688367,0.0013131367197457525,-0.0003380748617643152,-0.005514593692535033
2018-09-11,0.008124494745351596,0,0.01041,0,0,0.35842238355926587,-0.12367812039837907,-0.3356473787250415,-0.2339355818046613,0.00291200077184365,-0.0010048222392915927,-0.0027269653647426367,-0.0019006084051227392,-0.045473640916555765,-0.0003694503566785626,0.0018862087480769115,-0.005901632304005616
2018-09-13,0.002039510517475751,0,0.00805,0,0,0.35842238355926587,-0.00797923357408886,-0.3356473787250415,-0.2339355818046613,0.0007310062209678504,-1.6273730795749858e-05,-0.0006845563590728888,-0.0004771140795024157,0.006667956540342065,1.3599367494098865e-05,0.0015594916577597927,-0.004151420888068174
2018-09-14,0.0014222503160554734,0,0.01943,0,0,0.35842238355926587,-0.5745048173344061,-0.3356473787250415,-0.2339355818046613,0.000509766348298522,-0.000817089658029251,-0.0004773745904748815,-0.0003327149551583006,-0.24864607238653683,-0.0003536369550377041,0.002019927863604797,-0.004467457969569063
2018-09-17,-7.833920877398093e-05,0,0.02924,0,0,0.35842238355926587,-1.0213418974833888,-0.3356473787250415,-0.2339355818046613,-2.8078525934917197e-05,8.001111613656502e-05,2.629435007638047e-05,1.8326328382658058e-05,-0.4500205177373146,3.5254251291598476e-05,0.0015814990530566072,-0.003677987875479915
2018-09-18,-0.014168618266978905,0,0.03243,0,1,0.35842238355926587,-1.1131030835854117,-0.3356473787250415,4.477418228493867,-0.005078349930991934,0.01577113268311881,0.00475565958146721,-0.06343882970114252,-0.49137419847899205,0.006962093444491565,-0.006516077280609234,-0.05903756757133926
2018-09-19,-0.014219860926634853,0,0.02661,0,0,0.35842238355926587,-0.9216014778072763,-0.3356473787250415,-0.2339355818046613,-0.005096716447205735,0.013105044844200626,0.0047728590458596286,0.0033265314390536946,-0.4050708647572302,0.005760051362279529,-0.005053907225689345,0.006265623513937073
2018-09-20,-0.00652079978002118,0,0.02245,0,0,0.35842238355926587,-0.7580271895384525,-0.3356473787250415,-0.2339355818046613,-0.002337200599867928,0.004942943530792414,0.0021886893533549366,0.0015254470903709623,-0.33135343386989197,0.0021606893986880543,-0.0008548122259187427,0.00026544416548373933
2018-09-21,-0.01236853507700797,0,0.01497,0,0,0.35842238355926587,-0.36305512762104836,-0.3356473787250415,-0.2339355818046613,-0.0044331598234375845,0.004490460080868542,0.0041514663772664545,0.0028934404493112208,-0.15335280806875815,0.0018967495857561058,-0.00040057115975017984,0.0011791964582554349
2018-09-24,-0.009249783515704935,0,0.01849,0,0,0.35842238355926587,-0.5086761403481719,-0.3356473787250415,-0.2339355818046613,-0.003315329455106169,0.00470514417782493,0.00310466559082046,0.0021638534883135995,-0.21897930141968114,0.0020255111325523487,-0.0006282392258430463,0.00067727756335068
2018-09-25,0.001023017902813228,0,0.01683,0,0,0.35842238355926587,-0.42090457103319323,-0.3356473787250415,-0.2339355818046613,0.0003666725151501186,-0.0004305929115428787,-0.00034337327746804925,-0.00023932028829119696,-0.17942360679720695,-0.0001835535619408639,0.0018223131453607901,-0.004176448584457953
2018-09-26,-0.0043881988794419735,0,0.021,0,0,0.35842238355926587,-0.6822244705846073,-0.3356473787250415,-0.2339355818046613,-0.0015728287019016918,0.0029937366573472676,0.001472887451208863,0.001026555857936821,-0.29719169760502795,0.0013041362744098414,0.0001376060383560225,-0.0012258653312251673
2018-09-27,0.004739523677870228,0,0.01287,0,0,0.35842238355926587,-0.26730432473198046,-0.3356473787250415,-0.2339355818046613,0.0016987513735578252,-0.0012668951762643337,-0.00159080869888241,-0.00110874322905954,-0.1102011412078771,-0.000522300918083054,0.0021492302714648734,-0.005372788651330379
2018-09-28,0.019906276284695767,0,0.00199,0,0,0.35842238355926587,0.35108627725991487,-0.3356473787250415,-0.2339355818046613,0.007134854993749945,0.006988820434901166,-0.006681489455134593,-0.004656786324224636,0.16848670726864554,0.0033539429451883165,-0.0029081733814468047,-0.0038634280935837973
2018-10-01,-0.07258958256372361,0,0.00272,0,0,0.35842238355926587,0.32315895975060344,-0.3356473787250415,-0.2339355818046613,-0.02601773120406194,-0.023457973990023463,0.024364503110258808,0.016981286230002182,0.1559008044342219,-0.01131677431522888,0.01703376280167499,-0.0021672917224787747
2018-10-04,-0.009170905580514477,0,0.01492,0,0,0.35842238355926587,-0.343107043685826,-0.3356473787250415,-0.2339355818046613,-0.0032870578375649717,0.003146602301652166,0.0030781904186345395,0.0021454011326532694,-0.14436287747274132,0.001323938318633891,0.00022267509171410493,-0.0001920891098668013
2018-10-05,0.08741799339768508,0,0.00643,0,0,0.35842238355926587,0.10373003646315672,-0.3356473787250415,-0.2339355818046613,0.031332565559566455,0.009067871642677866,-0.029341620337335984,-0.0204501791456835,0.05701156787803646,0.004983836864353866,-0.006429756167977918,-0.016135238128511545
2018-10-08,0.052195358615670706,0,0.00315,0,0,0.35842238355926587,0.27528355830606954,-0.3356473787250415,-0.2339355818046613,0.01870798484575936,0.014368524046783196,-0.017519235300963384,-0.012210351585259868,0.13432497100378146,0.007011140032581942,-0.008090056791005502,-0.006235109945060331
2018-10-09,0.0027230498157937433,0,-0.00235,0,0,0.35842238355926587,0.6144009852048509,-0.3356473787250415,-0.2339355818046613,0.0009760020055274133,0.0016730444895855635,-0.000913984532808877,-0.0006370182429407852,0.28715379113606804,0.0007819340780575451,0.0006100350956496806,-0.0033618684893964314
2018-10-10,-0.022050014974543175,0,-0.00452,0,0,0.35842238355926587,0.73807910560323,-0.3356473787250415,-0.2339355818046613,-0.00790321892469327,-0.016274655330948653,0.00740102972705333,0.005158283081871252,0.34289136083137256,-0.007560759640973252,0.011315313527682813,-0.008271845596617526
2018-10-12,0.0471044943370551,0,-0.00352,0,0,0.35842238355926587,0.7021725545198297,-0.3356473787250415,-0.2339355818046613,0.01688330513664123,0.03307548311801484,-0.01581050005040111,-0.01101941728835336,0.32670948575854225,0.015389485121775438,-0.018157198849473862,0.005022966410314536
2018-10-15,0.047985877066281324,0,-0.00334,0,0,0.35842238355926587,0.6742452370105183,-0.3356473787250415,-0.2339355818046613,0.017199212435278464,0.03235424905571244,-0.016106333853119412,-0.011225604069907476,0.3141235829241187,0.015073495633816587,-0.017793247394107113,0.004452828173393672
2018-10-16,0.03025344242666117,0,0.00124,0,0,0.35842238355926587,0.4069409122785376,-0.3356473787250415,-0.2339355818046613,0.010843510945436917,0.012311363460671711,-0.010154488647917782,-0.007077356655674805,0.19365851293749273,0.005858836671587254,-0.006188815156742852,-0.0030033566497379184
2018-10-17,0.025682563514955126,0,0.01236,0,0,0.35842238355926587,-0.23339258204210253,-0.3356473787250415,-0.2339355818046613,0.009205205630942454,-0.005994119812215673,-0.008620285122734076,-0.0060080654381061945,-0.09491825919464855,-0.002437744220495535,0.0039994204114016454,-0.012122301000313807
2018-10-18,0.02313544035761894,0,0.01877,0,0,0.35842238355926587,-0.5346086494639614,-0.3356473787250415,-0.2339355818046613,0.008292259677671015,-0.012368406524340689,-0.007765349911684335,-0.005412202700366629,-0.2306662111945032,-0.005336564371608363,0.007580863060238964,-0.015107880911411558
2018-10-19,0.034735424588086206,0,0.00764,0,0,0.35842238355926587,0.03590655108340045,-0.3356473787250415,-0.2339355818046613,0.01244995367480499,0.0012472292973757214,-0.01165885421189249,-0.008125851760245885,0.026445803851579148,0.0009186062253578472,-0.00028657445572676427,-0.009954092455325086
2018-10-22,0.0431597703425064,0,0.00645,0,0,0.35842238355926587,0.0997404196761121,-0.3356473787250415,-0.2339355818046613,0.015469427760031657,0.004304773607086205,-0.01448646378183706,-0.010096605985629802,0.05521358175883302,0.0023830055084984336,-0.0022586886576617775,-0.00995273247877399
2018-10-23,0.05235602094240832,0,0.00838,0,0,0.35842238355926587,-0.027927317509311586,-0.3356473787250415,-0.2339355818046613,0.01876556981985683,-0.001462163220382804,-0.01757316118979273,-0.012247936220139323,-0.0023219740556749326,-0.00012156932228664556,0.0005756021994761148,-0.014938353570421403
2018-10-24,0.07147425647585548,0,-0.0003,0,0,0.35842238355926587,0.4987020983805609,-0.3356473787250415,-0.2339355818046613,0.025617973369202414,0.03564436168469952,-0.023990146832442216,-0.016720371772734832,0.23501219367917026,0.016797321805978437,-0.020424425209267207,0.001589238285726411
2018-10-25,0.055129681852484236,0,0.00347,0,0,0.35842238355926587,0.2673043247319807,-0.3356473787250415,-0.2339355818046613,0.019759711974431403,0.014736402380267228,-0.018504133203731826,-0.012896794198866779,0.13072899876537475,0.007207048110828914,-0.008395128428896908,-0.006616480920775837
2018-10-26,0.04691241706905358,0,0.01367,0,0,0.35842238355926587,-0.29124202545424743,-0.3356473787250415,-0.2339355818046613,0.016814460344416575,-0.013662867366145574,-0.01574602981888373,-0.010974483580911973,-0.12098905792309737,-0.005675889146080225,0.00745071996197616,-0.0205400186936941
2018-10-29,0.04392663150436915,0,0.01198,0,0,0.35842238355926587,-0.21144968971335767,-0.3356473787250415,-0.2339355818046613,0.01574428796552553,-0.009288272601751859,-0.014743858720662332,-0.010276002097693563,-0.08502933553902992,-0.003735052289284327,0.005159897165780576,-0.017550714414280105
2018-10-30,0.04267933566296289,0,0.01257,0,0,0.35842238355926587,-0.24735624079675814,-0.3356473787250415,-0.2339355818046613,0.01529722921704514,-0.010557000029293516,-0.014325207140999677,-0.009984215219351654,-0.10121121061186031,-0.004319627230558418,0.005898870594370773,-0.017997900964528392
2018-10-31,0.12960594676684511,0,0.01303,0,0,0.35842238355926587,-0.2712939415190251,-0.3356473787250415,-0.2339355818046613,0.046453672363627956,-0.035161308142682354,-0.04350189629946883,-0.030319442562245873,-0.11199912732708055,-0.014515752934286709,0.0163079831999593,-0.048742240913011145
2018-11-01,-0.0069661482848212275,0,0.01469,0,0,0.35842238355926587,-0.3311381933246925,-0.3356473787250415,-0.2339355818046613,-0.002496823472472916,0.002306757757467607,0.002338169411610189,0.0016296299519471973,-0.1389689191151312,0.0009680780975373311,0.0006048884968540387,-0.0010900736957128072
2018-11-05,0.023687404565208903,1,0.02384,0,0,-2.808861128301187,-0.8218610581311642,-0.3356473787250415,-0.2339355818046613,-0.06653462991355936,-0.01946775538034356,-0.00795061525111195,-0.005541326768404535,-1.7875093780790696,-0.04234145780266388,0.012507682962559807,-0.020163824881770306
2018-11-06,-0.01761073416177461,0,0.02311,0,0,0.35842238355926587,-0.793933740621853,-0.3356473787250415,-0.2339355818046613,-0.0063120813144918455,0.013981756048154768,0.005910996758823189,0.004119777342141968,-0.3475353089427224,0.006120351937620495,-0.005414451473891232,0.007419413665227234
2018-11-07,0.00144555091551557,0,0.02587,0,0,0.35842238355926587,-0.8936741602979651,-0.3356473787250415,-0.2339355818046613,0.0005181178046953695,-0.0012918515005913315,-0.000485195375606385,-0.00033816579444939567,-0.39248496192280674,-0.0005673569960336069,0.0022791584004651943,-0.004732139345720556
2018-11-09,-0.023586515490500837,1,0.02329,0,0,-2.808861128301187,-0.8158766329505974,-0.3356473787250415,-0.2339355818046613,0.0662512465133416,0.01924368684142693,0.007916752097644192,0.00551772522401497,-1.7848123989002647,0.04209750529429905,-0.009138883548979227,0.01254179362218823
2018-11-12,0.014391287436795075,0,0.01693,0,0,0.35842238355926587,-0.42688899621376,-0.3356473787250415,-0.2339355818046613,0.0051581595455826084,-0.0061434822481171445,-0.004830397904638888,-0.0033666341994447687,-0.18212058597601205,-0.0026209497009383395,0.004479751104884047,-0.00996120045513478
2018-11-13,-0.002642463235294157,1,0.03197,0,1,-2.808861128301187,-1.0931549996501893,-0.3356473787250415,4.477418228493867,0.00742231226458275,0.002888621897053622,0.0008869358583037764,-0.011831413057830935,-1.9097724341848994,0.005046503445111827,1.5587390514305207e-05,-0.013961815599151207
2018-11-14,0.004757519950890243,1,0.02902,0,0,-2.808861128301187,-1.0093730471222553,-0.3356473787250415,-0.2339355818046613,-0.013363212857172976,-0.0048021124095750075,-0.0015968491007483984,-0.0011129531976587928,-1.8720147256816286,-0.008906147405790673,0.004297441016041991,-0.007525209364506749
2018-11-15,0.012116754413131092,0,0.01625,0,0,0.35842238355926587,-0.39896167870444876,-0.3356473787250415,-0.2339355818046613,0.0043429159977566995,-0.004834120681112318,-0.00406695685742253,-0.0028345399932200198,-0.1695346831415885,-0.002054210120134624,0.0038428203395470257,-0.00879217548357301
2018-11-16,0.0028468108024928274,0,0.02112,0,0,0.35842238355926587,-0.7021725545198297,-0.3356473787250415,-0.2339355818046613,0.0010203607133717457,-0.0019989524134210353,-0.0009555245835828494,-0.0006659703413689544,-0.3061816282010448,-0.0008716411666875768,0.0026170197027796435,-0.005397805194954563
2018-11-19,0.009366327474560565,0,0.02529,0,0,0.35842238355926587,-0.8657468427886534,-0.3356473787250415,-0.2339355818046613,0.003357101418628637,-0.008108868439625432,-0.0031437832651165917,-0.0021911172671343097,-0.3798990590883829,-0.0035582589946992283,0.005733652172773859,-0.010039584590714135
2018-11-21,0.010981862707583945,0,0.02476,0,0,0.35842238355926587,-0.8457987588534311,-0.3356473787250415,-0.2339355818046613,0.003936145407572851,-0.009288445847973281,-0.0036860334313188383,-0.0025690484417975634,-0.3709091284923661,-0.004073273126092777,0.006322751898679736,-0.011006615491283265
2018-11-22,-0.0018989745537409952,0,0.03204,0,0,0.35842238355926587,-1.0971446164372338,-0.3356473787250415,-0.2339355818046613,-0.0006806349858702408,0.0020834497083882316,0.0006373858312287206,0.0004442377170616468,-0.4841822540021786,0.0009194497797230963,0.000548364543139387,-0.002218941976883706
2018-11-23,0.0036981132075473155,0,0.03776,0,1,0.35842238355926587,-1.2168331200485683,-0.3356473787250415,4.477418228493867,0.001325486550521111,-0.004499986632632618,-0.0012412620043417118,0.016557999486506273,-0.5381218375782797,-0.0019900354748178676,0.003956926280705445,0.010486258054994861
2018-11-26,-0.005079934259674346,1,0.04642,0,1,-2.808861128301187,-1.3843970251044366,-0.3356473787250415,4.477418228493867,0.014268829876324737,0.007032645876819273,0.0017050666183552287,-0.022744990253816412,-2.0410254208867453,0.010368274960428829,-0.0022771203736964606,-0.022582685030925916
2018-11-27,0.006292625946719976,0,0.03558,0,0,0.35842238355926587,-1.1769369521781237,-0.3356473787250415,-0.2339355818046613,0.002255417990670256,-0.007406024002929589,-0.002112103404313743,-0.0014720691119250453,-0.5201419763862462,-0.003273058896586302,0.005457149893299986,-0.009044034156030997
2018-11-28,-0.0011969776314805225,0,0.03798,0,0,0.35842238355926587,-1.2248123536226576,-0.3356473787250415,-0.2339355818046613,-0.00042902357574237343,0.0014660729900473329,0.00040176240439894614,0.0002800156586275615,-0.5417178098166866,0.0006484241009251936,0.0008617589575879873,-0.0026965584497663916
2018-11-29,0.0068201514751875525,0,0.03099,0,0,0.35842238355926587,-1.0732069157149668,-0.3356473787250415,-0.2339355818046613,0.002444494947971966,-0.0073194337293949144,-0.002289165965154427,-0.0015954761033439191,-0.47339433728695834,-0.003228621087793083,0.0053911010846452645,-0.00910139233879515
2018-11-30,-0.05430824169996096,0,0.03101,0,0,0.35842238355926587,-1.0771965325020116,-0.3356473787250415,-0.2339355818046613,-0.019465289437012725,0.058500649645479096,0.01822841896975789,0.012704630118868535,-0.47519232340616185,0.025806859553507852,-0.028504663861886763,0.03909447882994933
2018-12-03,0.0055120176984515545,0,0.02931,0,0,0.35842238355926587,-1.025331514270433,-0.3356473787250415,-0.2339355818046613,0.001975630521699865,-0.005651645453438759,-0.0018500942919713007,-0.0012894570672048547,-0.45181850385651784,-0.0024904315897450284,0.004523732188229622,-0.007928004406240443
2018-12-04,0.09671365098820295,0,0.0211,0,0,0.35842238355926587,-0.6941933209457408,-0.3356473787250415,-0.2339355818046613,0.03466433730991065,-0.06713797056028793,-0.03246168344111884,-0.022624764212378214,-0.3025856559626381,-0.02926416352480703,0.03498425026751348,-0.05972382963069766
2018-12-06,0.16957692307692307,0,0.02693,0,0,0.35842238355926587,-0.9415495617424989,-0.3356473787250415,-0.2339355818046613,0.06078016496587704,-0.15966507760471838,-0.056918049723027234,-0.039670076160644295,-0.41406079535324714,-0.07021515564278717,0.08309473298116983,-0.12487962429262009
2018-12-07,0.19725488622225784,0,0.02978,0,0,0.35842238355926587,-1.0492692149926999,-0.3356473787250415,-0.2339355818046613,0.07070056648849345,-0.2069734796199028,-0.06620808550120716,-0.04614493657221616,-0.46260642057173806,-0.09125137685556416,0.10803124878804767,-0.15629100051106978
2018-12-10,0.11024928610017759,0,0.01821,0,0,0.35842238355926587,-0.49072286480647204,-0.3356473787250415,-0.2339355818046613,0.03951581190973309,-0.05410184551794751,-0.037004883885831764,-0.025791230887393605,-0.2108883638832661,-0.023250291564964564,0.027365925078119663,-0.055271971116319235
2018-12-11,0.016500515641113767,0,0.00767,0,0,0.35842238355926587,0.027927317509311395,-0.3356473787250415,-0.2339355818046613,0.005914154146044944,0.00046081513937674306,-0.0055383548225513834,-0.0038600577265808633,0.022849831613172354,0.00037703400392996627,0.0007877742441488942,-0.006762647121535723
2018-12-12,-0.03146678931432312,0,0.00577,0,0,0.35842238355926587,0.15160543790769046,-0.3356473787250415,-0.2339355818046613,-0.01127840162899693,-0.004770536373546991,0.010561745350245701,0.007361201665770878,0.07858740130847691,-0.002472893199734004,0.005346238825154089,-9.985231018917653e-05
2018-12-13,0.05517745222440129,0,0.00417,0,0,0.35842238355926587,0.23139777364858022,-0.3356473787250415,-0.2339355818046613,0.019776833944997428,0.01276793960032736,-0.018520167203846506,-0.012907969388614219,0.11454712369254436,0.006320418444987951,-0.0073185801938973945,-0.00770420434552279
2018-12-14,0.05955932981409218,0,0.00938,0,0,0.35842238355926587,-0.07580271895384513,-0.3356473787250415,-0.2339355818046613,0.021347396955159366,-0.0045147591389769984,-0.019990932930720254,-0.013933046471955365,-0.02389780748611525,-0.0014233373978992192,0.0019934400562282894,-0.01804130167898962
2018-12-17,0.06272216488934768,0,0.00742,0,0,0.35842238355926587,0.04588059305101162,-0.3356473787250415,-0.2339355818046613,0.022481027841637292,0.0028777301225666103,-0.021052530233069383,-0.014672946135437449,0.030940769149587547,0.0019406720244036718,-0.0021674586432819803,-0.014620302642961436
2018-12-18,0.0731127554345743,0,0.00427,0,0,0.35842238355926587,0.21942892328744673,-0.3356473787250415,-0.2339355818046613,0.026205248071445787,0.01604305320358706,-0.024540104712979897,-0.01710367497992905,0.10915316533493422,0.007980488682042697,-0.009745550746564888,-0.00947293938417013
2018-12-19,0.0676016508712931,0,0.00851,0,0,0.35842238355926587,-0.03590655108340045,-0.3356473787250415,-0.2339355818046613,0.024229944837830197,-0.0024273421303322882,-0.02269031691243495,-0.015814431527531543,-0.005917946294081627,-0.00040006293924756906,0.0005662006660089279,-0.018495447344346435
2018-12-20,0.05125099360308871,0,0.01682,0,0,0.35842238355926587,-0.4149201458526265,-0.3356473787250415,-0.2339355818046613,0.018369503286999742,-0.021265069740885597,-0.017202261659930596,-0.011989431006605534,-0.17672662761840188,-0.009057415261566155,0.01146173349990402,-0.025565979657315517
2018-12-21,0.06892354507417275,0,0.01094,0,0,0.35842238355926587,-0.16756390505586838,-0.3356473787250415,-0.2339355818046613,0.024703741308839497,-0.011549098362922549,-0.02313400723658333,-0.016123669616966402,-0.06525148822779285,-0.004497363890025133,0.0055160280382806105,-0.023754512806052976
2018-12-24,0.06072555205047325,0,0.02225,0,0,0.35842238355926587,-0.7500479559643637,-0.3356473787250415,-0.2339355818046613,0.021765397108882888,-0.04554707619026504,-0.020382372367372417,-0.014205867349336704,-0.3277574616314853,-0.01990325279623375,0.02442791352877126,-0.040748596028913925
2018-12-25,0.07321649716666045,0,0.02276,0,0,0.35842238355926587,-0.7779752734736748,-0.3356473787250415,-0.2339355818046613,0.026242431430334678,-0.0569606244060172,-0.02457492535341901,-0.01712794386238205,-0.3403433644659088,-0.024918748980109897,0.030238877252149268,-0.04948163626533729
2018-12-26,0.05552234344642071,0,0.02442,0,0,0.35842238355926587,-0.8378195252793422,-0.3356473787250415,-0.2339355818046613,0.019900450678862293,-0.046517703428676796,-0.0186359290384626,-0.012988651717296653,-0.3673131562539594,-0.020394087213921126,0.025143222096971868,-0.04024668896507449
2018-12-27,0.06121530382595641,0,0.02329,0,0,0.35842238355926587,-0.8158766329505974,-0.3356473787250415,-0.2339355818046613,0.021940935107603945,-0.04994413597056914,-0.020546756267039275,-0.014320437715874223,-0.35742423259834083,-0.02187983299326675,0.02681913719699158,-0.043254390063671766
2018-12-28,0.05368574744487287,0,0.02302,0,0,0.35842238355926587,-0.7859545070477637,-0.3356473787250415,-0.2339355818046613,0.0192421735623521,-0.04219455516852579,-0.018019480404766173,-0.012559006563134443,-0.3439393367043155,-0.018464640366664974,0.022840019606127845,-0.037513841320068256
2018-12-31,0.069113744252981,1,0.02309,0,0,-2.808861128301187,-0.7899441238348083,-0.3356473787250415,-0.2339355818046613,-0.19413090966354787,-0.054595996148864095,-0.023197847092385978,-0.01616816397251968,-1.7731254891254429,-0.1225473415838577,0.03217425260083833,-0.05045723172416398
2019-01-01,0.0004597213381429821,1,0.0247,0,0,-2.808861128301187,-0.8418091420663865,-0.3356473787250415,-0.2339355818046613,-0.0012912933965604282,-0.0003869976252517549,-0.0001543042620916604,-0.00010754517870649596,-1.7964993086750867,-0.0008258890661570531,0.0018388404967020486,-0.00406120082621451
2019-01-02,-0.13845407503234153,1,0.01722,0,0,-2.808861128301187,-0.43885784657489346,-0.3356473787250415,-0.2339355818046613,0.38889826941324,0.060761657218212126,0.04647174735840565,0.032389334595917044,-1.614902710635546,0.22358986106826562,-0.03295501127669784,0.06322953072180892
2019-01-04,0.011015502059128712,1,0.03623,0,1,-2.808861128301187,-1.1849161857522126,-0.3356473787250415,4.477418228493867,-0.03094101554260832,-0.013052446684048438,-0.0036973243914868495,0.04932100971555462,-1.951126114926577,-0.021492633736593512,0.00887513570356018,0.038331058861188476
2019-01-07,-0.011714959101622013,1,0.02786,0,0,-2.808861128301187,-0.9535184121036324,-0.3356473787250415,-0.2339355818046613,0.03290569324018427,0.011170429200437619,0.003932095314330496,0.002740545773255758,-1.8468429200127812,0.021635689275069907,-0.004605673834477593,0.005231404456927385
2019-01-08,0.0943389185356569,1,0.03673,0,0,-2.808861128301187,-1.196885036113346,-0.3356473787250415,-0.2339355818046613,-0.264984921160779,-0.11291283991844372,-0.03166461071824847,-0.022069229794461444,-1.956520073284187,-0.18457598780693438,0.06435352048285078,-0.08853756542811819
2019-01-10,0.12809401108768648,1,0.02686,0,0,-2.808861128301187,-0.9375599449554544,-0.3356473787250415,-0.2339355818046613,-0.35979828851238377,-0.12009581398449469,-0.042994419051958374,-0.029965747009490673,-1.8396509755359678,-0.2356482724577775,0.06860377265570942,-0.10068433481600605
2019-01-11,-0.01935293248633485,0,0.0253,0,0,0.35842238355926587,-0.8697364595756981,-0.3356473787250415,-0.2339355818046613,-0.006936524190613687,0.016831950983072386,0.006495761059680993,0.0045273395208170735,-0.3816970452075864,0.007386957146135921,-0.006914168914207531,0.009326693284218639
2019-01-14,0.06182374585595096,1,0.03724,0,0,-2.808861128301187,-1.2128435032615241,-0.3356473787250415,-0.2339355818046613,-0.17365431654075225,-0.0749825285086817,-0.02075097823951309,-0.014462773956155407,-1.9637120177610004,-0.12140403272033275,0.04327287561551853,-0.0598504647224799
2019-01-15,0.03458213256484144,1,0.04503,0,1,-2.808861128301187,-1.352480090808081,-0.3356473787250415,4.477418228493867,-0.09713640789514175,-0.04677164579163384,-0.011607402146110926,0.1548386707260124,-2.0266415319331186,-0.07008558611872444,0.02756542012537234,0.1251584354498341
2019-01-16,0.040008634957185096,1,0.04698,0,1,-2.808861128301187,-1.3883866418914814,-0.3356473787250415,4.477418228493867,-0.11237869952762923,-0.05554745433486835,-0.013428793449746242,0.17913539145445748,-2.0428234070059483,-0.08173057597289414,0.03242316799734666,0.14459740830630485
2019-01-17,0.05086077576969794,1,0.05176,0,1,-2.808861128301187,-1.4881270615675934,-0.3356473787250415,4.477418228493867,-0.14286085601474743,-0.07568729679520886,-0.01707128606702122,0.22772496454658472,-2.087773059986033,-0.10618575746196575,0.04355636763308089,0.18205378176269787
2019-01-18,0.07693965517241375,1,0.04772,0,0,-2.808861128301187,-1.4043451090396595,-0.3356473787250415,-0.2339355818046613,-0.2161128066386903,-0.10804982843257718,-0.025824593578629255,-0.01799892299660863,-2.050015351482762,-0.15772747424123829,0.061527031058310054,-0.08164076920572465
2019-01-21,0.08650767957987138,0,0.03987,0,0,0.35842238355926587,-1.2607189047060576,-0.3356473787250415,-0.2339355818046613,0.031006288711198732,-0.10906186704859804,-0.02903607589056963,-0.020237224353088428,-0.5578996848895168,-0.04826260717813353,0.05830846302304818,-0.08066050252694257
2019-01-22,0.0767397182296854,1,0.05004,0,0,-2.808861128301187,-1.4482308936971486,-0.3356473787250415,-0.2339355818046613,-0.21555121153214926,-0.11113683071384464,-0.025757485267892188,-0.017952150631587227,-2.0697931987939993,-0.1588353468691707,0.06321608008756767,-0.08328304586996085
2019-01-23,0.09218755521006328,1,0.0531,0,0,-2.808861128301187,-1.539992079799172,-0.3356473787250415,-0.2339355818046613,-0.25894204034266627,-0.14196810487954634,-0.030942511257327783,-0.02156594936321549,-2.111146879535677,-0.19462146951374804,0.08024854732599743,-0.10392931184001888
2019-01-24,0.08205846315420962,1,0.0635,0,1,-2.808861128301187,-1.6556909666234618,-0.3356473787250415,4.477418228493867,-0.23049082740199459,-0.13586345617942905,-0.02754270805991586,0.36741005872885046,-2.163288476992575,-0.17751612778122144,0.07680995098810214,0.2884852925899424
2019-01-25,0.08178767002296405,1,0.04848,0,0,-2.808861128301187,-1.416313959400793,-0.3356473787250415,-0.2339355818046613,-0.22973020710182798,-0.11583701876038976,-0.02745181705523654,-0.019133046171269753,-2.0554093098403725,-0.16810713839535266,0.06583784771091891,-0.08708570903299463
2019-01-28,0.0953222784004526,0,0.04798,0,0,0.35842238355926587,-1.4123243426137482,-0.3356473787250415,-0.2339355818046613,0.03416563823059014,-0.1346259741783639,-0.03199467287921056,-0.02229927265655578,-0.626223157419245,-0.05969301815232772,0.07200021216717627,-0.09641429997453801
2019-01-29,0.07476336203828904,0,0.0408,0,0,0.35842238355926587,-1.2766773718542357,-0.3356473787250415,-0.2339355818046613,0.026796862424667892,-0.09544869255802958,-0.025094126492822992,-0.017489810596099675,-0.5650916293663303,-0.0422481500711216,0.05126629257709276,-0.0708709183239984
2019-01-30,0.05593671240548881,1,0.05531,0,0,-2.808861128301187,-1.567919397308483,-0.3356473787250415,-0.2339355818046613,-0.1571184571207403,-0.08770425640223196,-0.018775010893398832,-0.013085587360818041,-2.1237327823701,-0.11879462987354485,0.05018619122991079,-0.0653865937415348
2019-01-31,0.12471994025392075,0,0.04204,0,0,0.35842238355926587,-1.304604689363547,-0.3356473787250415,-0.2339355818046613,0.04470241826317951,-0.16271021891240642,-0.04186192102097229,-0.02917643178594355,-0.5776775322007539,-0.0720479073021104,0.08634591480154238,-0.11763716173829189
2019-02-01,-0.05833443315296294,0,0.05239,0,0,0.35842238355926587,-1.524033612650994,-0.3356473787250415,-0.2339355818046613,-0.020908366574263638,0.08890363690005802,0.01957979957720317,0.013646499558883508,-0.6765667687569394,0.03946713894556782,-0.04501593423225337,0.056547618640330914
2019-02-04,0.036069430088747856,0,0.05199,0,0,0.35842238355926587,-1.500095911928727,-0.3356473787250415,-0.2339355818046613,0.01292809110603331,-0.05410760462172968,-0.01210660966139436,-0.008437923113173786,-0.6657788520417192,-0.02401426375828559,0.02998719962754367,-0.04053993789152342
2019-02-05,-0.008509782900026908,0,0.04967,0,0,0.35842238355926587,-1.4262880013684038,-0.3356473787250415,-0.2339355818046613,-0.003050096670599526,0.012137401244558397,0.0028562863239132135,0.0019907410137491527,-0.6325161088364567,0.005382574766968038,-0.004725408871260057,0.004601334734203244
2019-02-07,-0.07763856592510332,1,0.06848,0,1,-2.808861128301187,-1.6716494337716399,-0.3356473787250415,4.477418228493867,0.21807594988407178,0.1297844647675411,0.026059181140732256,-0.34762033030718037,-2.170480421469388,0.1685129872913971,-0.07019369136875059,-0.27954145408923575
2019-02-08,0.029546124373710514,0,0.05685,0,0,0.35842238355926587,-1.5958467148177948,-0.3356473787250415,-0.2339355818046613,0.010589992322963844,-0.0471510855173839,-0.009917079197519994,-0.006911889795436854,-0.7089305189026002,-0.020946149283815357,0.02640697028304391,-0.035433675229286726
2019-02-12,-0.055422499578343776,0,0.07139,0,0,0.35842238355926587,-1.6836182841327734,-0.3356473787250415,-0.2339355818046613,-0.019864664401682382,0.0933103336424405,0.018602416705860807,0.012965294683928447,-0.7484862135250743,0.04148297685348956,-0.04753249641209123,0.05838297594521371
2019-02-13,-0.036955322669608326,0,0.05014,0,0,0.35842238355926587,-1.452220510484193,-0.3356473787250415,-0.2339355818046613,-0.013245614836442788,0.05366727755236667,0.012403957183992138,0.008645164909493814,-0.6442030186112787,0.023806730417515503,-0.02646962047491089,0.03299997023359874
2019-02-14,-0.01254692061726681,0,0.03338,0,0,0.35842238355926587,-1.1290615507335897,-0.3356473787250415,-0.2339355818046613,-0.004497097193969665,0.014166245649062513,0.0042113410162567845,0.0029351711744572116,-0.49856614295580554,0.006255469818123388,-0.005694229811074866,0.006514585834726113
2019-02-15,-0.013784981989470868,0,0.03844,0,0,0.35842238355926587,-1.2367812039837907,-0.3356473787250415,-0.2339355818046613,-0.004940846101987699,0.01704900662183265,0.004626893070537805,0.003224797781873645,-0.5471117681742965,0.007541925870510238,-0.007229578562898392,0.008339561193966071
2019-02-18,-0.008973182420719872,0,0.05462,0,0,0.35842238355926587,-1.5559505469473496,-0.3356473787250415,-0.2339355818046613,-0.0032161894313465196,0.013961828095377427,0.003011825158336248,0.0020991466502304624,-0.6909506577105663,0.006200026295353287,-0.005708391479129158,0.0056927229785536555
2019-02-19,-0.011930947143904524,0,0.07156,0,1,0.35842238355926587,-1.687607900919818,-0.3356473787250415,4.477418228493867,-0.004276318513437875,0.020134760665510013,0.004004591134558574,-0.05341984022531495,-0.7502841996442778,0.008951601128862589,-0.008985250789745394,-0.04654940458637552
2019-02-20,-0.0005614452260642722,1,0.07621,0,1,-2.808861128301187,-1.7115456016420845,-0.3356473787250415,4.477418228493867,0.0015770216711622064,0.0009609391072332508,0.0001884476184261613,-0.002513825089481032,-2.188460282661422,0.001228700578131523,0.0010909501268435034,-0.0057195903671305014
2019-02-21,0.0040943009971603495,0,0.07501,0,0,0.35842238355926587,-1.7035663680679958,-0.3356473787250415,-0.2339355818046613,0.0014674891224112914,-0.00697491347950963,-0.001374241397408195,-0.0009578026858541114,-0.7574761441210912,-0.0031013353322001604,0.005298595343424026,-0.008371213180084103
2019-02-22,-0.018300780617368062,1,0.09372,0,1,-2.808861128301187,-1.7275040687902627,-0.3356473787250415,4.477418228493867,0.051404351293692946,0.03161467297854131,0.006142609042841637,-0.081940248731871,-2.1956522271382353,0.040182149720892436,-0.015865703369347527,-0.06818936051332944
2019-02-25,-0.012905317769130842,1,0.08968,0,0,-2.808861128301187,-1.7195248352161738,-0.3356473787250415,-0.2339355818046613,0.03624924543008621,0.02219101441037707,0.0043316360808224675,0.0030190130206956575,-2.1920562548998284,0.02828918253729316,-0.01065338310628911,0.011557580976178802
2019-02-26,-0.003750570739025405,0,0.07614,0,0,0.35842238355926587,-1.7075559848550403,-0.3356473787250415,-0.2339355818046613,-0.001344288503989123,0.006404309512045022,0.001258869237276719,0.0008773919479334467,-0.7592741302402946,0.002847711335778213,-0.0017530550157220297,0.0005156318128495107
2019-02-27,-0.0012598119972865307,0,0.08498,0,0,0.35842238355926587,-1.7155352184291293,-0.3356473787250415,-0.2339355818046613,-0.00045154481890399774,0.002161251849944586,0.00042285259457558314,0.000294714852549717,-0.7628701024787014,0.0009610729074738731,0.0004831893313570699,-0.0023032896296133185
2019-02-28,-0.10080311993918767,0,0.05541,0,0,0.35842238355926587,-1.575898630882572,-0.3356473787250415,-0.2339355818046613,-0.0361300945188142,0.15885549870085755,0.03383430297489431,0.02358143651069892,-0.6999405883065831,0.07055619507337407,-0.08183347894600441,0.10330010030589737
2019-03-01,-0.05010597430123198,0,0.05188,0,0,0.35842238355926587,-1.4961062951416824,-0.3356473787250415,-0.2339355818046613,-0.017959102739606887,0.07496386357628053,0.016817938932672808,0.011721570250048111,-0.6639808659225158,0.03326940820442333,-0.03767077833970878,0.04727753343895092
2019-03-04,0.062155617169129096,0,0.05301,0,0,0.35842238355926587,-1.5360024630121274,-0.3356473787250415,-0.2339355818046613,0.02227796445735648,-0.09547118106182116,-0.020862369975855367,-0.01454041046488801,-0.6819607271145495,-0.04238768987891285,0.051723591245202614,-0.06837881686089659
2019-03-05,0.04368461165384874,0,0.03391,0,0,0.35842238355926587,-1.1410304010947232,-0.3356473787250415,-0.2339355818046613,0.015657542633833347,-0.04984546995705824,-0.01466262539223573,-0.010219385043153792,-0.5039601013134157,-0.02201530131491083,0.027383824511788273,-0.039718024705748034
2019-03-06,-0.06407462889827065,0,0.02651,0,0,0.35842238355926587,-0.9176118610202321,-0.3356473787250415,-0.2339355818046613,-0.022965781215393583,0.05879563946752287,0.021506481232484338,0.01498933559023471,-0.40327287863802697,0.025839560043468913,-0.02832154885614897,0.04119606929557772
2019-03-07,-0.011564625850340127,0,0.02281,0,0,0.35842238355926587,-0.7819648902607195,-0.3356473787250415,-0.2339355818046613,-0.00414502076225001,0.009043131383967496,0.003881636352602518,0.0027053774766525435,-0.3421413505851122,0.0039567367074468725,-0.002922690485314252,0.0035132528111608296
2019-03-12,-0.1144844374891324,0,-0.00199,0,0,0.35842238355926587,0.5964477096631506,-0.3356473787250415,-0.2339355818046613,-0.04103378496529661,-0.06828398053246716,0.03842640134803816,0.026781983491599565,0.2790628535996529,-0.03194835381846837,0.04306605361014899,-0.01839888526935539
2019-03-13,-0.036994592271604176,0,-0.02977,1,0,0.35842238355926587,1.3325320068728586,3.0442436675061906,-0.2339355818046613,-0.013259689940791564,-0.049296478283123855,-0.11262055325480447,0.00865435146668395,2.1339945248623504,-0.07894625735711834,0.01866479394088154,-0.012125257625003555
2019-03-14,0.0128333452491598,0,-0.02676,1,0,0.35842238355926587,1.2647085214931022,3.0442436675061906,-0.2339355818046613,0.0045997581932428365,0.016230441095875417,0.03906783000767538,-0.003002176087362284,2.103428760835893,0.026994027494819394,-0.003812587188663652,-0.0013044040495045982
2019-03-15,-0.003891189490218605,0,-0.02795,1,0,0.35842238355926587,1.2926358390024137,3.0442436675061906,-0.2339355818046613,-0.001394689411964917,-0.005029890991406101,-0.011845728964664631,0.0009102876773064728,2.1160146636703168,-0.008233814020422394,0.0033300726092328962,-0.004534600082732389
2019-03-18,-0.031190593536576827,0,-0.01098,1,0,0.35842238355926587,0.9854353463999883,3.0442436675061906,-0.2339355818046613,-0.011179406880008099,-0.03073631334613782,-0.09495176685948352,0.007296589645811809,1.9775697324916568,-0.06168157371638423,0.010061003775742063,-0.00487922928073622
2019-03-19,-0.029999649945741558,0,-0.00844,1,0,0.35842238355926587,0.9016533938720539,3.0442436675061906,-0.2339355818046613,-0.01075254603949629,-0.027049286188551454,-0.09132624437472617,0.007017985563993227,1.939812023988386,-0.058193681680192004,0.008362058488006955,-0.003458888074819693
2019-03-20,-0.03543576412641958,0,0.01473,0,0,0.35842238355926587,-0.33512781011173676,-0.3356473787250415,-0.2339355818046613,-0.012700971041435232,0.011875510031323033,0.011893921342151592,0.00828968609760671,-0.14076690523433444,0.004988182850689932,-0.003631625354347658,0.009806496301148403
2019-03-21,-0.05519009546941944,0,0.03053,0,0,0.35842238355926587,-1.0652276821408782,-0.3356473787250415,-0.2339355818046613,-0.01978136556701276,0.05879001747402345,0.018524410875895427,0.01291092709349344,-0.4697983650485517,0.025928216618406736,-0.028632042039698966,0.039428153982386444
2019-03-22,-0.07925784339572906,0,0.04974,0,0,0.35842238355926587,-1.4322724265489706,-0.3356473787250415,-0.2339355818046613,-0.028407785145664225,0.11351882368343916,0.0266026873791763,0.01854122970736261,-0.6352130880152618,0.05034561945283107,-0.057760537006881024,0.07418695156343766
2019-03-25,-0.11026653504442252,0,0.05261,0,0,0.35842238355926587,-1.5320128462250828,-0.3356473787250415,-0.2339355818046613,-0.03952199431744324,0.16892974819678358,0.03701067344875335,0.02579526602920106,-0.6801627409953461,0.07499918871587381,-0.0870176901347547,0.11069814101314979
2019-03-26,-0.10475718533201184,0,0.04706,0,0,0.35842238355926587,-1.392376258678526,-0.3356473787250415,-0.2339355818046613,-0.03754732006165945,0.1458614177822796,0.035161474659303145,0.024506433098862922,-0.6172332268232282,0.06465961553539662,-0.07457635761859752,0.09696797556665447
2019-03-27,-0.1019081086406779,0,0.04956,0,0,0.35842238355926587,-1.420303576187837,-0.3356473787250415,-0.2339355818046613,-0.03652614720300839,0.14474045114489345,0.03420518953607029,0.023839932685469616,-0.6298191296576517,0.06418367628912917,-0.0740628990840348,0.09578801661869844
2019-03-28,-0.10347871575230505,1,0.05099,0,0,-2.808861128301187,-1.468178977632371,-0.3356473787250415,-0.2339355818046613,0.29065734228317736,0.15192527509992995,0.03473235969609485,0.024207353573914653,-2.0787831293900165,0.2151098085568367,-0.08256312835024271,0.10465566677335139
2019-03-29,0.02583778173190998,1,0.0611,0,0,-2.808861128301187,-1.623774032327106,-0.3356473787250415,-0.2339355818046613,-0.07257474074829247,-0.04195471902921111,-0.008672383710385348,-0.006044376501996211,-2.1489045880389477,-0.05552292770845026,0.024845132123579524,-0.0330043237763817
2019-04-01,-0.0017057123960038112,0,0.04185,0,0,0.35842238355926587,-1.296625455789458,-0.3356473787250415,-0.2339355818046613,-0.0006113655026422724,0.0022116701129141704,0.0005725178945774893,0.0003990268217505744,-0.5740815599623472,0.000979218033144981,0.00047131020898334193,-0.002187098538038733
2019-04-02,-0.014962923728813471,1,0.03315,0,0,-2.808861128301187,-1.1250719339465451,-0.3356473787250415,-0.2339355818046613,0.042028774827599605,0.016834365537070822,0.005022266127638965,0.0035003602679987518,-1.9241563231385261,0.028791004305435932,-0.007738501741404423,0.00912404685859721
2019-04-03,-0.022823638531866974,1,0.02932,0,0,-2.808861128301187,-1.0293211310574777,-0.3356473787250415,-0.2339355818046613,0.0641084310785583,0.023492853428468345,0.007660694446189005,0.005339261158851587,-1.8810046562776455,0.042931370351639665,-0.011459247493898124,0.014683693501943745
2019-04-04,0.07152506480703935,1,0.02837,0,0,-2.808861128301187,-0.9854353463999883,-0.3356473787250415,-0.2339355818046613,-0.20090397423571607,-0.07048332701440643,-0.024007200515621475,-0.016732257649250855,-1.8612268089664081,-0.13312436813192138,0.04089916439013627,-0.05974623719019309
2019-04-09,0.09797799017554532,0,0.02639,0,0,0.35842238355926587,-0.9056430106590986,-0.3356473787250415,-0.2339355818046613,0.035117504775065284,-0.08873308200090844,-0.03288605557516966,-0.022920538135767582,-0.3978789202804168,-0.03898337694229126,0.046768444855670124,-0.07180379814224366
2019-04-10,0.07148216895067327,0,0.00751,0,0,0.35842238355926587,0.03989616787044488,-0.3356473787250415,-0.2339355818046613,0.02562080937728646,0.0028518646121995636,-0.023992802633874037,-0.01672222278213485,0.028243789970782484,0.002018927366498805,-0.0024624681837404853,-0.016374569749200332
2019-04-11,0.032579185520361875,0,-0.01309,1,0,0.35842238355926587,1.0353055562380444,3.0442436675061906,-0.2339355818046613,0.011677109328627625,0.033729411786940694,0.09917897921287101,-0.007621430719427853,2.000044558981699,0.06515982273605513,-0.008081512070884804,-0.0016547337993490143
2019-04-12,-0.04349937560704853,0,-0.01778,1,0,0.35842238355926587,1.1310563591271119,3.0442436675061906,-0.2339355818046613,-0.01559114988841812,-0.04920024539841101,-0.13242269873223075,0.01017605174077439,2.04319622584258,-0.08887776006683035,0.01686078540944778,-0.008799548819479357
2019-04-15,-0.006675899293348886,0,-0.03388,1,0,0.35842238355926587,1.3923762586785258,3.0442436675061906,-0.2339355818046613,-0.0023927917371237262,-0.009295363681387735,-0.0203230641486864,0.0015617303852588989,2.160964316650401,-0.01442638015447857,0.0049167709733925116,-0.005469855738939579
2019-04-16,-0.0008265947888590475,0,-0.04673,1,0,0.35842238355926587,1.581883056063139,3.0442436675061906,-0.2339355818046613,-0.0002962700744605279,-0.001307576290726215,-0.002516355951577772,0.00019336993284844244,2.246368657312561,-0.0018568366259908585,0.0021162454539052945,-0.004037690671862818
2019-04-17,-0.004885463033329596,0,-0.05761,1,0,0.35842238355926587,1.6676598169845955,3.0442436675061906,-0.2339355818046613,-0.001751059305196675,-0.008147290388047441,-0.014872539902049207,0.0011428836370871245,2.2850253588754335,-0.011163406921006622,0.004769951646324716,-0.005741883160043557
2019-04-18,-0.019457504520795643,0,-0.04919,1,0,0.35842238355926587,1.5998363316048392,3.0442436675061906,-0.2339355818046613,-0.006974005148458765,-0.031128822654734278,-0.05923338492290521,0.004551802640539156,2.254459594848976,-0.043866157758725065,0.01343492680591883,-0.010997939316185638
2019-04-19,-0.027162334895611373,0,-0.03115,1,0,0.35842238355926587,1.3484904740210364,3.0442436675061906,-0.2339355818046613,-0.009735588816320051,-0.036628149858901116,-0.08268876600064734,0.006354236616977901,2.141186469339164,-0.05815962395414208,0.014372820033010965,-0.010133398566839029
2019-04-22,-0.02329896171548851,0,-0.03635,1,0,0.35842238355926587,1.4322724265489706,3.0442436675061906,-0.2339355818046613,-0.008350869392521474,-0.03337046043231429,-0.07092771666184507,0.005450456164357334,2.1789441778424345,-0.05076713697973747,0.013628550255448398,-0.01029290924189703
2019-04-23,-0.00649980249218951,0,-0.03723,1,0,0.35842238355926587,1.4601997440582821,3.0442436675061906,-0.2339355818046613,-0.002329674701915021,-0.009491009935524507,-0.01978698257688887,0.0015205350776257406,2.1915300806768583,-0.014244512680091722,0.005071347993552685,-0.00566562806673291
2019-04-24,0.034359182768685104,0,-0.06575,1,0,0.35842238355926587,1.6955871344939069,3.0442436675061906,-0.2339355818046613,0.012315100185100571,0.0582589882543072,0.10459772456425745,-0.008037835411325044,2.297611261709857,0.07894404527247817,-0.021038464391996647,0.010885813829865637
2019-04-25,0.04597998301141204,0,-0.06133,1,0,0.35842238355926587,1.6836182841327734,3.0442436675061906,-0.2339355818046613,0.016480255106964856,0.0774127401021276,0.13997427211453334,-0.01075635407714312,2.292217303352247,0.10539611266660102,-0.02840132468924403,0.015530155461294944
2019-04-26,0.04098540948749907,0,-0.05081,1,0,0.35842238355926587,1.6277636491141505,3.0442436675061906,-0.2339355818046613,0.014690088159661966,0.0667145597078092,0.12476957329246718,-0.009587945613960381,2.2670454976834,0.09291578804934526,-0.02388604830804774,0.012183287543281393
2019-04-29,0.016411977096174146,0,-0.0464,1,0,0.35842238355926587,1.5719090140955279,3.0442436675061906,-0.2339355818046613,0.005882419949730816,0.025798134736605485,0.04996205734628478,-0.003839345410558275,2.2418736920145528,0.03679357968585821,-0.008089851381578476,0.002135690820214235
2019-04-30,-0.0008355382258738997,0,-0.03622,1,0,0.35842238355926587,1.4282828097619262,3.0442436675061906,-0.2339355818046613,-0.0002994756024726034,-0.0011933848849146685,-0.0025435819530759763,0.00019546212098984524,2.1771461917232315,-0.001819088866500546,0.0020512887424845084,-0.003970641772300628
2019-05-02,-0.04368097348059008,0,-0.00567,0,0,0.35842238355926587,0.8098922077700309,-0.3356473787250415,-0.2339355818046613,-0.015656238631102177,-0.03537688004973927,0.014661404248918113,0.010218533944975822,0.37525511097703335,-0.016391508551043682,0.022542089930901236,-0.01443837113673138
2019-05-03,0.01437096995472631,0,-0.00457,0,0,0.35842238355926587,0.7420687223902745,-0.3356473787250415,-0.2339355818046613,0.0051508773052315986,0.010664247313812774,-0.004823578395040214,-0.0033618812174562064,0.344689346950576,0.0049535202487409604,-0.004726040514613098,-0.0007506558536490744
2019-05-06,-0.0635826370491136,0,-0.03696,0,0,0.35842238355926587,1.4562101272712376,-0.3356473787250415,-0.2339355818046613,-0.022789440324126983,-0.09258967998953062,0.021341345457960688,0.014874241190759004,0.6665288622879796,-0.04237966273361523,0.05458306949876785,-0.04182364345881481
2019-05-07,0.045320980398935395,0,-0.02688,0,0,0.35842238355926587,1.2686981382801468,-0.3356473787250415,-0.2339355818046613,0.016244053819829192,0.05749864345716036,-0.015211868272151652,-0.010602189917582603,0.5820235146854211,0.026377876300777457,-0.031472145947962625,0.018755140879574056
2019-05-08,-0.04926467904973908,0,-0.03764,0,0,0.35842238355926587,1.4721685944194154,-0.3356473787250415,-0.2339355818046613,-0.01765756369028971,-0.072525913311178,0.01653556038677539,0.01152476135592062,0.6737208067647931,-0.033190639314398813,0.0430877108363445,-0.033677764631229845
2019-05-09,-0.012579084480833669,0,-0.04922,0,0,0.35842238355926587,1.6038259483918835,-0.3356473787250415,-0.2339355818046613,-0.004508625442613774,-0.020174662097374684,0.004222136732752671,0.0029426954465938105,0.7330543486985043,-0.009221152581320988,0.01311729051888033,-0.012289410223092484
2019-05-13,0.1224594052180259,0,-0.03548,0,0,0.35842238355926587,1.420303576187837,-0.3356473787250415,-0.2339355818046613,0.04389219190749484,0.17392953116899765,-0.04110317836165806,-0.028647612207131665,0.6503469872151493,0.07964110523970228,-0.09797022348220429,0.06720779612426665
2019-05-14,0.11044678769431449,0,-0.02769,0,0,0.35842238355926587,1.2806669886412803,-0.3356473787250415,-0.2339355818046613,0.03958660090186039,0.14144555500158054,-0.03707117477819783,-0.025837433537725368,0.5874174730430313,0.06487837293311438,-0.07975300495558284,0.0518007562670515
2019-05-15,0.08484437464306094,0,-0.01309,0,0,0.35842238355926587,1.0353055562380444,-0.3356473787250415,-0.2339355818046613,0.030410122991161238,0.08783985248350323,-0.028477791948508784,-0.019848118144977115,0.4768413267120239,0.04045730416884918,-0.04948662556982166,0.02752369227403858
2019-05-16,0.10208055385281067,0,-0.01839,0,0,0.35842238355926587,1.1450200178817675,-0.3356473787250415,-0.2339355818046613,0.036587955426974406,0.11688427759792601,-0.03426307031949634,-0.023880273756499325,0.5262859449901165,0.05372356074954094,-0.06600417621395477,0.040009087306649475
2019-05-17,0.10487176696775125,0,-0.02801,0,0,0.35842238355926587,1.296625455789458,-0.3356473787250415,-0.2339355818046613,0.037588388684653286,0.1359794026440063,-0.0351999336849891,-0.02453323782048375,0.5946094175198448,0.06235774027097146,-0.0765621296677201,0.04991407669643038
2019-05-20,0.10890870238007522,0,-0.04009,0,0,0.35842238355926587,1.524033612650994,-0.3356473787250415,-0.2339355818046613,0.03903531669741325,0.16598052313743794,-0.03655492047421794,-0.0254776206548736,0.697094626314437,0.07591967118802877,-0.09313785748381935,0.06554542167813979
2019-05-21,0.09069003285870769,0,-0.02879,0,0,0.35842238355926587,1.320563156511725,-0.3356473787250415,-0.2339355818046613,0.03250533774228615,0.1197619160560471,-0.030439871805513122,-0.021215625600685635,0.6053973342350649,0.054903504134352084,-0.06717839596717266,0.043847955215681064
2019-05-22,0.09217938400760839,0,-0.02854,0,0,0.35842238355926587,1.3125839229376361,-0.3356473787250415,-0.2339355818046613,0.03303915453103187,0.12099317747468143,-0.03093976861464277,-0.02156403782821516,0.6018013619966582,0.05547367884379171,-0.06790539037523284,0.04422653739621171
2019-05-23,0.08318846878168906,0,-0.01748,0,0,0.35842238355926587,1.1250719339465451,-0.3356473787250415,-0.2339355818046613,0.02981660926537857,0.09359301145426671,-0.027921991486723884,-0.019460742843883334,0.5172960143940997,0.04303306334431574,-0.05257950011207945,0.031003942117390153
2019-05-24,0.06953300324154865,0,-0.0055,0,0,0.35842238355926587,0.7939337406218527,-0.3356473787250415,-0.2339355818046613,0.024922184757870027,0.055204597360234135,-0.02333857027290562,-0.016266243567937086,0.3680631665002198,0.025592537349354447,-0.031070116384563133,0.012689057665820083
2019-05-27,0.06153900658966904,0,0.0058,0,0,0.35842238355926587,0.14562101272712372,-0.3356473787250415,-0.2339355818046613,0.022056957423738546,0.008961372461808746,-0.02065540625116547,-0.014396163310235114,0.07589042212967184,0.004670221187530641,-0.00545804217748363,-0.01105293628355745
2019-05-28,0.0526130440907171,0,0.0081,0,0,0.35842238355926587,-0.011968850361133482,-0.3356473787250415,-0.2339355818046613,0.01885769266930357,-0.0006297176517655112,-0.01765943033579423,-0.012308063079876202,0.004869970421138631,0.00025622396848785494,0.00011055500163863995,-0.014533433232320809
2019-05-29,-0.03279158015321815,0,-0.0102,0,0,0.35842238355926587,0.9614976456777213,-0.3356473787250415,-0.2339355818046613,-0.011753236319191165,-0.03152902711537154,0.011006407922679767,0.007671117381437272,0.4435785835067615,-0.014545642675312939,0.02005007873544758,-0.014493776504816274
2019-05-30,0.01938307628178393,0,0.01854,0,0,0.35842238355926587,-0.5146605655287386,-0.3356473787250415,-0.2339355818046613,0.0069473284016280685,-0.009975705000869597,-0.0065058787456083,-0.004534391227143254,-0.22167628059848618,-0.004296768256702596,0.0064026869004767395,-0.01305189327842596
2019-05-31,-0.008771045468293215,0,0.02533,0,1,0.35842238355926587,-0.8737260763627427,-0.3356473787250415,4.477418228493867,-0.0031437390230523513,0.007663491142611046,0.002943978420110772,-0.03927163886268456,-0.38349503132678986,0.0033636523566318048,-0.00226558363354077,-0.039120870379949754
2019-06-03,-0.021243669105233565,0,0.02934,0,1,0.35842238355926587,-1.0333107478445218,-0.3356473787250415,4.477418228493867,-0.007614206516242151,0.02195131161009046,0.007130381849673794,-0.09511679129186475,-0.4554144760949245,0.009674674435893878,-0.009651589423657087,-0.08758001701901363
2019-06-05,-0.036658083751185955,1,0.04157,0,1,-2.808861128301187,-1.2886462222153692,-0.3356473787250415,4.477418228493867,0.10296746648671558,0.04723930113962039,0.012304189720168604,-0.1641335724092148,-1.9978737540258646,0.07323822339937644,-0.024595877779766313,-0.14165250978025445
2019-06-06,0.006123768590011736,1,0.06484,0,1,-2.808861128301187,-1.6596805834105064,-0.3356473787250415,4.477418228493867,-0.017200815551195733,-0.010163499826141611,-0.0020554268751561827,0.02741867311199673,-2.165086463111778,-0.013258488477463507,0.00724694477726311,0.018056913183927655
2019-06-11,-0.002432998951939047,1,0.05494,0,0,-2.808861128301187,-1.5599401637343944,-0.3356473787250415,-0.2339355818046613,0.006833956181299117,0.003795332783453407,0.0008166297206591144,0.0005691650253519922,-2.1201368101316937,0.005158290637017805,-0.00047910819975822917,-0.0010665419256957443
2019-06-12,-0.03657251958654273,1,0.06344,0,0,-2.808861128301187,-1.6517013498364175,-0.3356473787250415,-0.2339355818046613,0.10272712863067367,0.060406879968011445,0.012275470332593305,0.008555613647540245,-2.1614904908733714,0.07905115331359223,-0.031807677345958116,0.03824847584269239
2019-06-13,-0.051907157928907655,1,0.07,0,0,-2.808861128301187,-1.6756390505586845,-0.3356473787250415,-0.2339355818046613,0.14579999818709946,0.08697766082919452,0.01742250149590461,0.012142931189925451,-2.1722784075885917,0.11275679836825706,-0.04650538154224134,0.05653349758136082
2019-06-14,-0.04989224841637818,1,0.06321,0,0,-2.808861128301187,-1.6437221162623283,-0.3356473787250415,-0.2339355818046613,0.14014039718031113,0.08200899215205494,0.016746202399655942,0.011671572160828122,-2.1578945186349645,0.10766220938007647,-0.04376492362606108,0.05332168063608324
2019-06-17,-0.046242394343035675,1,0.05222,0,0,-2.808861128301187,-1.516054379076905,-0.3356473787250415,-0.2339355818046613,0.1298884639497276,0.07010598444276034,0.015521138447209613,0.01081774142467863,-2.100358962820457,0.09712562742067299,-0.03721085730749489,0.04591378358136755
2019-06-18,-0.04694666491940758,1,0.05574,0,0,-2.808861128301187,-1.5798882476696166,-0.3356473787250415,-0.2339355818046613,0.1318666621955049,0.0741704841734555,0.015757525020082017,0.010982495371710095,-2.1291267407277106,0.0999553996678942,-0.039443792901420895,0.048311473122325026
2019-06-19,-0.04685447859206715,1,0.04993,0,0,-2.808861128301187,-1.444241276910104,-0.3356473787250415,-0.2339355818046613,0.13160772360407755,0.0676691719907642,0.01572658292095591,0.010960929709589277,-2.0679952126747954,0.09689483742076856,-0.03588180789060204,0.04472792244938535
2019-06-20,-0.03256960170507517,0,0.036,0,0,0.35842238355926587,-1.1809265689651678,-0.3356473787250415,-0.2339355818046613,-0.011673674274708971,0.038462307994136496,0.010931901438427124,0.0076191887240228484,-0.5219399625054493,0.01699937669276435,-0.01829582128435412,0.023800194857571004
2019-06-21,-0.026077665364452884,0,0.02715,0,0,0.35842238355926587,-0.9455391785295432,-0.3356473787250415,-0.2339355818046613,-0.009346818977588114,0.0246574542866731,0.008752900022847416,0.006100493819140551,-0.4158587814724504,0.010844626142107702,-0.010963279009157464,0.01494895767749205
2019-06-24,-0.026445449974861868,0,0.02553,0,0,0.35842238355926587,-0.8777156931497869,-0.3356473787250415,-0.2339355818046613,-0.009478641214287318,0.0232115864553439,0.008876345963266601,0.006186531725955377,-0.3852930174459931,0.01018924721853159,-0.010158317796330663,0.014230034371480075
2019-06-25,-0.03142026272687781,0,0.02618,0,0,0.35842238355926587,-0.9016533938720539,-0.3356473787250415,-0.2339355818046613,-0.011261725458625905,0.028330186524040974,0.010546128823128663,0.007350317441467475,-0.3960809341612133,0.012444967012452516,-0.012786471652640663,0.018021973943302173
2019-06-26,-0.03173230441724306,0,0.02894,0,0,0.35842238355926587,-1.0053834303352107,-0.3356473787250415,-0.2339355818046613,-0.01137356818505648,0.03190313306744899,0.01065086479855269,0.00742331509585038,-0.4428285732605011,0.014051971091355643,-0.01473255576413574,0.020041055709180154
2019-06-27,-0.032770439725798406,0,0.02574,0,0,0.35842238355926587,-0.8896845435109204,-0.3356473787250415,-0.2339355818046613,-0.01174565911680592,0.029155353708099088,0.010999312193631204,0.007666171883249236,-0.39068697580360323,0.01280298399222644,-0.01319080721131015,0.018742163943753422
2019-06-28,0.06052032042331157,0,0.02231,0,0,0.35842238355926587,-0.7540375727514079,-0.3356473787250415,-0.2339355818046613,0.02169183749989385,-0.045634595514131314,-0.020313486909684122,-0.014157856369231918,-0.32955544775068857,-0.019944801295119587,0.02448309611781953,-0.04075576763785742
2019-07-01,-0.05801953542953786,0,0.01951,0,0,0.35842238355926587,-0.5864736676955395,-0.3356473787250415,-0.2339355818046613,-0.020795500181656233,0.03402692974135237,0.019474104981769057,0.0135728337767451,-0.25404003074414694,0.01473928456428092,-0.01496808759941822,0.026426106225357356
2019-07-02,-0.014096916299559559,0,0.0021,1,0,0.35842238355926587,0.3431070436858258,3.0442436675061906,-0.2339355818046613,-0.005052650340923603,-0.004836751276628411,-0.04291444817629899,0.0032977703161890786,1.688093967299914,-0.02379691936281832,0.0004765701108896812,0.0007063850544934316
2019-07-03,-0.0030838442840039892,0,0.01084,1,0,0.35842238355926587,-0.15160543790769065,3.0442436675061906,-0.2339355818046613,-0.0011053188187983274,0.00046752756311555356,-0.009387973433154307,0.0007214209067734524,1.465143688518696,-0.004518274989082902,0.0005362003701462309,-0.0019295946141787443
2019-07-05,0.013048180581237245,0,0.00204,1,0,0.35842238355926587,0.3470966604728704,3.0442436675061906,-0.2339355818046613,0.0046767599850387805,0.004528979904994405,0.039721841106908726,-0.0030524337157640186,1.6898919534191175,0.022050015370992403,0.0026547808526800726,-0.007822029719250057
2019-07-08,0.08414648146022286,0,-0.00824,1,0,0.35842238355926587,0.8936741602979651,3.0442436675061906,-0.2339355818046613,0.03015998245309865,0.07519953616099295,0.2561623933282105,-0.01968485609721238,1.9362160517499793,0.16292576810156553,-0.016913385479556564,-0.004886285768461784
2019-07-10,0.08095946306677337,0,-0.01327,1,0,0.35842238355926587,1.047274406599178,3.0442436675061906,-0.2339355818046613,0.029017683724071264,0.08478677364184314,0.24646033276572615,-0.018939299095118618,2.0054385173393094,0.16235922557721658,-0.023022885185428527,0.0019687709395039416
2019-07-11,-0.035683738752608773,0,-0.00549,0,0,0.35842238355926587,0.7899441238348083,-0.3356473787250415,-0.2339355818046613,-0.012789850698016181,-0.028188159744079733,0.011977153375422317,0.008347696186057072,0.36626518038101635,-0.013069711010893315,0.018322180231332412,-0.012089299196081305
2019-07-15,-0.03852195888258991,0,0.00083,0,0,0.35842238355926587,0.42688899621376,-0.3356473787250415,-0.2339355818046613,-0.01380713232206991,-0.016444600359576542,0.012929794522295134,0.009011656863453912,0.20264844353350953,-0.007806415009418697,0.011989766045339096,-0.005092924332691149
2019-07-16,-0.047849185946872264,0,-0.00121,0,0,0.35842238355926587,0.5465774998250946,-0.3356473787250415,-0.2339355818046613,-0.017150219278448484,-0.026153288423507493,0.01606045383719477,0.011193627153360987,0.2565880271096107,-0.012277528220908863,0.017636940344267587,-0.008558128341712566
2019-07-17,-0.04966170965415406,0,-0.00471,0,0,0.35842238355926587,0.746058339177319,-0.3356473787250415,-0.2339355818046613,-0.017799868345870103,-0.03705053262528441,0.0166688226684209,0.011617640941358696,0.34648733306977936,-0.017207153333753555,0.02366992598512981,-0.014167100194577079
2019-07-18,-0.04940016547159398,0,-0.00778,0,0,0.35842238355926587,0.885694926723876,-0.3356473787250415,-0.2339355818046613,-0.01770612505655086,-0.04375347593751078,0.016581036049123823,0.01155645645084388,0.4094168472418973,-0.020225260000608043,0.027332262034043178,-0.017890620734005262
2019-07-19,-0.056202949365783295,0,-0.00445,0,0,0.35842238355926587,0.7340894888161855,-0.3356473787250415,-0.2339355818046613,-0.02014439507474478,-0.04125799436988982,0.018864372631241397,0.013147869659022435,0.3410933747121693,-0.019170453667952198,0.02620544982807612,-0.015172395319859651
2019-07-22,-0.04958962687081869,0,-0.00632,0,0,0.35842238355926587,0.8378195252793422,-0.3356473787250415,-0.2339355818046613,-0.017774032262853456,-0.04154715764368903,0.01664462827114318,0.011600778213501037,0.3878410138114569,-0.019232891160110187,0.026130428256130444,-0.016644465193435373
2019-07-23,-0.052809027419410404,0,-0.00538,0,0,0.35842238355926587,0.7799700818671972,-0.3356473787250415,-0.2339355818046613,-0.018927937481111705,-0.041189461439644595,0.017725211626343947,0.012353910553898085,0.361770215083008,-0.019104733207844567,0.026048124790902804,-0.015809029387810685
2019-07-24,-0.05588740130449721,0,-0.00129,0,0,0.35842238355926587,0.5585463501862281,-0.3356473787250415,-0.2339355818046613,-0.020031295586491114,-0.03121570402001996,0.018758459751608954,0.013074051739718142,0.2619819854672208,-0.014641492356355524,0.02069360355063316,-0.009734366961720982
2019-07-25,-0.049779218987167084,0,-0.00525,0,0,0.35842238355926587,0.769996039899586,-0.3356473787250415,-0.2339355818046613,-0.017841986321099092,-0.03832980148941294,0.01670826436802245,0.011645130555544576,0.35727524978499964,-0.017784882897742316,0.024374798601755617,-0.014844483197017007
2019-07-26,-0.05320176649185748,0,-0.00732,0,0,0.35842238355926587,0.861757226001609,-0.3356473787250415,-0.2339355818046613,-0.019068703955575042,-0.04584700671040846,0.017857033466533712,0.012445786197308415,0.3986289305266771,-0.021207763278779154,0.028613177370372486,-0.018282206323870037
2019-07-29,-0.05611525633531611,0,-0.00265,0,0,0.35842238355926587,0.6303594523530288,-0.3356473787250415,-0.2339355818046613,-0.020112963929743193,-0.03537278225217969,0.01883493869543263,0.013127355138919881,0.2943457356128815,-0.01651728640512403,0.022978703627991065,-0.01196616363987715
2019-07-30,-0.05032142116541094,0,-0.00864,0,0,0.35842238355926587,0.9136222442331874,-0.3356473787250415,-0.2339355818046613,-0.01803632371819628,-0.04597476973814616,0.016890253107889008,0.011771970937567806,0.422002750076321,-0.021235778119552202,0.028581500603196294,-0.018924344816434454
2019-07-31,0.11818990438069821,0,-0.01041,0,0,0.35842238355926587,0.9694768792518101,-0.3356473787250415,-0.2339355818046613,0.04236190724077157,0.11458237965806914,-0.03967013159714466,-0.027648824044735926,0.44717455574516807,0.052851517985002615,-0.06531186828934735,0.03554822909380546
2019-08-01,-0.07733959950960356,0,-0.01298,0,0,0.35842238355926587,1.025331514270433,-0.3356473787250415,-0.2339355818046613,-0.02772024359975114,-0.07929872867825065,0.025958833847042943,0.01809248420781861,0.47234636141401537,-0.03653107842157841,0.04778843296165138,-0.03181076390463874
2019-08-02,-0.02430692891302,0,-0.00838,0,0,0.35842238355926587,0.8976637770850094,-0.3356473787250415,-0.2339355818046613,-0.008712147398010264,-0.021819449617398356,0.008158556974511086,0.005686255557151877,0.41481080559950745,-0.010082776764059786,0.014432155299485805,-0.010860714893139892
2019-08-05,-0.0925300876206061,0,-0.01007,0,0,0.35842238355926587,0.9535184121036323,-0.3356473787250415,-0.2339355818046613,-0.03316485455592536,-0.08822914221981029,0.031057481363054855,0.02164607988196278,0.43998261126835464,-0.04071162957220393,0.05321624313628406,-0.03368497840512724
2019-08-07,-0.062800913723423,0,-0.02233,0,0,0.35842238355926587,1.2168331200485683,-0.3356473787250415,-0.2339355818046613,-0.022509253186449082,-0.07641823178797376,0.02107896207280442,0.0146913682897533,0.5586496951357772,-0.03508371130583851,0.045697496424913435,-0.0331209432859661
2019-08-08,-0.033631332481907306,0,-0.02485,1,0,0.35842238355926587,1.2367812039837909,3.0442436675061906,-0.2339355818046613,-0.012054222350439377,-0.04159459987855249,-0.10238197093784157,0.00786756533102099,2.0908428580014693,-0.07031783132486871,0.015351553278333645,-0.00959880309811862
2019-08-13,-0.03202796708923339,0,-0.02131,1,0,0.35842238355926587,1.2088538864744796,3.0442436675061906,-0.2339355818046613,-0.011479540304680754,-0.038717132491696504,-0.09750093599449543,0.007492481115040358,2.078256955167046,-0.06656234536306053,0.014207085151611325,-0.008829419187376933
2019-08-14,-0.02778959308095852,0,-0.02581,1,0,0.35842238355926587,1.2527396711319687,3.0442436675061906,-0.2339355818046613,-0.009960412190219235,-0.03481312569713121,-0.08459829275928182,0.0065009746255088215,2.098034802478283,-0.05830353343056067,0.013209754421901898,-0.008823594947199042
2019-08-15,-0.010699178900223871,0,-0.02589,1,0,0.35842238355926587,1.2567292879190133,3.0442436675061906,-0.2339355818046613,-0.003834825203545245,-0.013445971480596477,-0.03257090761452237,0.0025029186408560278,2.099832788597486,-0.022466486665760475,0.006107088820928515,-0.005718985330878453
2019-08-16,-0.005246325775270511,0,-0.0374,1,0,0.35842238355926587,1.4641893608453267,3.0442436675061906,-0.2339355818046613,-0.0018804005893008698,-0.007681614383679692,-0.01597109401904176,0.0012273022725746976,2.1933280667960613,-0.011506913570456417,0.004417719704053918,-0.005305232582285186
2019-08-19,-0.01035727174305312,0,-0.03959,1,0,0.35842238355926587,1.5080751455028159,3.0442436675061906,-0.2339355818046613,-0.0037122780253161314,-0.015619544090917037,-0.031530058916430265,0.00242293439112011,2.213105914107299,-0.022921739348567272,0.0073897252819669105,-0.007081606041652766
2019-08-20,-0.00982809893377834,0,-0.04131,1,0,0.35842238355926587,1.5320128462250828,3.0442436675061906,-0.2339355818046613,-0.003522610645701112,-0.015056773820519457,-0.029919127942779053,0.0022991420421072076,2.223893830822519,-0.021856648587543027,0.007223935672268283,-0.00703960878096704
2019-08-21,0.0020774866056785246,0,-0.04374,1,0,0.35842238355926587,1.5439816965862163,3.0442436675061906,-0.2339355818046613,0.0007446177010197454,0.003207601294070668,0.006324375443665779,-0.00048599803779079666,2.229287789180129,0.004631315522224408,0.0004249087871116766,-0.003025721975708439
2019-08-22,-0.014253590599158539,0,-0.03861,1,0,0.35842238355926587,1.500095911928727,3.0442436675061906,-0.2339355818046613,-0.005108805916828348,-0.021381752988103457,-0.04339140292071415,0.003334422009619604,2.209509941868892,-0.03149345013616977,0.009496986717843965,-0.008277379859030327
2019-08-23,-0.022955106784832147,0,-0.03809,1,0,0.35842238355926587,1.4881270615675934,3.0442436675061906,-0.2339355818046613,-0.008227624088677015,-0.03416011560768259,-0.06988093846665365,0.005370016261097837,2.204115983511282,-0.05059571776765681,0.014153664182338635,-0.010898463072046765
2019-08-26,-0.02219957784409332,0,-0.03766,1,0,0.35842238355926587,1.47615821120646,3.0442436675061906,-0.2339355818046613,-0.007956825604889396,-0.032770089119875355,-0.06758092427319182,0.00519327115877584,2.198722025153671,-0.048810700754921436,0.013595683634751329,-0.010517227626781454
2019-08-27,-0.026395091311766983,0,-0.03479,1,0,0.35842238355926587,1.4043451090396593,3.0442436675061906,-0.2339355818046613,-0.00946059154222799,-0.03706781738633517,-0.0803530895790943,0.00617475104280537,2.1663582750080113,-0.057181224482838466,0.014820216487624351,-0.010760280595624946
2019-08-28,-0.012751384436024527,0,-0.03695,1,0,0.35842238355926587,1.4522205104841932,3.0442436675061906,-0.2339355818046613,-0.004570381603240436,-0.018517822015063735,-0.03881832132130466,0.0029830025368563005,2.1879341084384514,-0.02789918893738927,0.008332697909283268,-0.007464510523232933
2019-08-29,0.08010062709639798,0,-0.03524,1,0,0.35842238355926587,1.4163139594007927,3.0442436675061906,-0.2339355818046613,0.02870985768848288,0.11344763631338585,0.24384582680148434,-0.018738386802714082,2.171752233365621,0.1739587157905891,-0.03895322655522802,0.018100024601707967
2019-08-30,-0.04262730137667925,0,-0.033,1,0,0.35842238355926587,1.3724281747433034,3.0442436675061906,-0.2339355818046613,-0.015278578964128552,-0.058502909422628604,-0.12976789227883373,0.009972042548316101,2.1519743860543836,-0.0917328607092345,0.022191151436512,-0.014333924039001864
2019-09-04,-0.01667637634721808,0,-0.02859,1,0,0.35842238355926587,1.3165735397246805,3.0442436675061906,-0.2339355818046613,-0.005977186559501268,-0.021955675837237846,-0.05076695309196866,0.0039011978031799543,2.1268025803855366,-0.03546736024674374,0.009159063795804981,-0.007372681143430993
2019-09-05,-0.021644862560634914,0,-0.03972,1,0,0.35842238355926587,1.5120647622898604,3.0442436675061906,-0.2339355818046613,-0.007758003230795481,-0.03272843396254313,-0.06589223578425467,0.00506350351620406,2.2149039002265023,-0.04794129050541687,0.013722214002870013,-0.010773525637471918
2019-09-09,0.006577206577206507,0,-0.03677,0,0,0.35842238355926587,1.444241276910104,-0.3356473787250415,-0.2339355818046613,0.002357418058564037,0.00949907322556626,-0.0022076221469724665,-0.0015386426472882493,0.6611349039303694,0.004348420838551618,-0.0038127364394282396,0.00015927864133402463
2019-09-10,-0.0007909306617452927,0,-0.0398,0,0,0.35842238355926587,1.516054379076905,-0.3356473787250415,-0.2339355818046613,-0.00028348725301285526,-0.0011990938932851453,0.00026547380336807,0.00018502682452253082,0.6934986540760303,-0.0005485093493878244,0.002307284875329347,-0.004237073201612782
2019-09-12,-0.021044858777921505,0,-0.03395,0,0,0.35842238355926587,1.3963658754655703,-0.3356473787250415,-0.2339355818046613,-0.007542948444850765,-0.029386322651481653,0.007063651684448034,0.004923141282210001,0.6395590704999291,-0.01345943031880975,0.018461811484774642,-0.015653485353370605
2019-09-13,-0.03631244057631833,0,-0.02772,0,0,0.35842238355926587,1.286651413821847,-0.3356473787250415,-0.2339355818046613,-0.013015191504218216,-0.04672145300684178,0.012188175494550082,0.008494771912968218,0.5901144522218363,-0.021428495979532072,0.02849606368012479,-0.022116106917962536
2019-09-16,-0.03883636894550513,0,-0.02075,0,0,0.35842238355926587,1.196885036113346,-0.3356473787250415,-0.2339355818046613,-0.013919823926235001,-0.04648266884785214,0.013035325435757401,0.009085208564447222,0.5496597645397605,-0.021346789410165615,0.02845434867067981,-0.021483955257038556
2019-09-17,-0.04063090565489169,0,-0.01941,0,0,0.35842238355926587,1.1609784850299456,-0.3356473787250415,-0.2339355818046613,-0.014563026050997935,-0.04717160729261081,0.013637656978288863,0.009505014553627391,0.5334778894669301,-0.021675689795901575,0.028895054540499784,-0.021504855137678358
2019-09-18,-0.05700618616026476,0,-0.00477,0,1,0.35842238355926587,0.7540375727514079,-0.3356473787250415,4.477418228493867,-0.02043229312118533,-0.04298480624410094,0.019133976955804606,-0.25524053705088423,0.35008330530818604,-0.019956914073999257,0.02717966833549135,-0.28453502053718155
2019-09-19,-0.08009962819911187,0,-0.0097,0,0,0.35842238355926587,0.9415495617424988,-0.3356473787250415,-0.2339355818046613,-0.028709499661336662,-0.07541776982661089,0.02688523024188232,0.01873815312509629,0.43458865291074456,-0.034810389517703516,0.04576003352247022,-0.029136695548179894
2019-09-20,-0.07375168445205227,0,-0.01827,0,0,0.35842238355926587,1.1410304010947232,-0.3356473787250415,-0.2339355818046613,-0.026434254532815425,-0.08415291409173666,0.024754559562887746,0.01725314321136464,0.5244879588709133,-0.03868187044154856,0.050320701982107356,-0.03518237392154868
2019-09-23,-0.0741743169598772,0,-0.0217,0,0,0.35842238355926587,1.212843503261524,-0.3356473787250415,-0.2339355818046613,-0.026585735483639662,-0.08996183843364812,0.024896415056303172,0.01735201199297223,0.5568517090165739,-0.04130409516424466,0.05351748264007839,-0.03828028579791213
2019-09-24,-0.07269748816891153,0,-0.01429,0,0,0.35842238355926587,1.0732069157149668,-0.3356473787250415,-0.2339355818046613,-0.0260564069882728,-0.07801944705798283,0.024400721343789872,0.0170065291905318,0.4939221948444559,-0.03590690291606764,0.04692386107028121,-0.032032147030555375
2019-09-25,-0.059105137175474165,0,-0.0246,0,0,0.35842238355926587,1.2288019704097017,-0.3356473787250415,-0.2339355818046613,-0.021184604147030824,-0.07262850902255837,0.019838484362131908,0.013826794652788865,0.5640436534933874,-0.03333787751268228,0.04349121936381262,-0.03177923986182972
2019-09-26,-0.04738404452690159,0,-0.0333,0,0,0.35842238355926587,1.3804074083173925,-0.3356473787250415,-0.2339355818046613,-0.016983502182010456,-0.06540928610097616,0.01590433033884517,0.011084814024658702,0.6323671260231156,-0.029964112056828102,0.039123171069036074,-0.030153172195183337
2019-09-27,0.008865050098707528,0,-0.03315,0,0,0.35842238355926587,1.376417791530348,-0.3356473787250415,-0.2339355818046613,0.0031774323867510574,0.012202012678668907,-0.0029755308278973523,-0.002073850652568616,0.6305691399039122,0.005590027015947097,-0.005374031207464744,0.0011853654040901622
2019-09-30,0.06354735799934019,0,-0.03369,0,0,0.35842238355926587,1.3883866418914814,-0.3356473787250415,-0.2339355818046613,0.022776795523017493,0.0882283029737797,-0.021329504137380335,-0.014865988165724747,0.6359630982615223,0.040413774679594526,-0.048947739517324305,0.03196693620079359
2019-10-01,-0.0008281436332316927,0,-0.03946,0,0,0.35842238355926587,1.5040855287157715,-0.3356473787250415,-0.2339355818046613,-0.0002968252149523338,-0.0012455988544418904,0.00027796423970204983,0.00019373226265788208,0.6881046957184201,-0.0005698495227560408,0.002334071577591303,-0.004255154465739387
2019-10-04,0.007413309315134953,0,-0.05054,1,0,0.35842238355926587,1.6197844155400616,3.0442436675061906,-0.2339355818046613,0.0026570959947927785,0.012007962896233564,0.022567919937864233,-0.0017342368277340106,2.263449525444993,0.016779651451319155,-0.0029589536619140837,-0.0008900983166258928
2019-10-07,-0.015348939929328731,0,-0.03822,0,0,0.35842238355926587,1.492116678354638,-0.3356473787250415,-0.2339355818046613,-0.005501403634577994,-0.022902409263614858,0.005151831453487313,0.0035906631924523136,0.6827107373608099,-0.010478886096858795,0.01470918605605703,-0.013233338014410682
2019-10-09,0.019980470217080937,0,-0.02955,1,0,0.35842238355926587,1.328542390085814,3.0442436675061906,-0.2339355818046613,0.007161447759841072,0.02654490165723913,0.06082541993214468,-0.004674142924963536,2.132196538743147,0.042602289439320505,-0.007538143356292328,0.0007491852805228258
2019-10-10,0.028889307938902542,0,-0.02821,0,0,0.35842238355926587,1.3006150725765027,-0.3356473787250415,-0.2339355818046613,0.010354574610839072,0.03757386934164066,-0.00969662048287317,-0.006758237060621187,0.5964074036390481,0.017229797140769804,-0.0199783191827596,0.011105266971332448
2019-10-14,-0.004094204259475043,0,-0.02576,1,0,0.35842238355926587,1.2487500543449244,3.0442436675061906,-0.2339355818046613,-0.0014674544494595438,-0.00511263779151868,-0.01246375539038377,0.0009577800554674167,2.0962368163590797,-0.008582421702405746,0.0033207394428297348,-0.004477774538168284
2019-10-15,0.008298755186721962,0,-0.02827,0,0,0.35842238355926587,1.3046046893635472,-0.3356473787250415,-0.2339355818046613,0.0029744596145997062,0.010826594932477531,-0.002785455425104069,-0.001941374122860253,0.5982053897582515,0.004964360080981323,-0.0046006530767063285,0.0005444638030401095
2019-10-16,0.027124430955993928,0,-0.02772,0,0,0.35842238355926587,1.286651413821847,-0.3356473787250415,-0.2339355818046613,0.00972200319593608,0.03489968743864266,-0.009104244149787733,-0.006345369536810805,0.5901144522218363,0.016006518715425376,-0.01845123418562065,0.00999104949800388
2019-10-18,0.028306898383547052,0,-0.03121,0,0,0.35842238355926587,1.352480090808081,-0.3356473787250415,-0.2339355818046613,0.010145825989800865,0.03828451649627484,-0.009501136242273682,-0.006621990742440506,0.619781223188692,0.0175440841048328,-0.020347023636544944,0.011610217743298472
2019-10-21,0.020264116575592128,0,-0.03073,0,0,0.35842238355926587,1.344500857233992,-0.3356473787250415,-0.2339355818046613,0.007263112963746559,0.027245122106973163,-0.006801597610776163,-0.004740497900868626,0.6161852509502852,0.01248644975741707,-0.014016282512802623,0.007160969461128031
2019-10-22,0.02541344257320577,0,-0.02725,0,0,0.35842238355926587,1.2766773718542357,-0.3356473787250415,-0.2339355818046613,0.009108746661534935,0.03244476707412888,-0.00852995538407589,-0.005945108474022241,0.5856194869238278,0.014882607200688925,-0.017046152628491063,0.008986229003662857
2019-10-23,0.03673968727300547,0,-0.03257,0,0,0.35842238355926587,1.368438557956259,-0.3356473787250415,-0.2339355818046613,0.013168326283612647,0.05027600467163553,-0.012331579728362055,-0.008594720117531846,0.6269731676655055,0.023034798108596297,-0.027213043365865566,0.016503508097527757
2019-10-24,0.057609461893945335,0,-0.05748,0,0,0.35842238355926587,1.6636702001975507,-0.3356473787250415,-0.2339355818046613,0.020648520647594586,0.0958431450023732,-0.019336464874462916,-0.013476902985613567,0.7600241404865549,0.04378458175983874,-0.052909229749074936,0.0373175116126554
2019-10-25,0.07255296484791107,0,-0.05721,1,0,0.35842238355926587,1.6596805834105064,3.0442436675061906,-0.2339355818046613,0.026004606595079915,0.120414747026943,0.22086890379705254,-0.016972720043349217,2.281429386637027,0.16552446609166754,-0.04480156550199185,0.02571403030783667
2019-10-28,0.06931436475004915,0,-0.05934,1,0,0.35842238355926587,1.6756390505586842,3.0442436675061906,-0.2339355818046613,0.024843819828608973,0.1161458563398507,0.21100981595755144,-0.016215096245223257,2.2886213311138404,0.15863433371956775,-0.04333519675630299,0.02500528536027377
2019-10-29,0.06498877466619413,0,-0.05141,1,0,0.35842238355926587,1.631753265901195,3.0442436675061906,-0.2339355818046613,0.023293431520453333,0.10604564530847911,0.1978416657365482,-0.015203186812308157,2.2688434838026033,0.14744935792171024,-0.038967348933404374,0.02164934697029025
2019-10-30,0.16290461634924358,0,-0.04673,1,0,0.35842238355926587,1.581883056063139,3.0442436675061906,-0.2339355818046613,0.05838866088470364,0.2576960523573346,0.4959213467287102,-0.03810918620432544,2.246368657312561,0.3659438242984682,-0.09567244603835597,0.05544844468322456
2019-10-31,0.06167693385960393,0,-0.04056,1,0,0.35842238355926587,1.5280232294380383,3.0442436675061906,-0.2339355818046613,0.02210639364458643,0.09424378765798828,0.18775961533329744,-0.01442842940637406,2.2220958447033157,0.13705205844346713,-0.0333944827411876,0.016851238184007574
2019-11-01,-0.028002426202992314,0,-0.05355,1,0,0.35842238355926587,1.639732499475284,3.0442436675061906,-0.2339355818046613,-0.010036696345118949,-0.04591648830920477,-0.08524620864326878,0.0065507638657391004,2.2724394560410097,-0.06363381816855637,0.01923436922334787,-0.014798420508414734
2019-11-04,0.013598882830163639,0,-0.04459,1,0,0.35842238355926587,1.5519609301603052,3.0442436675061906,-0.2339355818046613,0.004874143997730427,0.021104934846241766,0.04139831294088432,-0.00318126256676775,2.2328837614185355,0.030364724644905725,-0.006276505547645745,0.0009804278300720292
2019-11-06,-0.060894880948254904,0,-0.02111,0,0,0.35842238355926587,1.2048642696874348,-0.3356473787250415,-0.2339355818046613,-0.02182608837603125,-0.07337006626142242,0.02043920716805523,0.014245479403555597,0.5532557367781671,-0.03369044222504554,0.04396057824945798,-0.03182991399670835
2019-11-07,0.006014869055179783,0,0.0013,0,0,0.35842238355926587,0.3989616787044486,-0.3356473787250415,-0.2339355818046613,0.0021558637035544075,0.002399702255441967,-0.0020188750317454616,-0.0014070918919023361,0.19006254069908596,0.0011432012945997803,9.582288441840227e-05,-0.003617729927126704
2019-11-11,-0.009138381201044599,0,0.00469,0,0,0.35842238355926587,0.18751198899109092,-0.3356473787250415,-0.2339355818046613,-0.003275400371951592,-0.001713556035166667,0.0030672736959208163,0.002137792523019148,0.09476927638130729,-0.0008660377737195385,0.0028837005395312776,-0.0028607231673180955
2019-11-12,0.0001485663348683719,0,0.01088,0,0,0.35842238355926587,-0.1555950546947349,-0.3356473787250415,-0.2339355818046613,5.324949986018593e-05,-2.3116186999640626e-05,-4.986590086535577e-05,-3.475495198401872e-05,-0.05985752987018272,-8.892813827087139e-06,0.0016299790389385708,-0.003779549141728555
2019-11-13,0.014862230070264548,1,0.02317,0,0,-2.808861128301187,-0.7979233574088972,-0.3356473787250415,-0.2339355818046613,-0.041745940324235106,-0.011858920516248959,-0.004988468565092785,-0.0034768044384020694,-1.7767214613638496,-0.026406043129566178,0.008257358839299126,-0.013848978428507162
2019-11-14,0.002106371774618143,0,-0.00538,0,0,0.35842238355926587,0.7799700818671972,-0.3356473787250415,-0.2339355818046613,0.0007549707921205957,0.0016429069654916666,-0.0007069981647709937,-0.0004927553065922122,0.361770215083008,0.0007620225699483829,0.0006483082276021862,-0.003255878685000364
2019-11-15,-0.0008602633153800276,0,0.00262,0,0,0.35842238355926587,0.3271485765376479,-0.3356473787250415,-0.2339355818046613,-0.00030833762798710595,-0.0002814339190741337,0.00028874512682061995,0.0002012461991886336,0.15769879055342528,-0.0001356624843929102,0.0018070795800517487,-0.0037206485316690807
2019-11-18,0.0042648626787749055,0,0.01494,0,0,0.35842238355926587,-0.34909146886639275,-0.3356473787250415,-0.2339355818046613,0.0015286222468794573,-0.0014888271770469904,-0.0014314899787530558,-0.000997703132076194,-0.1470598566515464,-0.0006271900941791677,0.002287547301670836,-0.005400065584552995
2019-11-19,0.0098447697356292,0,0.01524,0,0,0.35842238355926587,-0.3710343611951372,-0.3356473787250415,-0.2339355818046613,0.0035285858342363413,-0.0036527478499724,-0.003304371155915561,-0.0023030419358373386,-0.15694878030716483,-0.0015451246024118924,0.0032759060323053965,-0.007693763118948701
2019-11-20,-0.00963605366540643,0,0.00694,0,0,0.35842238355926587,0.0718131021668007,-0.3356473787250415,-0.2339355818046613,-0.003453777322859973,-0.0006919949063586064,0.0032343161540474966,0.0022542158205177926,0.04262767892440943,-0.00041076260174732396,0.0023417008426294492,-0.0022023001729176224
2019-11-21,-0.0038193414417088123,1,0.01199,0,0,-2.808861128301187,-0.2154393065004023,-0.3356473787250415,-0.2339355818046613,0.010727999711325696,0.0008228362714899932,0.0012819519433654837,0.000893479862276805,-1.5142154879601573,0.00578330596484356,0.0011361221115736267,-0.002357457400102787
2019-11-22,-0.018783508966537243,1,0.01453,0,0,-2.808861128301187,-0.31916934296355903,-0.3356473787250415,-0.2339355818046613,0.05276026818920326,0.005995120215399811,0.0063046355478765395,0.004394131098419962,-1.5609631270594448,0.029320364893555096,-0.0018369947197977826,0.004116310667411779
2019-11-25,-0.018223657350703415,0,0.00989,0,0,0.35842238355926587,-0.11170927003724558,-0.3356473787250415,-0.2339355818046613,-0.006531766704806454,0.002035751460055963,0.006116722820546936,0.0042631618849455965,-0.04007968255894563,0.000730398401679189,0.001150658376858522,0.0009976883572811088
2019-11-27,-0.06358913900453167,0,0.01566,0,0,0.35842238355926587,-0.39098244513035957,-0.3356473787250415,-0.2339355818046613,-0.022791770770485723,0.024862237051726112,0.02134352782225335,0.014875762229482599,-0.16593871090318166,0.010551899753855213,-0.009751511569912276,0.02251245864858891
2019-11-28,-0.057076274321225084,0,0.01049,0,0,0.35842238355926587,-0.12766773718542368,-0.3356473787250415,-0.2339355818046613,-0.020457414286896014,0.00728679878956531,0.019157501863310597,0.01335217144057824,-0.0472716270357592,0.002698088352303632,-0.0003543534646727775,0.011591709754445052
2019-11-29,-0.1521526912848823,0,0.00935,0,0,0.35842238355926587,-0.0718131021668009,-0.3356473787250415,-0.2339355818046613,-0.05453493027528465,0.010926556764194968,0.05106965199573121,0.03559392835887396,-0.022099821366911993,0.003362547297890806,0.0010076006402192144,0.03247151256784878
2019-12-02,-0.12518195050946157,0,-0.00848,0,0,0.35842238355926587,0.9096326274461429,-0.3356473787250415,-0.2339355818046613,-0.04486801308019927,-0.11386958655075456,0.04201699355218865,0.02928451242387321,0.42020476395711753,-0.05260205196551987,0.06841333264219658,-0.04124363536912934
2019-12-03,-0.028460587750617883,0,-0.00729,0,0,0.35842238355926587,0.8577676092145646,-0.3356473787250415,-0.2339355818046613,-0.010200911699074106,-0.024412570311688826,0.009552721675468919,0.006657944153943412,0.39683094440747374,-0.011294041915469474,0.01599914884502512,-0.011456019841887675
2019-12-04,-0.034671532846715314,0,0.00426,0,0,0.35842238355926587,0.22341854007449116,-0.3356473787250415,-0.2339355818046613,-0.012427053444573082,-0.007746263250757902,0.011637409116379172,0.008110905208555771,0.11095115145413757,-0.003846846492023016,0.007089315387856754,-0.0010932253301069485
2019-12-06,0.0036770113251949343,0,-0.00867,0,0,0.35842238355926587,0.9176118610202321,-0.3356473787250415,-0.2339355818046613,0.0013179231635507833,0.0033740692051045934,-0.001234179212843971,-0.0008601837836618056,0.4238007361955244,0.0015583201066168939,-0.00035537809164278743,-0.002619620842824984
2019-12-09,0.09644992526158447,0,-0.00345,0,0,0.35842238355926587,0.6822244705846072,-0.3356473787250415,-0.2339355818046613,0.034569812106370154,0.0658004991995094,-0.032373164592276994,-0.022563069381084863,0.3177195551625254,0.03064402734956944,-0.03782408049964762,0.01314619596775679
2019-12-11,-0.027482432581582783,0,0.01432,0,0,0.35842238355926587,-0.3111901093894698,-0.3356473787250415,-0.2339355818046613,-0.00985031899189773,0.008552261201351474,0.009224406456995937,0.0064291188553799485,-0.12997898851911419,0.0035721387889988783,-0.0020920076236046943,0.0064063113281786765
2019-12-12,-0.006769971415676257,0,-0.00752,0,0,0.35842238355926587,0.8757208847562649,-0.3356473787250415,-0.2339355818046613,-0.0024265092914347816,-0.005928605357910634,0.0022723231597151943,0.0015837372019271519,0.4049218819438889,-0.0027413095663419637,0.00510892140469329,-0.005639999353572104
2019-12-13,0.018430085061931,0,0.0058,0,0,0.35842238355926587,0.14562101272712372,-0.3356473787250415,-0.2339355818046613,0.006605755017097329,0.002683807651365427,-0.006186009740716685,-0.004311452671672226,0.07589042212967184,0.001398666935235703,-0.0004979824457349526,-0.005928285376743239
2019-12-16,-0.010163708301571761,0,0.02919,0,1,0.35842238355926587,-1.0173522806963442,-0.3356473787250415,4.477418228493867,-0.003642900555250448,0.010340071820936398,0.0034114220495485054,-0.04550717281855184,-0.4482225316181112,0.004555603065558508,-0.0036825396734028464,-0.04393944829595496
2019-12-17,0.039664092374597004,0,-0.00583,0,0,0.35842238355926587,0.8178714413441197,-0.3356473787250415,-0.2339355818046613,0.01421649853061796,0.03244012840001796,-0.013313148635041393,-0.00927884252640518,0.37885108321544003,0.01502678436087335,-0.017546577308178025,0.006152919630966879
2019-12-18,0.0412560422677708,0,-0.00305,0,0,0.35842238355926587,0.6503075362882513,-0.3356473787250415,-0.2339355818046613,0.01478708900583623,0.02682911520415799,-0.013847482443746785,-0.00965125625086866,0.30333566620889846,0.01251442906643673,-0.014529306471217236,0.0027632350695426106
2019-12-19,0.014594257636316943,0,0.01864,0,0,0.35842238355926587,-0.5266294158898721,-0.3356473787250415,-0.2339355818046613,0.005230908608286736,-0.007685765374359897,-0.004898524320067702,-0.0034141161511589252,-0.22707023895609632,-0.0033139215688653217,0.0053173798803983945,-0.010846311182363285
2019-12-20,-0.004307669842660511,0,0.0205,0,0,0.35842238355926587,-0.6542971530752958,-0.3356473787250415,-0.2339355818046613,-0.001543965292592748,0.0028184961144410796,0.0014458580911019124,0.0010077172508651804,-0.28460579477060427,0.0012259877991797586,0.00023075261670332502,-0.0013378505166441103
2019-12-23,-0.005035622365623382,0,-0.00414,0,0,0.35842238355926587,0.722120638455052,-0.3356473787250415,-0.2339355818046613,-0.0018048797709910816,-0.0036363268376824963,0.001690193447270681,0.0011780112478506708,0.33569941635455913,-0.0016904554891217338,0.0037921031455117942,-0.004728907048467089
2019-12-24,-0.01722149897712477,0,0.00114,0,0,0.35842238355926587,0.4189097626396711,-0.3356473787250415,-0.2339355818046613,-0.00617257071184452,-0.007214254048806677,0.005780350989387914,0.004028721382762063,0.19905247129510284,-0.0034279819308027717,0.006182019687190379,-0.004268113455234281
2019-12-25,-0.001548162972472733,0,-0.01065,0,0,0.35842238355926587,0.9734664960388548,-0.3356473787250415,-0.2339355818046613,-0.0005548962627318751,-0.0015070847841101296,0.0005196368435496415,0.00036217040569384265,0.4489725418643716,-0.000695082664971384,0.00250271417910117,-0.0042553589242132935
2019-12-26,-0.02811824080749803,0,-0.01329,0,0,0.35842238355926587,1.0532588317797447,-0.3356473787250415,-0.2339355818046613,-0.010078206891716861,-0.029615785464606918,0.009437813821396208,0.006577857022625621,0.4849322642484391,-0.013635442181462879,0.018837150246468277,-0.014374108374648621
2019-12-27,0.015684729064039393,0,-0.04996,0,0,0.35842238355926587,1.6137999903594948,-0.3356473787250415,-0.2339355818046613,0.005621757976614293,0.025312015612338062,-0.005264538196357296,-0.0036692162190445363,0.7375493139965128,0.01156826116140342,-0.012795788923611738,0.007011757553761236
2019-12-30,0.002624774739481417,0,-0.04543,0,0,0.35842238355926587,1.5639297805214387,-0.3356473787250415,-0.2339355818046613,0.0009407780184310805,0.004104963382235389,-0.0008809987610506414,-0.0006140282057867636,0.7150744875064707,0.0018769094516546045,-0.0007185907647441012,-0.002010252591848628
2019-12-31,0.03753968253968254,0,-0.05471,0,0,0.35842238355926587,1.6517013498364173,-0.3356473787250415,-0.2339355818046613,0.01345506249393117,0.062004344323224235,-0.012600096042614655,-0.00878186747568292,0.7546301821289446,0.028328577471983397,-0.03366552884102841,0.02276884621453952
2020-01-01,-0.02896400692310408,0,-0.05068,0,0,0.35842238355926587,1.623774032327106,-0.3356473787250415,-0.2339355818046613,-0.010381348398806042,-0.047031002313878925,0.00972169300111384,0.006775711810950591,0.7420442792945212,-0.02149257564273629,0.02840626347552959,-0.023745366815384965
2020-01-06,-0.06836868651972627,0,-0.02374,0,0,0.35842238355926587,1.2248123536226574,-0.3356473787250415,-0.2339355818046613,-0.02450486758321654,-0.08373881185031559,0.022947770417220206,0.01599386845821267,0.562245667374184,-0.038439997779779876,0.049903886935444695,-0.03602483362803799
2020-01-07,0.04895259910592231,0,-0.03486,0,0,0.35842238355926587,1.4083347258267036,-0.3356473787250415,-0.2339355818046613,0.01754570725296586,0.06894164524034363,-0.016430811571680637,-0.01145175475269428,0.6449530288575391,0.03157212706381346,-0.03786827626882755,0.024301706365327302
2020-01-09,-0.0028851107676454157,0,-0.0252,0,0,0.35842238355926587,1.2447604375578798,-0.3356473787250415,-0.2339355818046613,-0.0010340882781719732,-0.0035912717415372583,0.0009683798664915761,0.0006749300660000234,0.5712355979702008,-0.0016480779745661942,0.0036915233918288787,-0.005131408476634821
2020-01-10,0.14456584243818282,0,-0.01087,0,0,0.35842238355926587,0.9814457296129436,-0.3356473787250415,-0.2339355818046613,0.05181563382794676,0.14188352870885218,-0.04852314606755343,-0.0338190944598573,0.45256851410277826,0.06542594850226477,-0.08119711234412644,0.045263202733463175
2020-01-13,0.17057375497064942,0,0.00139,0,0,0.35842238355926587,0.3869928283433151,-0.3356473787250415,-0.2339355818046613,0.061137451829234336,0.06601081987723122,-0.057252633735186,-0.03990327060966461,0.18466858234147582,0.03149961351509209,-0.04055542715756708,-0.0014626586029034896
2020-01-14,0.19544097077836176,0,0.00039,0,0,0.35842238355926587,0.44683708014898255,-0.3356473787250415,-0.2339355818046613,0.07005041859151726,0.08733027272408579,-0.06559924953723456,-0.04572059720750387,0.21163837412952646,0.041362809293828774,-0.053110921310022145,0.005275508951712311
2020-01-15,-0.009460599171280837,0,0.03272,0,0,0.35842238355926587,-1.1170927003724562,-0.3356473787250415,-0.2339355818046613,-0.0033908905048692928,0.010568366275387531,0.003175425313008713,0.002213170771354279,-0.49317218459819545,0.004665704360908448,-0.0038324046639740734,0.003930760284522387
2020-01-16,-0.016387432635553645,1,0.03035,0,0,-2.808861128301187,-1.0612380653538334,-0.3356473787250415,-0.2339355818046613,0.046030022522660904,0.01739096730627122,0.0055003988081567794,0.0038336035878829364,-1.8953885452312724,0.0310605521031775,-0.008056707737778975,0.009775496174855946
2020-01-17,-0.04261774053741696,1,0.04588,0,1,-2.808861128301187,-1.368438557956259,-0.3356473787250415,4.477418228493867,0.11970731477157623,0.058319759404376864,0.014304532898567944,-0.1908174483394527,-2.033833476409932,0.08667738739395121,-0.030720994940987855,-0.16221126854927082
2020-01-20,-0.046499024495989416,1,0.04602,0,0,-2.808861128301187,-1.3804074083173925,-0.3356473787250415,-0.2339355818046613,0.13060930241070937,0.0641875978937957,0.015607275685350343,0.010877776348818482,-2.039227434767542,0.0948220864421496,-0.033971435247978944,0.04273439644599146
2020-01-21,-0.0558830976236121,1,0.03985,0,0,-2.808861128301187,-1.2567292879190133,-0.3356473787250415,-0.2339355818046613,0.15696786064402446,0.07022992548323073,0.018757015232401,0.013073044955626383,-1.9834898650722372,0.11084355776527702,-0.037368925990690506,0.048327155795510925
2020-01-22,-0.04799824663939212,1,0.02403,0,0,-2.808861128301187,-0.8258506749182087,-0.3356473787250415,-0.2339355818046613,0.13482040921200159,0.03963938438203263,0.01611048566791,0.011228497753189825,-1.789307364198273,0.08588361618046933,-0.020539065757146435,0.029652748359530294
2020-01-23,-0.03267900120336942,0,0.00141,0,0,0.35842238355926587,0.3830032115562707,-0.3356473787250415,-0.2339355818046613,-0.011712885503647784,-0.012516162411341722,0.010968621093263423,0.007644781159305452,0.18287059622227253,-0.005976028434008527,0.009631724047245677,-0.004101758038746191
2020-01-24,-0.0007564296520423675,0,-0.00774,0,0,0.35842238355926587,0.8817053099368316,-0.3356473787250415,-0.2339355818046613,-0.00027112131887993145,-0.0006669480407994253,0.0002538936298979159,0.00017695581074482874,0.407618861122694,-0.00030833499328494557,0.002014581928945739,-0.003952441269006876
2020-01-27,0.018586516258469743,0,-0.00671,0,0,0.35842238355926587,0.8537779924275202,-0.3356473787250415,-0.2339355818046613,0.006661823459423773,0.01586875853737776,-0.0062385154617857356,-0.004348047494646916,0.39503295828827045,0.0073422865018563386,-0.007725619120274247,0.0012627564748213648
2020-01-28,0.04413477214501982,0,-0.03646,0,0,0.35842238355926587,1.4402516601230597,-0.3356473787250415,-0.2339355818046613,0.015818890230063096,0.06356517885101777,-0.01481372058110288,-0.01032469359956137,0.6593369178111662,0.02909968463439548,-0.03475325143090756,0.022313742680540222
2020-01-29,0.05392996108949433,0,-0.02924,0,0,0.35842238355926587,1.3245527732987696,-0.3356473787250415,-0.2339355818046613,0.019329705198955018,0.07143307952498444,-0.018101450074432257,-0.012616136824173601,0.6071953203542684,0.032746020000428734,-0.03940864258870844,0.02467769061372887
2020-01-30,0.08127732667083065,0,-0.03466,0,0,0.35842238355926587,1.4003554922526147,-0.3356473787250415,-0.2339355818046613,0.029131613154684214,0.11381715079910762,-0.027280521646843213,-0.019013658702268284,0.6413570566191323,0.05212778700347565,-0.06358991022701423,0.042461436373939974
2020-01-31,-0.051207973709869625,0,-0.01327,0,0,0.35842238355926587,1.047274406599178,-0.3356473787250415,-0.2339355818046613,-0.018354083994331694,-0.05362880028015002,0.01718782214553858,0.011979367122856152,0.48223528506963403,-0.024694291799817303,0.032805320092861585,-0.0229407681208114
2020-02-03,0.022830548226326686,0,-0.00815,0,0,0.35842238355926587,0.8896845435109204,-0.3356473787250415,-0.2339355818046613,0.00818297951324478,0.020311985876843512,-0.007663013667022198,-0.0053408775822451115,0.41121483336110076,0.009388260084431502,-0.01030920646779537,0.0028535137347442925
2020-02-04,-0.03635720601237835,0,0.0127,0,0,0.35842238355926587,-0.25533547437084697,-0.3356473787250415,-0.2339355818046613,-0.013031236438511921,0.009283284443969236,0.012203200895821113,0.00850524414129766,-0.104807182850267,0.0038104963384641643,-0.0021792006758257856,0.008569629666317479
2020-02-06,-0.01721590323356581,0,-0.00322,0,0,0.35842238355926587,0.6542971530752958,-0.3356473787250415,-0.2339355818046613,-0.00617056507210033,-0.011264316473341888,0.005778472792730331,0.004027412339236968,0.30513365232810175,-0.005253151431785112,0.008400261916986881,-0.0064876647285558794
2020-02-07,-0.06028199713915938,0,-0.00302,0,0,0.35842238355926587,0.6463179195012069,-0.3356473787250415,-0.2339355818046613,-0.02160641710033035,-0.0389613349743592,0.0202334943240693,0.01410210407309618,0.301537680089695,-0.018177293568515752,0.025091411217036095,-0.013104122294745882
2020-02-10,-0.0014515192568220758,0,0.03492,0,0,0.35842238355926587,-1.1649681018169902,-0.3356473787250415,-0.2339355818046613,-0.0005202569918123426,0.0016909736333708218,0.0004871986337212501,0.0003395620018453419,-0.5147480180286359,0.000747166660579562,0.000747552476264483,-0.002522805625225107
2020-02-11,0.01890061932419851,0,0.04967,0,0,0.35842238355926587,-1.4262880013684038,-0.3356473787250415,-0.2339355818046613,0.00677440502892555,-0.026957726560536122,-0.006343943332447095,-0.004421527378074803,-0.6325161088364567,-0.01195494618954118,0.015721692768266318,-0.022258035297147087
2020-02-12,0.005941663665826491,0,0.04291,0,0,0.35842238355926587,-1.3125839229376361,-0.3356473787250415,-0.2339355818046613,0.0021296252534130163,-0.007798932203266552,-0.0019943038347004826,-0.001389966546552737,-0.5812735044391607,-0.0034537316612337945,0.005684754048667048,-0.00918953574602575
2020-02-13,0.04006505026611462,0,0.01324,0,0,0.35842238355926587,-0.27927317509311395,-0.3356473787250415,-0.2339355818046613,0.014360210813802602,-0.01118909379808304,-0.0134477291003084,-0.009372640844036524,-0.11559509956548725,-0.004631323474607771,0.00633737192830846,-0.01782482792315095
2020-02-14,0.04720982142857144,0,0.00613,0,0,0.35842238355926587,0.11968850361133464,-0.3356473787250415,-0.2339355818046613,0.01692105672383588,0.005650472882544036,-0.015845852812577298,-0.011044057042787027,0.06420351235484996,0.003031036353359547,-0.0031387448119874675,-0.010020127381605525
2020-02-17,0.036357471177755896,0,-0.00572,0,0,0.35842238355926587,0.8138818245570753,-0.3356473787250415,-0.2339355818046613,0.013031331479718578,0.029590684978433243,-0.012203289897885014,-0.00850530617291453,0.37705309709623663,0.013708697110160019,-0.01586907737815963,0.0052489560544391346
2020-02-18,0.040015258439824564,0,-0.00971,0,0,0.35842238355926587,0.9475339869230656,-0.3356473787250415,-0.2339355818046613,0.01434236430874195,0.037915817367243816,-0.01343101660433221,-0.009360992764184244,0.4372856320895496,0.01749809758008537,-0.02055830445366071,0.0090824965386705
2020-02-19,0.05375724762892142,0,-0.01977,0,0,0.35842238355926587,1.1749421437846013,-0.3356473787250415,-0.2339355818046613,0.01926780082874371,0.06316165577308461,-0.01804347925412043,-0.012575733000288983,0.5397708408841418,0.02901659475627996,-0.034871837611100284,0.020181289460005337
2020-02-20,0.06768592501536563,0,-0.02045,0,0,0.35842238355926587,1.1849161857522126,-0.3356473787250415,-0.2339355818046613,0.024260150577421088,0.08020214809831731,-0.02271860330798719,-0.01583414624845624,0.5442658061821504,0.03683913454567256,-0.04469744492990951,0.026748483530647307
2020-02-21,0.06275421266705417,0,-0.03193,0,0,0.35842238355926587,1.3604593243821699,-0.3356473787250415,-0.2339355818046613,0.02249251448251063,0.08537455376715551,-0.021063286985650527,-0.014680443250960762,0.6233771954270987,0.039119545093623934,-0.04735659223830692,0.03056133383654019
2020-02-24,0.051125989044430886,0,-0.00548,0,0,0.35842238355926587,0.7859545070477639,-0.3356473787250415,-0.2339355818046613,0.018324698855129832,0.04018270151674506,-0.017160304207488417,-0.01196018799244768,0.3644671942618131,0.01863374578088392,-0.022192144883465333,0.008117141740211687
2020-02-25,0.034023395697257985,0,0.01238,0,0,0.35842238355926587,-0.23937700722266927,-0.3356473787250415,-0.2339355818046613,0.012194746582591278,-0.008144418637562259,-0.0114198635811095,-0.007959282867408258,-0.09761523837345361,-0.003321201881262174,0.004882873022397707,-0.01495697104061193
2020-02-26,0.024677070111252197,0,0.01156,0,0,0.35842238355926587,-0.2014756477457467,-0.3356473787250415,-0.2339355818046613,0.00884481428853413,-0.004971828685131742,-0.008282793897455868,-0.005772844753710201,-0.08053437024102159,-0.001987352300803232,0.0034749439973949217,-0.011362603901911088
2020-02-27,-7.352670857685428e-05,0,0.01785,0,0,0.35842238355926587,-0.46678516408420506,-0.3356473787250415,-0.2339355818046613,-2.635361814338363e-05,3.432117672761845e-05,2.4679047000101167e-05,1.7200513349108188e-05,-0.20010044716804587,1.4712727265023136e-05,0.0016063560673875176,-0.003703970704844375
2020-02-28,0.03522415370539811,0,0.03918,0,0,0.35842238355926587,-1.2487500543449241,-0.3356473787250415,-0.2339355818046613,0.012625125129946737,-0.04398616385386985,-0.011822894859024834,-0.008240182890649123,-0.5525057265319067,-0.019461546634472533,0.02447296874667251,-0.0348279667881276
2020-03-02,-0.025842982105912737,0,0.03015,0,0,0.35842238355926587,-1.0572484485667888,-0.3356473787250415,-0.2339355818046613,-0.0092627032446807,0.027322452737815524,0.008674129202287764,0.006045593054514148,-0.4662023928101448,0.012048060095126273,-0.01243132673947387,0.01636210464318205
2020-03-03,0.03372118876454455,0,0.04401,0,0,0.35842238355926587,-1.3245527732987696,-0.3356473787250415,-0.2339355818046613,0.012086428853439994,-0.0446654940970088,-0.0113184286163117,-0.007888585912778539,-0.5866674627967708,-0.019783124254986326,0.024898120883846526,-0.03490152194743103
2020-03-04,0.0013363812203270875,0,0.04167,0,0,0.35842238355926587,-1.2926358390024137,-0.3356473787250415,-0.2339355818046613,0.00047898894233347516,-0.0017274542599645744,-0.0004485528535801591,-0.00031262711829004047,-0.5722835738431439,-0.0007647890207856475,0.002521614810537127,-0.004949057079633133
2020-03-06,0.0038571068094155336,1,0.06317,0,0,-2.808861128301187,-1.639732499475284,-0.3356473787250415,-0.2339355818046613,-0.010834077384673107,-0.006324623389346071,-0.0012946277900428322,-0.0009023145255433437,-2.156096532515761,-0.008316294617323762,0.005122980693244777,-0.008140110369594087
2020-03-09,-0.11239118475130261,0,0.03309,0,0,0.35842238355926587,-1.1210823171595008,-0.3356473787250415,-0.2339355818046613,-0.0402835163296117,0.12599976982929187,0.03772380655357658,0.026292297194511153,-0.49497017071739885,0.055630283903482965,-0.0634276154761,0.08760509751980519
2020-03-11,-0.11387413743759345,0,0.01809,0,0,0.35842238355926587,-0.47875401444533855,-0.3356473787250415,-0.2339355818046613,-0.04081503976613768,0.05451770043974808,0.03822155573550336,0.026639212593967388,-0.20549440552565598,0.023400498177485112,-0.024220654017390614,0.04874505146055204
2020-03-12,0.008024579793963538,1,0.02102,0,0,-2.808861128301187,-0.6862140873716516,-0.3356473787250415,-0.2339355818046613,-0.02253993025421533,-0.005506579699855685,-0.002693429173213795,-0.0018772347428387894,-1.726377850026155,-0.013853456812066098,0.004713876286488563,-0.008705926180133317
2020-03-13,-0.0007511535572485295,0,0.03217,0,0,0.35842238355926587,-1.1051238500113227,-0.3356473787250415,-0.2339355818046613,-0.0002692302484080394,0.0008301177111361954,0.00025212272251045936,0.00017572154443957572,-0.4877782262405853,0.0003663963497889937,0.001194371281540222,-0.003133464887906612
2020-03-16,-0.008314383172256856,0,0.03813,0,0,0.35842238355926587,-1.2288019704097017,-0.3356473787250415,-0.2339355818046613,-0.0029800610344253528,0.01021673042481049,0.002790700917483609,0.0019450300647487933,-0.5435157959358898,0.004518998587585154,-0.003680249357863913,0.0035104642718067408
2020-03-17,-0.008328291276648914,0,0.0369,0,0,0.35842238355926587,-1.2008746529003906,-0.3356473787250415,-0.2339355818046613,-0.0029850460103523447,0.010001233896099115,0.0027953691362658374,0.0019482836652415492,-0.5309298931014663,0.004421738797229082,-0.003561719299035833,0.0033951878134714166
2020-03-18,0.018973538819424096,0,0.01272,0,0,0.35842238355926587,-0.2593250911578916,-0.3356473787250415,-0.2339355818046613,0.006800541008212244,-0.004920314683934949,-0.0063684185698775165,-0.004438585842615302,-0.10660516896947042,-0.002022677311793512,0.0036480286479812843,-0.010201429641402552
2020-03-19,0.03975411344646074,0,0.00363,0,0,0.35842238355926587,0.2593250911578916,-0.3356473787250415,-0.2339355818046613,0.01424876409776592,0.010309239093404594,-0.013343363971842473,-0.009299901658226303,0.1271330265269679,0.0050540607593449844,-0.005427461369186736,-0.005987255439845533
2020-03-20,0.016989317875241383,0,0.00981,0,0,0.35842238355926587,-0.10572484485667884,-0.3356473787250415,-0.2339355818046613,0.0060893518078900585,-0.0017961929965806958,-0.005702420011151262,-0.003974405961608926,-0.03738270338014057,-0.0006351066307610687,0.002006808608259781,-0.008096029720674672
2020-03-23,0.0010772766446420778,0,0.02182,0,0,0.35842238355926587,-0.7360842972097077,-0.3356473787250415,-0.2339355818046613,0.0003861200627253418,-0.0007929664218717958,-0.00036158508193582145,-0.00025201333862891786,-0.3214645102142734,-0.00034630620893514143,0.002018889829385678,-0.004385718318820562
2020-03-24,0.013505642519111793,0,0.00828,0,0,0.35842238355926587,-0.019948083935222342,-0.3356473787250415,-0.2339355818046613,0.004840724583199417,-0.00026941169057034976,-0.00453313350953734,-0.003159450340354189,0.0012739981827319367,1.72061640259756e-05,0.0012934609452654728,-0.006567726436425628
2020-03-25,0.0035808586826777677,0,0.0149,0,0,0.35842238355926587,-0.3391174268987814,-0.3356473787250415,-0.2339355818046613,0.0012834599042342585,-0.0012143315825578445,-0.001201905830425598,-0.0008376902592924966,-0.1425648913535379,-0.0005105047290483288,0.0021613325033455495,-0.005113837913444012
2020-03-26,-0.009180841221265279,0,0.02801,0,0,0.35842238355926587,-0.9614976456777213,-0.3356473787250415,-0.2339355818046613,-0.0032906189936050627,0.008827357219587542,0.0030815252904084997,0.0021477254325529102,-0.423050725949264,0.003883961543481204,-0.0028886330392263117,0.002921543320973256
2020-03-27,0.008433296982915284,0,0.00668,0,0,0.35842238355926587,0.0857767609214565,-0.3356473787250415,-0.2339355818046613,0.0030226824058796615,0.0007233808990831647,-0.0028306140263253165,-0.001972848236229782,0.04892063034162129,0.0004125622042623087,0.0009286788503290297,-0.005016342237364777
2020-03-30,0.025090922449579445,0,-0.00232,0,0,0.35842238355926587,0.6104113684178065,-0.3356473787250415,-0.2339355818046613,0.008993148230078959,0.015315784307312851,-0.008421702349994639,-0.005869659541258006,0.28535580501686475,0.0071598403742154666,-0.007652292950504796,-0.0003321817415591743
2020-03-31,0.058915437673868976,0,-0.00375,0,0,0.35842238355926587,0.7061621713068741,-0.3356473787250415,-0.2339355818046613,0.021116611599505487,0.04160385339127413,-0.01977481222167268,-0.013782417189512801,0.32850747187774554,0.019354161484813583,-0.02324550964524883,0.007348277304930064
2020-04-02,-0.011400709855519331,0,-0.01038,0,0,0.35842238355926587,0.9654872624647658,-0.3356473787250415,-0.2339355818046613,-0.004086269600682852,-0.011007240148560435,0.00382661837860981,0.0026670316930370508,0.4453765696259648,-0.0050776090467521285,0.008054204515291406,-0.007501987973060321
2020-04-03,-0.03132648066568766,0,-0.0001,0,0,0.35842238355926587,0.4947124815935163,-0.3356473787250415,-0.2339355818046613,-0.01122811186871903,-0.01549760098971365,0.010514651120118757,0.007328378480420117,0.23321420755996686,-0.007305780364090971,0.011217084150244859,-0.0060035208206307075
2020-04-06,0.014160870340645504,0,0.00406,0,0,0.35842238355926587,0.23937700722266927,-0.3356473787250415,-0.2339355818046613,0.005075572900767875,0.003389786761811982,-0.004753059010302849,-0.0033127314419992785,0.11814309593095111,0.001673009063120642,-0.0007340070540000692,-0.004693539538805175
2020-04-08,0.008545454545454634,0,0.01217,0,0,0.35842238355926587,-0.21942892328744693,-0.3356473787250415,-0.2339355818046613,0.0030628821867792126,-0.0018751198899109294,-0.0028682594181958392,-0.0019990858808762173,-0.0886253077774368,-0.0007573435391890132,0.002348060714713674,-0.006461961746395857
2020-04-09,-0.004132528388673173,0,0.01989,0,0,0.35842238355926587,-0.6183906019918953,-0.3356473787250415,-0.2339355818046613,-0.0014811906751945711,0.002555516718020201,0.0013870723211649703,0.0009667454329285384,-0.2684239196977739,0.001109269468349979,0.0003686192715132624,-0.0015166889893906898
2020-04-13,0.08704525923804063,0,0.01921,0,0,0.35842238355926587,-0.5625359669732726,-0.3356473787250415,-0.2339355818046613,0.03119896929363273,-0.04896608907591037,-0.02921651309369004,-0.020362983363188605,-0.2432521140289267,-0.021173943325849345,0.02537175959018894,-0.04784955810418351
2020-04-14,0.0020790766032188213,0,0.01918,0,0,0.35842238355926587,-0.5585463501862283,-0.3356473787250415,-0.2339355818046613,0.0007451875917279919,-0.0011612606484854538,-0.0006978366120389606,-0.00048636999479045396,-0.24145412790972343,-0.0005020016280877106,0.002185266886293331,-0.004786452031889751
2020-04-15,-0.0008239002722453259,0,0.02013,0,0,0.35842238355926587,-0.6343490691400734,-0.3356473787250415,-0.2339355818046613,-0.0002953042993932978,0.0005226403707630755,0.00027653996670999175,0.00019273958953672918,-0.27561586417458744,0.00022707998552857337,0.0013653609022509189,-0.0032874364635201553
2020-04-16,0.007390664801061986,0,0.01842,0,0,0.35842238355926587,-0.4987020983805609,-0.3356473787250415,-0.2339355818046613,0.0026489796940842043,-0.003685740044716963,-0.002480657267511886,-0.0017289394701596671,-0.2144843361216728,-0.001585181833353595,0.0033805933672956673,-0.0072243479882613
2020-04-17,0.0037606102933276375,0,0.01604,0,0,0.35842238355926587,-0.39497206191740414,-0.3356473787250415,-0.2339355818046613,0.0013478869049720018,-0.001485336001623431,-0.0012622389873618311,-0.0008797405569101989,-0.16773669702238506,-0.0006307923493911606,0.0023034321881708936,-0.005297987895887058
2020-04-20,-0.002246069378587401,1,0.02138,0,0,-2.808861128301187,-0.7141414048809632,-0.3356473787250415,-0.2339355818046613,0.006308896968981752,0.0016040111414845186,0.000753887299357444,0.0005254355468534777,-1.7389637528605788,0.0039058332357735748,0.0007229465319748824,-0.0023123261359273705
2020-04-21,-0.008647269376616973,1,0.02797,0,0,-2.808861128301187,-0.9575080288906767,-0.3356473787250415,-0.2339355818046613,0.02428897881792865,0.008279829856091228,0.0029024332993908106,0.0020229039926405227,-1.8486409061319848,0.015985695895956564,-0.0029936399110299405,0.0029017287528644974
2020-04-22,-0.007947019867549754,1,0.01455,0,0,-2.808861128301187,-0.3251537681441258,-0.3356473787250415,-0.2339355818046613,0.02232207519179775,0.0025840034554500337,0.0026673963872189017,0.0018590907163284541,-1.56366010623825,0.012426437930370331,0.00013282451715876137,-0.000388548951636273
2020-04-23,-0.006526104417670653,1,0.01338,0,0,-2.808861128301187,-0.2872524086672032,-0.3356473787250415,-0.2339355818046613,0.01833092101802975,0.0018746392131895706,0.0021904698410770682,0.0015266880338657546,-1.5465792381058179,0.010093137598080091,0.0005346732250710351,-0.0011228003420112463
2020-04-24,-0.0045977011494251485,0,0.01156,0,0,0.35842238355926587,-0.2014756477457467,-0.3356473787250415,-0.2339355818046613,-0.0016479190048701382,0.000926324817221796,0.0015432063389656616,0.001075565893354732,-0.08053437024102159,0.00037027296662537544,0.0012774342982619902,-0.0023166835557132236
2020-04-27,-0.0016946096989364223,0,0.00779,0,0,0.35842238355926587,0.007979233574089053,-0.3356473787250415,-0.2339355818046613,-0.0006073860474954424,-1.3521686604730443e-05,0.0005687913034100419,0.0003964295058525139,0.01385990101715553,-2.3487122689970546e-05,0.001689777064514736,-0.0034081627094681875
2020-04-28,-0.0006831583489140813,0,0.0109,0,0,0.35842238355926587,-0.16157947987530163,-0.3356473787250415,-0.2339355818046613,-0.00024485924376619765,0.0001103843706900071,0.0002293003090671387,0.00015981504581792744,-0.06255450904898778,4.2734635119037455e-05,0.0015862085859293348,-0.0035412086909173733
2020-04-29,0.0072079864489855705,0,0.00691,0,0,0.35842238355926587,0.07580271895384533,-0.3356473787250415,-0.2339355818046613,0.002583503683708297,0.0005463849710155787,-0.002419341757487627,-0.0016862045035835542,0.044425665043612866,0.0003202195916215335,0.0010688755345876241,-0.004869895188977144
2020-04-30,0.012796616244892034,0,0.01228,0,0,0.35842238355926587,-0.22341854007449116,-0.3356473787250415,-0.2339355818046613,0.004586593695987425,-0.0028590013193272954,-0.004295150699148295,-0.0029935838663797984,-0.09042329389664004,-0.0011571121915943906,0.0027369447229202426,-0.007845343740106007
2020-05-01,-0.06596620450606583,0,0.00772,0,0,0.35842238355926587,0.01595846714817791,-0.3356473787250415,-0.2339355818046613,-0.0236437642534221,-0.0010527195075000371,0.022141383626901018,0.01543184243057178,0.017455873255562224,-0.0011514977050083829,0.004527417946616061,0.008789609333149755
2020-05-04,-0.04128723288466418,0,3e-05,0,0,0.35842238355926587,0.4867332480194274,-0.3356473787250415,-0.2339355818046613,-0.01479826842108784,-0.020095868963687112,0.013857951492547867,0.00965855284597846,0.22961823532156014,-0.009480301556286876,0.01408736286380577,-0.006543625168633277
2020-05-05,0.0026979677645411204,0,0.00459,0,0,0.35842238355926587,0.19948083935222438,-0.3356473787250415,-0.2339355818046613,0.0009670120369328926,0.0005381928742159072,-0.0009055658080528871,-0.0006311506586881485,0.10016323473891736,0.00027023717851776437,0.0012325403726171362,-0.003978506182111251
2020-05-06,-0.015682889104708497,0,0.00769,0,0,0.35842238355926587,0.023937700722266964,-0.3356473787250415,-0.2339355818046613,-0.005621098494005261,-0.0003754123058490133,0.005263920618830921,0.0036687857870879663,0.021051845493969018,-0.0003301537583313734,0.0023817096389039706,-0.00082773900262197
2020-05-07,-0.0020103388856979043,0,0.00512,0,0,0.35842238355926587,0.171553521842913,-0.3356473787250415,-0.2339355818046613,-0.0007205504551737214,-0.0003448807159392328,0.0006747649773335225,0.00047028979685027374,0.08757733190449381,-0.0001760601158332756,0.0018824238629099202,-0.003526949216865612
2020-05-08,-0.12928862182593537,0,0.00453,0,0,0.35842238355926587,0.2034704561392688,-0.3356473787250415,-0.2339355818046613,-0.046339936001944276,-0.026306414856540495,0.0433953870148484,0.030245208967573024,0.10196122085812072,-0.013182425724436243,0.020595157195538304,0.007535236621228757
2020-05-11,0.059396751740139475,0,0.00846,0,0,0.35842238355926587,-0.03191693429635582,-0.3356473787250415,-0.2339355818046613,0.021289125334378763,-0.00189576222270699,-0.019936364026359864,-0.013895013675636557,-0.004119960174878192,-0.0002447122516865016,0.0005646108993609385,-0.016574439725803462
2020-05-13,0.02238057723984821,0,0.01144,0,0,0.35842238355926587,-0.19549122256517995,-0.3356473787250415,-0.2339355818046613,0.00802169983973865,-0.0043752064063323675,-0.007511982084908377,-0.005235613357728052,-0.07783739106221653,-0.0017420457428162076,0.0032291944065063255,-0.010579622915040342
2020-05-14,0.02634880803011308,0,0.00884,0,0,0.35842238355926587,-0.039896167870444685,-0.3356473787250415,-0.2339355818046613,0.009444002578098656,-0.0010512164683555124,-0.00884390834783678,-0.006163923736383835,-0.007715932413284887,-0.00020330562193097062,0.0012684085161572577,-0.00954714740334706
2020-05-15,0.021447148099326574,0,0.01494,0,0,0.35842238355926587,-0.34909146886639275,-0.3356473787250415,-0.2339355818046613,0.007687137942309209,-0.007487016432988977,-0.007198679040666721,-0.0050172510686666985,-0.1470598566515464,-0.0031540145250714517,0.004966646856035904,-0.012098713075508569
2020-05-18,0.02251721799950035,0,0.01251,0,0,0.35842238355926587,-0.2433666240097135,-0.3356473787250415,-0.2339355818046613,0.008070674946504519,-0.005479939326629155,-0.007557845197712616,-0.005267578493335506,-0.09941322449265687,-0.002238509247934422,0.0038294941540666415,-0.011211887798208114
2020-05-19,0.03061989222368955,0,0.01063,0,0,0.35842238355926587,-0.13564697075951254,-0.3356473787250415,-0.2339355818046613,0.010974854755142639,-0.004153495625126242,-0.01027748656172468,-0.007163082302144839,-0.05086759927416589,-0.0015575604074527882,0.002816951163497213,-0.01209484861644802
2020-05-20,0.029227855790188384,0,0.00976,0,0,0.35842238355926587,-0.0997404196761121,-0.3356473787250415,-0.2339355818046613,0.01047591773864581,-0.002915198602746272,-0.009810253181730259,-0.006837435449180459,-0.03468572420133551,-0.0010137893449348814,0.0021877992922892634,-0.011140049892275686
2020-05-21,0.0359603246167719,0,0.00036,0,0,0.35842238355926587,0.4528215053295493,-0.3356473787250415,-0.2339355818046613,0.012888985262708328,0.0162836083251059,-0.012069988695721071,-0.008412399461109018,0.21433535330833153,0.0077075688818180966,-0.008566049910334597,-0.001961164701580387
2020-05-22,0.03552327262214505,0,0.0001,0,0,0.35842238355926587,0.4787540144453383,-0.3356473787250415,-0.2339355818046613,0.012732336045054842,0.017006909374088122,-0.011923293339358019,-0.008310157448467099,0.22602226308315343,0.008029050470177051,-0.008946815872462965,-0.0014781567268100995
2020-05-25,0.03663824252059533,0,0.0003,0,0,0.35842238355926587,0.46678516408420484,-0.3356473787250415,-0.2339355818046613,0.013131966213654225,0.017102188046732983,-0.01229753006313018,-0.00857098858035575,0.22062830472554326,0.008083433335442263,-0.00903835717980115,-0.0016474465513605652
2020-05-26,0.04644690233499582,0,-0.00054,0,0,0.35842238355926587,0.5146605655287388,-0.3356473787250415,-0.2339355818046613,0.016647609443853635,0.02390438902278705,-0.015589781018639358,-0.010865583120761529,0.24220413815598382,0.011249631950062816,-0.01311048202652848,0.00013008375496098568
2020-05-27,0.03942356069862729,0,0.00312,0,0,0.35842238355926587,0.27927317509311417,-0.3356473787250415,-0.2339355818046613,0.01413028659399539,0.011009942969781753,-0.013232414808501817,-0.009222573608844755,0.13612295712298486,0.005366451662614634,-0.005799608436983319,-0.005537780322667402
2020-05-28,-0.08799371473466178,0,0.00834,0,0,0.35842238355926587,-0.023937700722266964,-0.3356473787250415,-0.2339355818046613,-0.031538916973431565,0.0021063672087588666,0.029534859694968288,0.0205848608516065,-0.000523987936471498,4.610764500627707e-05,0.003574457868713698,0.014895587832086835
2020-05-29,0.018891930446852,0,0.01867,0,1,0.35842238355926587,-0.5306190326769167,-0.3356473787250415,4.477418228493867,0.0067712907407965605,-0.010024417859108199,-0.006341026933541677,0.08458707375417343,-0.22886822507529972,-0.0043237625896170315,0.006446704193424745,0.07602555440994271
2020-06-01,0.06652767953538596,0,0.01945,0,1,0.35842238355926587,-0.5784944341214506,-0.3356473787250415,4.477418228493867,0.02384500947174003,-0.038485892326236316,-0.022329841248711887,0.29787224505113546,-0.25044405850574025,-0.01666146206581134,0.020355337075547493,0.275402092824782
2020-06-02,-0.04965903129917815,0,0.02188,0,1,0.35842238355926587,-0.7420687223902744,-0.3356473787250415,4.477418228493867,-0.017798908363495618,0.036850413911319775,0.016667923685593937,-0.2223442519482877,-0.32416148939307843,0.016097545547759086,-0.016809741077416958,-0.2076493260216767
2020-06-03,0.02351212343864817,1,0.02819,0,1,-2.808861128301187,-0.9814457296129436,-0.3356473787250415,4.477418228493867,-0.06604228957063808,-0.023075873142993645,-0.007891782600441868,0.10527361007480121,-1.859428822847205,-0.04371912000816374,0.014482405948412349,0.08867638897558289
2020-06-04,0.03349696794686685,0,0.02267,0,0,0.35842238355926587,-0.7739856566866302,-0.3356473787250415,-0.2339355818046613,0.012006063093524345,-0.025926172733366743,-0.011243169486602594,-0.007836132685342388,-0.33854537834670534,-0.0113402436870395,0.014641487862638188,-0.024592435698786542
2020-06-05,0.024021641118124437,0,0.02035,0,0,0.35842238355926587,-0.6463179195012069,-0.3356473787250415,-0.2339355818046613,0.008609893866563429,-0.01552561711047083,-0.008062800873972143,-0.005619516590871215,-0.2810098225321976,-0.0067503171075362885,0.009278961454822507,-0.017013293196499687
2020-06-08,-0.041200134093194785,0,0.02009,0,0,0.35842238355926587,-0.6303594523530288,-0.3356473787250415,-0.2339355818046613,-0.014767050264644248,0.025970893963857617,0.013828717011501046,0.009638177339521584,-0.27381787805538405,0.01128133329299588,-0.011148985739870925,0.018672347928586543
2020-06-10,-0.009366621400466624,1,0.02055,0,0,-2.808861128301187,-0.6582867698623404,-0.3356473787250415,-0.2339355818046613,0.026309538755284724,0.0061659229462366445,0.0031438819205765,0.0021911860268621513,-1.7137919471917318,0.01605244032851344,-0.0018424668286503583,0.0019188377047065438
2020-06-16,-0.00441315540611531,1,0.01889,0,0,-2.808861128301187,-0.5425878830380502,-0.3356473787250415,-0.2339355818046613,0.012395940673389533,0.0023945246493220326,0.00148126404396885,0.0010323940775239715,-1.6616503497348336,0.007333121224005677,0.0002696682506340837,-0.0013520893239160779
2020-06-17,-0.006841186736474603,1,0.02084,0,0,-2.808861128301187,-0.6782348537975628,-0.3356473787250415,-0.2339355818046613,0.019215943495533166,0.004639931286014678,0.0022962263954662216,0.0016003969994315183,-1.7227818777877484,0.011785872532160353,-0.000982975110551389,0.0004685569591769416
2020-06-18,-0.014060428441839523,0,0.0214,0,0,0.35842238355926587,-0.7181310216680075,-0.3356473787250415,-0.2339355818046613,-0.0050395722759886165,0.010097229842028127,0.004719345950254456,0.0032892345079645366,-0.3133735726778582,0.004406166694200623,-0.003411990209828877,0.004586409566987448
2020-06-19,-0.017568321249302965,0,0.01997,0,0,0.35842238355926587,-0.6223802187789399,-0.3356473787250415,-0.2339355818046613,-0.006296879577310068,0.010934175622719878,0.005896760975927987,0.0041098554527868834,-0.2702219058169773,0.004747345249991547,-0.0037466226561297324,0.00574166295811065
2020-06-22,-0.017789028365351234,0,0.02685,0,0,0.35842238355926587,-0.9335703281684097,-0.3356473787250415,-0.2339355818046613,-0.00637598594791258,0.0166073090488381,0.005970840740895552,0.004161486700388064,-0.41046482311484034,0.007301770381368772,-0.00684631706669123,0.008892988616273328
2020-06-23,-0.017884375433245392,0,0.02325,0,0,0.35842238355926587,-0.8098922077700307,-0.3356473787250415,-0.2339355818046613,-0.0064101604712525915,0.014484416304219209,0.006002843734303345,0.004183791772189253,-0.3547272534195357,0.006344075376558957,-0.005680127912838341,0.007749104534221628
2020-06-24,-0.020649070269517344,0,0.01949,0,0,0.35842238355926587,-0.5824840509084949,-0.3356473787250415,-0.2339355818046613,-0.007401088984283179,0.012027754098082629,0.0069308063090726835,0.004830552267224874,-0.25224204462494354,0.005208563704387189,-0.0042369025094179,0.006952639625836809
2020-06-25,-0.02556590282864213,0,0.01643,0,0,0.35842238355926587,-0.402951295491493,-0.3356473787250415,-0.2339355818046613,-0.00916339182968649,0.010301813665210971,0.008581128269172855,0.005980774352579833,-0.17133266926079177,0.004380274373693283,-0.003117975194113846,0.006983934395887713
2020-06-26,-0.024912891986062613,0,0.01696,0,0,0.35842238355926587,-0.4308786130008046,-0.3356473787250415,-0.2339355818046613,-0.008929338126999095,0.010734432344793519,0.00836194689158201,0.005828011881196242,-0.18391857209521548,0.004581943520838972,-0.0033779915089526677,0.007091188239342944
2020-06-29,-0.035444609178360786,0,0.02516,0,1,0.35842238355926587,-0.8617572260016092,-0.3356473787250415,4.477418228493867,-0.012704141306034705,0.030544648082255366,0.011896890160650346,-0.1587003392370336,-0.3781010729691797,0.013401644761311449,-0.013857416672633857,-0.14695773771520573
2020-06-30,0.07069727759249189,0,0.0232,0,0,0.35842238355926587,-0.8059025909829864,-0.3356473787250415,-0.2339355818046613,0.02533948674585202,-0.056975119187232644,-0.023729355906916518,-0.016538608765605235,-0.3529292673003325,-0.02495113838084638,0.030335730716768247,-0.048989154633179446
2020-07-01,0.04788902747855017,1,0.0281,0,1,-2.808861128301187,-0.9694768792518101,-0.3356473787250415,4.477418228493867,-0.13451362775664696,-0.046427304910309004,-0.01607382654286685,0.2144192045773042,-1.8540348644895948,-0.08878792657173225,0.027501278966757345,0.1848031104597409
2020-07-02,-0.015060762386178594,0,0.0248,0,0,0.35842238355926587,-0.8497883756404757,-0.3356473787250415,-0.2339355818046613,-0.005398114352673868,0.012798460804057882,0.005055105416521547,0.0035232482112324487,-0.3727071146115696,0.005613253292803082,-0.0048562954935039765,0.0062647285539304595
2020-07-07,0.04883384626793741,0,0.00926,0,0,0.35842238355926587,-0.059844251805667416,-0.3356473787250415,-0.2339355818046613,0.017503143577720887,-0.002922424992697698,-0.016390952492894843,-0.011423974238449326,-0.016705863009301887,-0.0008158115459694705,0.0014997794866782957,-0.015038568875933588
2020-07-08,0.11093276912413819,0,-0.00336,0,0,0.35842238355926587,0.6782348537975628,-0.3356473787250415,-0.2339355818046613,0.03976078752430334,0.07523847044826865,-0.0372342931712272,-0.025951121886257436,0.315921569043322,0.035046054480018324,-0.04350493191841438,0.015438994881350983
2020-07-09,-0.060528975154197306,0,0.00185,0,0,0.35842238355926587,0.3550758940469593,-0.3356473787250415,-0.2339355818046613,-0.02169493954916698,-0.021492379968622792,0.020316391847419492,0.014159881018737035,0.17028469338784885,-0.01030715797521321,0.015531430222541333,-0.0034863643546102635
2020-07-13,-0.041962195590650175,0,0.00796,0,0,0.35842238355926587,-0.003989616787044622,-0.3356473787250415,-0.2339355818046613,-0.015040190162980952,0.00016741307994970776,0.014084500955549226,0.009816450639299742,0.008465942659545325,-0.0003552495417390701,0.003011882176484452,0.004689753312009324
2020-07-14,-0.032817512073037514,0,-0.0005,0,0,0.35842238355926587,0.5106709487416944,-0.3356473787250415,-0.2339355818046613,-0.01176253089970309,-0.016758950025680078,0.011015111903592445,0.007677183780187527,0.24040615203678042,-0.007889531796899534,0.011960618488080272,-0.00639824985869871
2020-07-15,-0.0187768803105004,0,0.00662,0,0,0.35842238355926587,0.09375599449554536,-0.3356473787250415,-0.2339355818046613,-0.006730054196696601,-0.0017604450870347896,0.006302410656853302,0.0043925804199134,0.052516602580027966,-0.0009860979609593015,0.0032495675107470988,-0.0009718022416396643
2020-07-16,-0.007061799529213375,0,0.00126,0,0,0.35842238355926587,0.4029512954914932,-0.3356473787250415,-0.2339355818046613,-0.0025311070194783594,-0.0028455612687977466,0.0023702745010622016,0.0016520061814544143,0.19186052681828936,-0.001354880577960026,0.00343047012160191,-0.0038932790909534613
2020-07-17,-0.012921170298911933,0,0.00036,0,0,0.35842238355926587,0.4528215053295493,-0.3356473787250415,-0.2339355818046613,-0.004631236656911206,-0.005850983785372764,0.004336956940889651,0.0030227214914730727,0.21433535330833153,-0.0027694636011744087,0.005283505594179501,-0.004375599253512394
2020-07-20,-0.025218951144877155,0,0.00133,0,0,0.35842238355926587,0.39497206191740414,-0.3356473787250415,-0.2339355818046613,-0.009039036580211548,-0.00996078113308641,0.008464674845972901,0.0058996100085801665,0.18826455457988261,-0.004747834604262118,0.00796870594388433,-0.004183911086110129
2020-07-21,-0.034911745941730965,0,-0.00532,0,0,0.35842238355926587,0.7739856566866304,-0.3356473787250415,-0.2339355818046613,-0.01251315119465074,-0.027021190608787445,0.011718036012056605,0.008167099598695356,0.3590732359042029,-0.012535873586362762,0.017655720808985764,-0.011603436361096373
2020-07-23,-0.006953806854466893,0,-0.00742,0,0,0.35842238355926587,0.8657468427886534,-0.3356473787250415,-0.2339355818046613,-0.0024924000275887846,-0.0060202363296168095,0.002334027042862039,0.0016267428522569545,0.4004269166458804,-0.0027844914376851664,0.005165601005427485,-0.0056536733039764964
2020-07-24,-0.007774675760681471,0,-0.00236,0,0,0.35842238355926587,0.6183906019918953,-0.3356473787250415,-0.2339355818046613,-0.0027866178175439014,-0.004807786423939611,0.002609549539509854,0.0018187732974176178,0.2889517772552713,-0.0022465063786323894,0.004530448096529493,-0.004826489949917841
2020-07-27,-0.04517859663984192,0,-0.00189,0,0,0.35842238355926587,0.5844788593020172,-0.3356473787250415,-0.2339355818046613,-0.01619302029351478,-0.026405934628920748,0.015164077536638908,0.010568881290059536,0.27366889524204274,-0.012363976631011402,0.017681072068322184,-0.009227005929068614
2020-07-28,-0.04011502005751011,0,-0.00896,0,0,0.35842238355926587,0.9295807113813654,-0.3356473787250415,-0.2339355818046613,-0.014378121105540532,-0.03729014888213799,0.013464501329805733,0.009384330556259285,0.42919469455313447,-0.017217153780575915,0.023464233917436086,-0.016194718511982766
2020-07-29,-0.027524249257310562,0,-0.01495,0,0,0.35842238355926587,1.0811861492890558,-0.3356473787250415,-0.2339355818046613,-0.009865307024484606,-0.02975883706658376,0.009238442114590961,0.006438901263745463,0.4975181670828626,-0.013693814040828993,0.018894542931446847,-0.01457045681850735
2020-07-30,-0.0822162007986309,0,-0.01278,1,0,0.35842238355926587,1.009373047122255,3.0442436675061906,-0.2339355818046613,-0.029468126657432505,-0.08298681712292925,-0.25028614864764953,0.01923329476759658,1.9883576492068769,-0.16347521174668628,0.024943717990725412,-0.007825238373934795
2020-07-31,0.010597757050049061,0,-0.01262,1,0,0.35842238355926587,1.0053834303352107,3.0442436675061906,-0.2339355818046613,0.0037984733422605985,0.010654809336837488,0.032262154789380944,-0.002479192461327678,1.9865596630876738,0.021053076674830484,-0.0013604021926288184,-0.0032336054195048255
2020-08-04,0.004328692013563229,0,-0.01608,1,0,0.35842238355926587,1.0931549996501893,3.0442436675061906,-0.2339355818046613,0.0015515001091952905,0.004731931316572489,0.01317759325087448,-0.0010126350846461048,2.026115357710148,0.008770429367477723,0.00019604701099600668,-0.003323497246448077
2020-08-05,-0.00031640007031108475,0,-0.02005,1,0,0.35842238355926587,1.180926568965168,3.0442436675061906,-0.2339355818046613,-0.0001134048673592183,-0.00037364524945280724,-0.0009631989104430332,7.401723453125936e-05,2.0656710523326223,-0.0006535784661976141,0.001742041367848193,-0.0037828392841228993
2020-08-06,0.0010449684767843692,0,-0.0452,1,0,0.35842238355926587,1.5559505469473496,3.0442436675061906,-0.2339355818046613,0.000374540092193349,0.001625919272995378,0.0031811386681944056,-0.00024445530858408215,2.2346817475377394,0.002335171981822344,0.001013295122969833,-0.003372565582359881
2020-08-07,-0.039400244393804296,0,-0.03589,1,0,0.35842238355926587,1.4242931929748817,3.0442436675061906,-0.2339355818046613,-0.014121929508444937,-0.0561174998916422,-0.11994394449403502,0.009217119095510453,2.175348205604028,-0.08570925094242234,0.021753360103658817,-0.01465105615895433
2020-08-10,0.1520065156226862,0,-0.03357,1,0,0.35842238355926587,1.3843970251044369,3.0442436675061906,-0.2339355818046613,0.05448253764602197,0.21043736802453786,0.46274487260404323,-0.035559732670292436,2.1573683444119944,0.32793404494875045,-0.07272040991121917,0.03504586209012077
2020-08-13,0.08800444279896324,0,-0.03801,1,0,0.35842238355926587,1.4841374447805489,3.0442436675061906,-0.2339355818046613,0.03154276215180948,0.13061068886498928,0.26790696770315464,-0.020587370527570502,2.2023179973920786,0.19381376822661847,-0.0462264040381179,0.023524218359741438
2020-08-14,0.08015643846631826,0,-0.02077,0,0,0.35842238355926587,1.2008746529003906,-0.3356473787250415,-0.2339355818046613,0.028729861732719415,0.09625783522097146,-0.02690429845915481,-0.018751443068007696,0.5514577506589639,0.04420288925746951,-0.0539321560587195,0.03306589783990584
2020-08-17,0.08189262966333022,0,-0.01935,0,0,0.35842238355926587,1.156988868242901,-0.3356473787250415,-0.2339355818046613,0.029352151519867056,0.09474886091161146,-0.02748704648339737,-0.01915759996580482,0.5316799033477266,0.04354066542429058,-0.05316688617138302,0.031894471054772236
2020-08-18,0.06417836028207158,0,0.00284,0,0,0.35842238355926587,0.31119010938946995,-0.3356473787250415,-0.2339355818046613,0.023002960865225415,0.019971670956614666,-0.02154129839954864,-0.015013602051855581,0.1505068460766118,0.009659282592423083,-0.011582136128119678,-0.005546281074541869
2020-08-19,0.056972097464370375,0,0.00959,0,0,0.35842238355926587,-0.09575080288906786,-0.3356473787250415,-0.2339355818046613,0.020420074969550436,-0.005455124074487691,-0.0191225351743835,-0.013327800766959353,-0.032887738082132245,-0.0018736834193979234,0.002599843478279387,-0.018042459396044704
2020-08-20,0.06707426078873024,0,0.00146,0,0,0.35842238355926587,0.37901359476922625,-0.3356473787250415,-0.2339355818046613,0.024040916427372497,0.025422056698025206,-0.022513299813657142,-0.015691056221729192,0.1810726101030691,0.012145311471749328,-0.0146698177299329,-0.003136053642602256
2020-08-21,0.05455267528341379,0,-0.00966,0,0,0.35842238355926587,0.9375599449554544,-0.3356473787250415,-0.2339355818046613,0.01955289990461582,0.0511464032358902,-0.0183104624613162,-0.01276181183142617,0.4327906667915412,0.023609888711171083,-0.02831850352891706,0.013441876546684925
2020-08-24,0.062059600704638784,0,-0.02596,0,0,0.35842238355926587,1.2607189047060576,-0.3356473787250415,-0.2339355818046613,0.022243550007292928,0.0782397118268475,-0.02083014230123475,-0.014517948797404643,0.5784275424470143,0.03589698232082721,-0.043423935009723524,0.026791171061512915
2020-08-25,0.024081296740258162,0,0.00122,0,0,0.35842238355926587,0.4109305290655821,-0.3356473787250415,-0.2339355818046613,0.008631275776841309,0.009895740010059564,-0.00808282412716754,-0.005633472163542987,0.19545649905669607,0.004706845953596287,-0.004647805602858806,-0.0031004817114901467
2020-08-26,0.02969519594546366,0,0.00416,0,0,0.35842238355926587,0.23538739043562465,-0.3356473787250415,-0.2339355818046613,0.010643422911032532,0.0069898746820772325,-0.009967114679821358,-0.006946762940305461,0.11634510981174771,0.0034548908331563347,-0.0032542431099585383,-0.005807334981152888
2020-08-27,0.06173250480840364,0,-0.03127,0,0,0.35842238355926587,1.3564697075951255,-0.3356473787250415,-0.2339355818046613,0.022126311516511874,0.08373827274656997,-0.020720353421071706,-0.014441429428612958,0.6215792093078953,0.03837164152740338,-0.04642425164381796,0.029868007064399033
2020-08-28,0.06919122813505418,0,-0.03052,0,0,0.35842238355926587,1.3405112404469475,-0.3356473787250415,-0.2339355818046613,0.02479968490955906,0.09275161905536922,-0.02322385435429728,-0.01618629020955295,0.6143872648310819,0.042510209404199334,-0.05162460202277172,0.033323496662412806
2020-08-31,0.12486903884210943,0,-0.02484,0,0,0.35842238355926587,1.2327915871967465,-0.3356473787250415,-0.2339355818046613,0.04475585853454341,0.15393750058589628,-0.04191196557126942,-0.02921131125091772,0.5658416396125909,0.0706561016752675,-0.0871045458429544,0.05577841944123072
2020-09-01,-0.08738508860847982,0,-0.01954,0,0,0.35842238355926587,1.1689577186040345,-0.3356473787250415,-0.2339355818046613,-0.03132077174658899,-0.10214947381977998,0.02933057593109174,0.020442481544676608,0.5370738617053368,-0.046932246994419294,0.060659578040378005,-0.04233191164650736
2020-09-03,-0.004385170151850026,0,-0.00845,0,0,0.35842238355926587,0.9056430106590986,-0.3356473787250415,-0.2339355818046613,-0.0015717431381390343,-0.003971398698573874,0.0014718708667317535,0.001025847330785471,0.41840677783791425,-0.0018347849135065667,0.003952683047397326,-0.005041650867417821
2020-09-04,0.00816947234403731,0,-0.01379,0,0,0.35842238355926587,1.0612380653538334,-0.3356473787250415,-0.2339355818046613,0.0029281217499713555,0.0086697550253478,-0.0027420619778428437,-0.0019111302658394583,0.48852823648684573,0.003991017917260605,-0.003414671476810322,-0.0006112739398351024
2020-09-07,-0.0029512864136660433,0,0.00167,0,0,0.35842238355926587,0.3650499360145705,-0.3356473787250415,-0.2339355818046613,-0.0010578071109522609,-0.0010773669164694602,0.000990591548613836,0.0006904109042531582,0.17477965868585735,-0.000515824832064759,0.0023168564476101663,-0.003741260694162974
2020-09-09,-0.055844786894349685,0,0.03074,0,1,0.35842238355926587,-1.0692172989279223,-0.3356473787250415,4.477418228493867,-0.020016021628032066,0.059710212202382006,0.018744156336547024,-0.25004046680711667,-0.47159635116775495,0.026336197731116173,-0.02911297597803833,-0.2230423059798843
2020-09-10,0.10584554585871908,0,0.04143,0,1,0.35842238355926587,-1.2846566054283246,-0.3356473787250415,4.477418228493867,0.03793741283581367,-0.1359751796425701,-0.035526780017200235,0.4739147764327123,-0.5686876016047371,-0.06019304961493917,0.07236783497711027,0.3994321263047961
2020-09-11,0.02638459710007135,1,0.05218,0,1,-2.808861128301187,-1.5120647622898604,-0.3356473787250415,4.477418228493867,-0.07411066918027863,-0.03989521954223313,-0.008855920855355281,0.11813487600732588,-2.098560976701253,-0.055369685860194785,0.023722147036316508,0.0922979138202034
2020-09-14,0.02570466832137641,0,0.04791,0,0,0.35842238355926587,-1.4083347258267036,-0.3356473787250415,-0.2339355818046613,0.009213128488348087,-0.036200777012852,-0.008627704543066606,-0.006013236538857038,-0.6244251713000416,-0.01605064191978622,0.020544471225629336,-0.02867252291529234
2020-09-15,-0.0017220421393843166,0,0.05157,0,0,0.35842238355926587,-1.4821426363870267,-0.3356473787250415,-0.2339355818046613,-0.0006172184481876243,0.0025523120764366267,0.0005779989301384085,0.0004028469297690138,-0.6576879145053041,0.0011325663033419234,0.0002852984021660146,-0.0019972666232029664
2020-09-16,0.007633331091532636,1,0.05534,0,0,-2.808861128301187,-1.5719090140955279,-0.3356473787250415,-0.2339355818046613,-0.02144096698245889,-0.011998901950355806,-0.002562107571813289,-0.0017857077500052975,-2.125530768489304,-0.016224880101118663,0.008266414956213683,-0.012166937857024947
2020-09-17,0.005619668840943337,1,0.05832,0,0,-2.808861128301187,-1.6118051819659724,-0.3356473787250415,-0.2339355818046613,-0.015784869361251126,-0.009057811358765181,-0.0018862271157654234,-0.0013146404998556063,-2.1435106296813378,-0.012045819895851045,0.006636583631732917,-0.010066039282394489
2020-09-18,-0.009496104590898335,1,0.05618,0,0,-2.808861128301187,-1.5878674812437055,-0.3356473787250415,-0.2339355818046613,0.02667323905565678,0.015078555678376527,0.003187342614033859,0.0022214767523497173,-2.132722712966117,0.020252557945710698,-0.006725612283546738,0.006832273885090489
2020-09-21,-0.011345381526104426,1,0.0524,0,0,-2.808861128301187,-1.5280232294380385,-0.3356473787250415,-0.2339355818046613,0.03186760115442112,0.017336006518724745,0.003808047569872462,0.002654088428105095,-2.105752921178067,0.02389057029047407,-0.00797943922501913,0.00851871250231826
2020-09-22,0.025836074561403688,1,0.02876,0,0,-2.808861128301187,-1.001393813548166,-0.3356473787250415,-0.2339355818046613,-0.07256994554341796,-0.0258720852321588,-0.008671810703079874,-0.006043977134070582,-1.8684187534432215,-0.048272606225884,0.01603578187945008,-0.02419457416432663
2020-09-23,0.050205732858476626,0,0.01849,0,0,0.35842238355926587,-0.5086761403481719,-0.3356473787250415,-0.2339355818046613,0.01799485843947495,-0.02553845841380128,-0.016851422630917365,-0.011744907326177131,-0.21897930141968114,-0.010994016308612343,0.013839392834169857,-0.027699115311152954
2020-09-24,0.06546890838547315,0,0.00697,0,0,0.35842238355926587,0.06383386859271184,-0.3356473787250415,-0.2339355818046613,0.023465522192544493,0.004179133694786583,-0.02197446748757395,-0.01531550717327173,0.03903170668600274,0.002555363229154573,-0.002977252407326299,-0.014453069916751394
2020-09-25,0.05983649330318319,0,0.01446,0,0,0.35842238355926587,-0.3151797261765144,-0.3356473787250415,-0.2339355818046613,0.02144673855355497,-0.018859249574660116,-0.02008396212931194,-0.013997884874030881,-0.13177697463831764,-0.007885072060459434,0.00984091629714994,-0.02595361632198679
2020-09-28,0.08535521033339144,0,0.009,0,0,0.35842238355926587,-0.04787540144453393,-0.3356473787250415,-0.2339355818046613,0.03059321793689664,-0.004086414960093746,-0.028649252608927415,-0.019967620789401164,-0.011311904651691755,-0.0009655300008164188,0.0008483672063903713,-0.022930803146597505
2020-09-29,0.07183064543979012,0,0.01562,0,0,0.35842238355926587,-0.3869928283433153,-0.3356473787250415,-0.2339355818046613,0.025745711151130085,-0.02779794464047024,-0.02410976785399341,-0.016803743832361644,-0.1641407247839784,-0.011790334204188123,0.014313802107093375,-0.03323236109026099
2020-09-30,0.20629180276870418,0,0.0176,0,0,0.35842238355926587,-0.45082669693602695,-0.3356473787250415,-0.2339355818046613,0.07393959965709691,-0.09300185204719325,-0.06924130285177882,-0.04825899290222926,-0.19290850269123228,-0.03979544278958573,0.04528383139297005,-0.09565763944600528
2020-10-01,0.05426122418155055,0,0.02874,0,0,0.35842238355926587,-0.9974041967611218,-0.3356473787250415,-0.2339355818046613,0.019448437305995023,-0.05412037272007458,-0.01821263766294928,-0.012693631048344185,-0.4392326010220944,-0.023833298631905413,0.029352128272226996,-0.04416057447137715
2020-10-02,-0.03458688858457115,0,0.04488,0,0,0.35842238355926587,-1.344500857233992,-0.3356473787250415,-0.2339355818046613,-0.012396715046380756,0.04650210135101249,0.011608998491666368,0.00809110390384465,-0.5956573933927878,0.02060193589985242,-0.022628455333281252,0.02860474408631994
2020-10-06,-0.022813421311245308,0,0.03534,0,0,0.35842238355926587,-1.172947335391079,-0.3356473787250415,-0.2339355818046613,-0.008176840843518296,0.02675894173817924,0.007657265062869487,0.00533687098740103,-0.5183439902670427,0.011825199834114081,-0.012229587057935613,0.015451642894530677
2020-10-07,0.03897341888175987,0,0.05404,0,0,0.35842238355926587,-1.5439816965862163,-0.3356473787250415,-0.2339355818046613,0.01396894569105407,-0.06017424540682488,-0.01308132588761574,-0.009117269421021267,-0.6855566993529563,-0.026718488411079478,0.033207735118986406,-0.04443981969081364
2020-10-08,-0.1052743513398553,0,0.05754,0,0,0.35842238355926587,-1.6078155651789283,-0.3356473787250415,-0.2339355818046613,-0.03773268393488653,0.16926174069833452,0.035335060074201494,0.024627416629797377,-0.7143244772602103,0.07520004598974986,-0.0873757357234149,0.1098883372024063
2020-10-12,0.03733944040625303,0,0.0406,0,0,0.35842238355926587,-1.2686981382801468,-0.3356473787250415,-0.2339355818046613,0.013383291231178375,-0.04737247852783571,-0.01253288529541873,-0.008735023715697282,-0.5614956571279236,-0.02096593362769799,0.026253180298978177,-0.03710301916548142
2020-10-13,0.0867663142544659,0,0.04448,0,0,0.35842238355926587,-1.3365216236599031,-0.3356473787250415,-0.2339355818046613,0.031098989167737977,-0.11596505520636417,-0.029122885941144688,-0.02029772820616456,-0.592061421154381,-0.051370987325826706,0.062080586766564735,-0.08449313012353526
2020-10-14,0.01377410468319562,1,0.04071,0,0,-2.808861128301187,-1.2726877550671911,-0.3356473787250415,-0.2339355818046613,-0.03868954722177951,-0.017530134367316718,-0.004623242131198928,-0.0032222531929016777,-1.990681809549051,-0.027419859635661917,0.01135361312167831,-0.016690681465385954
2020-10-15,0.02396484705087021,0,0.01914,0,0,0.35842238355926587,-0.5545567333991837,-0.3356473787250415,-0.2339355818046613,0.008589537601606143,-0.013289867296941643,-0.008043738094171127,-0.005606230437705044,-0.23965614179052,-0.005743322782811476,0.00805632404126296,-0.01577736962977397
2020-10-16,0.013128809699243238,0,0.0316,0,0,0.35842238355926587,-1.089165382863145,-0.3356473787250415,-0.2339355818046613,0.0047056592656987695,-0.014299445042613632,-0.004406650561330894,-0.0030712957353951475,-0.4805862817637719,-0.006309525837343452,0.008991774206401218,-0.014177885092602331
2020-10-19,0.008233458384515835,0,0.03356,0,0,0.35842238355926587,-1.1330511675206343,-0.3356473787250415,-0.2339355818046613,0.0029510557791141883,-0.009328929635308222,-0.002763538724604455,-0.0019260988774461787,-0.500364129075009,-0.0041197272338435965,0.00644192985350778,-0.010482843881759924
2020-10-20,0.03172460344245698,0,0.01769,0,0,0.35842238355926587,-0.4548163137230716,-0.3356473787250415,-0.2339355818046613,0.011370807983317922,-0.014428867192024549,-0.010648279986552113,-0.007421513563833334,-0.1947064888104357,-0.006176986145184259,0.008406341775448849,-0.017942670490088148
2020-10-21,0.03171176034005785,0,0.01428,0,0,0.35842238355926587,-0.30520568420890304,-0.3356473787250415,-0.2339355818046613,0.01136620472794373,-0.00967860951205611,-0.010643969232897147,-0.007418509105201417,-0.12728200934030914,-0.0040363365758008885,0.005804820266513659,-0.015338144522521042
2020-10-22,0.02539245941231716,0,0.02679,0,0,0.35842238355926587,-0.9295807113813654,-0.3356473787250415,-0.2339355818046613,0.009101225826994632,-0.02360434048422423,-0.008522912441126263,-0.005940199766071663,-0.408666836995637,-0.010377056071571744,0.01365573619672047,-0.021710751113598097
2020-10-23,-0.0031604938271604377,0,0.04001,0,0,0.35842238355926587,-1.2647085214931022,-0.3356473787250415,-0.2339355818046613,-0.0011327917307551905,0.003997103475336153,0.0010608114685630753,0.0007393519622468177,-0.5596976710087203,0.0017689210342991338,-0.00045532349317894234,-0.0009201396953802057
2020-10-26,0.017727347475744004,0,0.04195,0,0,0.35842238355926587,-1.3006150725765027,-0.3356473787250415,-0.2339355818046613,0.006353878136439501,-0.02305645532375367,-0.005950137711981457,-0.0041470573455915675,-0.5758795460815507,-0.01020881681756138,0.013626163788554926,-0.01988803628495246
2020-10-27,0.01506529390480571,0,0.03969,0,0,0.35842238355926587,-1.2527396711319687,-0.3356473787250415,-0.2339355818046613,0.005399738550381342,-0.018872891331812757,-0.005056626408870382,-0.0035243082946789417,-0.5543037126511101,-0.008350748343613944,0.011428553081183714,-0.017067676526668622
2020-10-28,-0.015767795083022174,0,0.05848,0,1,0.35842238355926587,-1.615794798753017,-0.3356473787250415,4.477418228493867,-0.00565153069713088,0.025477521282950624,0.005292419087889991,-0.07059901312787945,-0.717920449498617,0.011320022533605362,-0.011776353162425488,-0.06093747511625993
2020-10-29,-0.00897005678884888,0,0.05434,0,1,0.35842238355926587,-1.5479713133732609,-0.3356473787250415,4.477418228493867,-0.0032150691349211898,0.013885390588467135,0.0030107760481918894,-0.04016269577701713,-0.6873546854721597,0.006165610562766632,-0.005666632811088737,-0.03661087811673436
2020-10-30,0.009554602920874844,0,0.05157,0,0,0.35842238355926587,-1.4821426363870267,-0.3356473787250415,-0.2339355818046613,0.003424583552862285,-0.014161284362776628,-0.0032069774251502667,-0.002235161593207373,-0.6576879145053041,-0.006283946868956463,0.00904224491036363,-0.013392221654376969
2020-11-02,-0.0040060632308357436,0,0.04582,0,0,0.35842238355926587,-1.3644489411692144,-0.3356473787250415,-0.2339355818046613,-0.0014358627318852807,0.005466068733570753,0.0013446246224367883,0.0009371607326518209,-0.6046473239888045,0.0024222554122547767,-0.001230112043923133,5.245762576898817e-05
2020-11-03,-0.023448773448773497,0,0.0455,0,0,0.35842238355926587,-1.36045932438217,-0.3356473787250415,-0.2339355818046613,-0.008404565271050624,0.03190110248370896,0.007870519342398175,0.005485502459344522,-0.6028493378696013,0.014136077547447388,-0.015023804246798337,0.018394491555336893
2020-11-05,0.05462774542137394,0,0.02259,0,0,0.35842238355926587,-0.769996039899586,-0.3356473787250415,-0.2339355818046613,0.01957980672239762,-0.04206314764310067,-0.018335659556343052,-0.012779373407826037,-0.3367473922275021,-0.01839575081391554,0.022734793467444944,-0.037628982026076944
2020-11-06,0.06301398026315796,0,0.0202,0,0,0.35842238355926587,-0.6423283027141623,-0.3356473787250415,-0.2339355818046613,0.022585621003477614,-0.04047566298969798,-0.021150477298360473,-0.014741212134689303,-0.27921183641299413,-0.017594249148968504,0.021569256082985964,-0.038425283368481236
2020-11-09,0.06356420432723087,1,0.04535,0,0,-2.808861128301187,-1.3564697075951255,-0.3356473787250415,-0.2339355818046613,-0.17854302268615288,-0.08622291765727566,-0.021335158563177983,-0.014869929121241124,-2.0284395180523216,-0.12893614399090747,0.04944612912346506,-0.06643087339551215
2020-11-11,-0.03006602034140249,1,0.04593,0,0,-2.808861128301187,-1.3724281747433031,-0.3356473787250415,-0.2339355818046613,0.08445127581967823,0.04126345341894604,0.010091580916285522,0.007033511961116773,-2.0356314625291354,0.06120333695999988,-0.021260918223470527,0.026179615033781335
2020-11-12,0.046647324306898774,0,0.03665,0,0,0.35842238355926587,-1.1928954193263013,-0.3356473787250415,-0.2339355818046613,0.016719445164740738,-0.05564537948952798,-0.015657052128147487,-0.010912468951365084,-0.5273339208630594,-0.024598716424527624,0.030456184159211953,-0.043483468261383
2020-11-13,0.05552653913951833,0,0.01982,0,0,0.35842238355926587,-0.6104113684178065,-0.3356473787250415,-0.2339355818046613,0.019901954509183025,-0.03389403073965828,-0.01863733731185275,-0.012989633239202518,-0.2648279474593672,-0.014704979389840857,0.018228401087074415,-0.0333328494770829
2020-11-16,0.08493827160493828,0,0.01101,0,0,0.35842238355926587,-0.171553521842913,-0.3356473787250415,-0.2339355818046613,0.030443777764046286,-0.014571459633077056,-0.02850930821763316,-0.01987008398538358,-0.06704947434699628,-0.005695066463053511,0.006606312640081306,-0.028591211776270855
2020-11-17,0.09528532698538639,0,0.00917,0,0,0.35842238355926587,-0.05585463501862279,-0.3356473787250415,-0.2339355818046613,0.03415239401632623,-0.005322127161398886,-0.0319822702336034,-0.022290628405773758,-0.014907876890098452,-0.0014205019241309161,0.0011747583697934928,-0.025580201926373218
2020-11-18,0.08608444035249252,0,0.01262,0,0,0.35842238355926587,-0.25134585758380273,-0.3356473787250415,-0.2339355818046613,0.03085459029850582,-0.021636967485018945,-0.028894016753326302,-0.020138213638189,-0.10300919673106372,-0.008867489051753422,0.010436022898221377,-0.03268905168721634
2020-11-19,0.08721139675781897,0,0.01855,0,0,0.35842238355926587,-0.5186501823157832,-0.3356473787250415,-0.2339355818046613,0.03125851669947031,-0.04523220682845691,-0.029272276716711523,-0.020401848840537536,-0.2234742667176896,-0.019489502939879087,0.023320645269124394,-0.04583730926046789
2020-11-20,0.07104522547287129,0,0.01819,0,0,0.35842238355926587,-0.4867332480194274,-0.3356473787250415,-0.2339355818046613,0.025464199054491998,-0.0345800733506832,-0.023846143700898798,-0.016620006155439487,-0.20909037776406267,-0.014854873032455666,0.01805646409079288,-0.03679128539703833
2020-11-23,0.08485225301875055,0,0.01705,0,0,0.35842238355926587,-0.43486822978784884,-0.3356473787250415,-0.2339355818046613,0.030412946777354483,-0.036899549063774705,-0.028480436304657613,-0.019849961177377737,-0.1857165582144187,-0.01575846838738137,0.018839659007119754,-0.04080443533530345
2020-11-24,0.10120721018686951,0,0.00711,0,0,0.35842238355926587,0.05585463501862279,-0.3356473787250415,-0.2339355818046613,0.036274929508561385,0.005652891786240639,-0.03396993480729707,-0.023675967597891964,0.03543573444759597,0.003586351824363938,-0.00504586536234329,-0.020744917386354637
2020-11-25,0.07999092852977374,0,0.02805,0,0,0.35842238355926587,-0.9654872624647656,-0.3356473787250415,-0.2339355818046613,0.028670539266760386,-0.07723022260822597,-0.026848745482800696,-0.0187127244047077,-0.4248487120684673,-0.03398404296303519,0.041102541669828595,-0.061930081225342264
2020-11-26,0.09289191820837384,0,0.02421,0,0,0.35842238355926587,-0.8298402917052534,-0.3356473787250415,-0.2339355818046613,0.03329454273763772,-0.07708545650309749,-0.031178928851381633,-0.021730724931026946,-0.36371718401555275,-0.03378638690855278,0.040567915055012845,-0.06441345513684577
2020-11-27,0.0997159369184053,0,0.01455,0,0,0.35842238355926587,-0.3251537681441258,-0.3356473787250415,-0.2339355818046613,0.035740423789140226,-0.032423012633041426,-0.033469392843774336,-0.02332710571820405,-0.13627193993632614,-0.013588484166439414,0.015863014151125218,-0.041304935020135235
2020-11-30,0.16481547832318166,0,0.01804,0,0,0.35842238355926587,-0.4747643976582939,-0.3356473787250415,-0.2339355818046613,0.059073556588055284,-0.07824852129086894,-0.05531988327248983,-0.03855620481194705,-0.20369641940645256,-0.0335723227971939,0.038666503194930646,-0.07933752315768366
2020-12-02,0.18849898285382172,0,0.04489,0,1,0.35842238355926587,-1.3484904740210366,-0.3356473787250415,4.477418228493867,0.06756225473296397,-0.2541890827410333,-0.06326918948722181,0.8439887818822541,-0.5974553795119911,-0.11261973133855437,0.1342028383978213,0.7076711283336269
2020-12-03,0.20612576664449844,0,0.04714,0,1,0.35842238355926587,-1.3983606838590927,-0.3356473787250415,4.477418228493867,0.07388008859370215,-0.2882381680059806,-0.0691855732619155,0.9229112649363503,-0.6199302060020333,-0.12778358897825096,0.1522312529241867,0.7685651968613577
2020-12-08,0.15405657859621025,1,0.07275,0,1,-2.808861128301187,-1.6915975177068623,-0.3356473787250415,4.477418228493867,-0.4327235351779716,-0.2606017259397614,-0.05170868678116631,0.6897757332260698,-2.1794703520654046,-0.335761745591074,0.1458093662067755,0.5418515518684883
2020-12-10,0.054167333226683656,1,0.09094,0,1,-2.808861128301187,-1.723514452003218,-0.3356473787250415,4.477418228493867,-0.15214851672416901,-0.09335818164266338,-0.018181123410062214,0.2425298051780549,-2.193854241019032,-0.11883523372405105,0.05326660313051849,0.18714838689673044
2020-12-11,0.006619284385199764,1,0.06261,0,0,-2.808861128301187,-1.6317532659011948,-0.3356473787250415,-0.2339355818046613,-0.01859265060675864,-0.010801038913478498,-0.002221745452927899,-0.0015484861437822166,-2.1525005602773546,-0.014248013347777637,0.007600794720736692,-0.011264096015324875
2020-12-14,-0.00864588040367531,1,0.0736,0,0,-2.808861128301187,-1.6995767512809512,-0.3356473787250415,-0.2339355818046613,0.02428507738582455,0.014694337328442122,0.0029019670942638217,0.002022579062447304,-2.1830663243038115,0.018874530353221813,-0.006507201949081852,0.0064149658607231905
2020-12-15,0.009924342206021786,0,0.05152,0,0,0.35842238355926587,-1.47615821120646,-0.3356473787250415,-0.2339355818046613,0.003557106388740151,-0.014649899238241892,-0.003331079447021508,-0.0023216567679942624,-0.6549909353264989,-0.006500354184022459,0.009296836225346931,-0.013733308144147159
2020-12-16,0.012850935313877265,0,0.04483,0,0,0.35842238355926587,-1.3405112404469475,-0.3356473787250415,-0.2339355818046613,0.004606062866165832,-0.017226823238509097,-0.004313382752267973,-0.003006291029385946,-0.5938594072735843,-0.007631648828410326,0.010605066007258277,-0.01572617218745019
2020-12-17,0.012508047457003624,0,0.03893,0,0,0.35842238355926587,-1.2447604375578798,-0.3356473787250415,-0.2339355818046613,0.004483164183211653,-0.015569522625574556,-0.004198293341911688,-0.0029260773590944573,-0.5507077404127033,-0.006888278552021326,0.009709374175493163,-0.014750266685393587
2020-12-21,-0.0018203331209611928,0,0.05446,0,0,0.35842238355926587,-1.5519609301603055,-0.3356473787250415,-0.2339355818046613,-0.0006524481360867881,0.0028250858836085446,0.0006109900404569983,0.00042584068773035154,-0.6891526715913631,0.00125448743349665,0.00013935443796375156,-0.0018283289010393657
2020-12-22,-0.005918946669082548,0,0.05751,0,0,0.35842238355926587,-1.6038259483918835,-0.3356473787250415,-0.2339355818046613,-0.002121482973292744,0.009492960255022297,0.001986678934290873,0.001384652232702588,-0.7125264911410067,0.004217406301372137,-0.0033683460815843998,0.002638183163481022
2020-12-23,-0.00039351011018284865,0,0.05213,0,0,0.35842238355926587,-1.5060803371092937,-0.3356473787250415,-0.2339355818046613,-0.00014104283164640595,0.0005926578394001,0.00013208063698467542,9.205601657164107e-05,-0.6684758312205242,0.00026305199799815985,0.001311818238026508,-0.0033345773722608324
2020-12-24,-0.0008445691189333804,0,0.05511,0,0,0.35842238355926587,-1.5639297805214385,-0.3356473787250415,-0.2339355818046613,-0.0003027124766886513,0.0013208467968086662,0.00028347741092210697,0.00019757476821193054,-0.694546629948973,0.0005865926353141527,0.000928869268896176,-0.002846109651490211
2020-12-25,0.018797107198437635,0,0.03856,0,0,0.35842238355926587,-1.2407708207708352,-0.3356473787250415,-0.2339355818046613,0.006737303966083051,-0.02332290212672284,-0.006309199758769201,-0.004397312208711096,-0.5489097542935,-0.010317915493722981,0.013734354878956077,-0.02024648223847314
2020-12-28,0.0010858745814859017,0,0.04985,0,0,0.35842238355926587,-1.4402516601230595,-0.3356473787250415,-0.2339355818046613,0.0003892017557425971,-0.0015639326686705023,-0.0003644709568998944,-0.0002540247019867975,-0.6388090602536685,-0.0006936665209523544,0.0024408865665805413,-0.004809726419373305
2020-12-29,0.004982291854252807,0,0.05213,0,0,0.35842238355926587,-1.5060803371092937,-0.3356473787250415,-0.2339355818046613,0.0017857649219892057,-0.007503731795429956,-0.0016722932009230814,-0.0011655353436452554,-0.6684758312205242,-0.0033305416886548925,0.0055569169882173485,-0.00883726748266857
2020-12-30,0.0017397564340990712,0,0.05119,0,0,0.35842238355926587,-1.4721685944194156,-0.3356473787250415,-0.2339355818046613,0.0006235676479223579,-0.0025612147842197642,-0.0005839446867253787,-0.00040699093360936915,-0.6531929492072956,-0.0011363966360915404,0.0029640740377303507,-0.005485880122145685
2020-12-31,-0.024319819015300448,0,0.05925,0,0,0.35842238355926587,-1.6197844155400618,-0.3356473787250415,-0.2339355818046613,-0.008716767499193945,0.039392863829738514,0.008162883503553016,0.005689271010728376,-0.7197184356178206,0.017503422096200563,-0.019096707011749352,0.022671162871671764
2021-01-01,0.0015878347430455797,0,0.05707,0,0,0.35842238355926587,-1.599836331604839,-0.3356473787250415,-0.2339355818046613,0.0005691155133006111,-0.0025402757105087524,-0.0005329525693517987,-0.0003714510444240226,-0.7107285050218034,-0.0011285194131464642,0.002957966524079606,-0.005444232719309595
2021-01-04,-0.0035348610433935113,0,0.04594,0,0,0.35842238355926587,-1.376417791530348,-0.3356473787250415,-0.2339355818046613,-0.0012669733207238958,0.004865445630714358,0.0011864668433722973,0.0008269297747848932,-0.6100412823464146,0.002156411163828163,-0.0009177487773804932,-0.00037013659864057946
2021-01-06,0.048197949284705555,1,0.04983,0,0,-2.808861128301187,-1.4362620433360151,-0.3356473787250415,-0.2339355818046613,-0.13538134620964143,-0.06922488512425683,-0.01617751533733391,-0.011275215307709153,-2.0643992404363893,-0.09949980989393777,0.039991644705980524,-0.05338167516449564
2021-01-07,-0.042598602461772384,0,0.0436,0,0,0.35842238355926587,-1.320563156511725,-0.3356473787250415,-0.2339355818046613,-0.015268292630642069,0.05625414492990628,0.014298109253644001,0.0099653288509602,-0.5848694766775674,0.024914622329012547,-0.027687413455192347,0.03553792715534658
2021-01-11,-0.0056608941778008015,0,0.03411,0,0,0.35842238355926587,-1.1549940598493789,-0.3356473787250415,-0.2339355818046613,-0.002028991184284134,0.006538299148795859,0.0019000642920186882,0.0013242845730184504,-0.5102530527306275,0.0028884885354078945,-0.001759025064874549,0.0009684944870870338
2021-01-13,6.072935960910186e-05,0,0.02105,0,0,0.35842238355926587,-0.6902037041586963,-0.3356473787250415,-0.2339355818046613,2.1766761823122095e-05,-4.191562895338762e-05,-2.0383650364445452e-05,-1.4206758072779743e-05,-0.3007876698434347,-1.826664256790575e-05,0.001643376654291329,-0.0037723985631700745
2021-01-14,-0.0007573462587094903,0,0.02176,0,0,0.35842238355926587,-0.730099872029141,-0.3356473787250415,-0.2339355818046613,-0.0002714498512263479,0.0005529384065655476,0.0002542012865230576,0.00017717023765878817,-0.3187675310354683,0.00024141739702777327,0.001346416046397326,-0.003284060959544504
2021-01-15,-0.009540593096742822,0,0.01815,0,0,0.35842238355926587,-0.4827436312323828,-0.3356473787250415,-0.2339355818046613,-0.00341956211830364,0.004605660555632234,0.003202275064403955,0.0022318841968480673,-0.20729239164485921,0.0019776923607342533,-0.0005634827321915668,0.0006805517782336684
2021-01-18,-0.015668650552653873,0,0.0193,0,0,0.35842238355926587,-0.5665255837603171,-0.3356473787250415,-0.2339355818046613,-0.00561599507823941,0.008876691401078652,0.005259141486156946,0.003665454883129012,-0.2450501001481301,0.003839604387113886,-0.0026866739029547224,0.004237313635277769
2021-01-19,-0.018519642965571737,0,0.01541,0,0,0.35842238355926587,-0.37502397798218184,-0.3356473787250415,-0.2339355818046613,-0.006637854574386813,0.006945310175758444,0.006216069616317808,0.0043324034519656275,-0.15874676642636826,0.0029399334361553506,-0.0015281276903086995,0.0037457159914683616
2021-01-20,-0.02052803681724591,0,0.01957,0,0,0.35842238355926587,-0.5904632844825841,-0.3356473787250415,-0.2339355818046613,-0.007357707885829645,0.012121052043090432,0.006890181748079734,0.00480223823614993,-0.2558380168633504,0.0052518522294220365,-0.0042922786552270185,0.006979701740570983
2021-01-21,-0.024946953622309698,0,0.01506,0,0,0.35842238355926587,-0.3670447444080926,-0.3356473787250415,-0.2339355818046613,-0.008941546579850704,0.009156648216061204,0.00837337959050343,0.005835980109888922,-0.1551507941879614,0.0038705396670715903,-0.002512551048071504,0.00623371600715446
2021-01-22,-0.01911854103343469,0,0.01496,0,0,0.35842238355926587,-0.35906551083400373,-0.3356473787250415,-0.2339355818046613,-0.006852513047379291,0.006864808702571088,0.0064170881829194995,0.004472507019912835,-0.15155482194955472,0.00289750708225745,-0.0014628950112251288,0.0038205868803319982
2021-01-25,0.007784340451310268,0,0.01748,1,0,0.35842238355926587,-0.4428474633619381,3.0442436675061906,-0.2339355818046613,0.0027900818589954375,-0.0034472754228084762,0.023697429124613565,-0.0018210342124428272,1.3338907018168495,0.010383459347779544,0.005606615442084609,-0.009542464805333401
2021-01-26,-0.0017200796668477292,0,0.01979,0,0,0.35842238355926587,-0.6024321348437176,-0.3356473787250415,-0.2339355818046613,-0.000616515054103391,0.001036231265800348,0.000577340231375683,0.0004023878376143915,-0.2612319752209605,0.00044933980890804394,0.0011156691530752182,-0.002828096466266792
2021-01-27,-0.012243309585104445,0,0.02674,0,0,0.35842238355926587,-0.9255910945943209,-0.3356473787250415,-0.2339355818046613,-0.004388276204147142,0.011332298320333964,0.004109434769159483,0.002864145751005995,-0.4068688508764336,0.004981421301815871,-0.004152638256557037,0.004901968856757066
2021-01-28,-0.00557413600891854,0,0.01982,0,0,0.35842238355926587,-0.6104113684178065,-0.3356473787250415,-0.2339355818046613,-0.0019978951146001163,0.0034025159889509364,0.0018709441400503726,0.0013039887503046713,-0.2648279474593672,0.001476186998101246,-4.4447937716510537e-05,-0.0007663784627847839
2021-01-29,0.026557711950970342,0,0.02772,0,0,0.35842238355926587,-0.9495287953165878,-0.3356473787250415,-0.2339355818046613,0.00951887841934719,-0.025217312235169816,-0.008914026401277904,-0.006212793796650854,-0.4176567675916538,-0.011092008128072508,0.014498121978972522,-0.022825730926429342
2021-02-02,0.014140358427346289,0,0.02318,0,0,0.35842238355926587,-0.8019129741959418,-0.3356473787250415,-0.2339355818046613,0.005068220971911809,-0.011339336882669913,-0.004746174240371333,-0.0033079329756276997,-0.351131281181129,-0.004965122170954477,0.007334659960145078,-0.012757408086578744
2021-02-03,0.011487544921215065,0,0.01861,0,0,0.35842238355926587,-0.5226397991028279,-0.3356473787250415,-0.2339355818046613,0.0041173932319060426,-0.006003848169808552,-0.0038557643407920003,-0.0026873455046516285,-0.22527225283689303,-0.0025878251239671267,0.0045057512367334875,-0.009307911892191082
2021-02-04,-0.0011891694109037454,0,0.02063,0,0,0.35842238355926587,-0.6662660034364293,-0.3356473787250415,-0.2339355818046613,-0.00042622493471188846,0.0007923031508116914,0.00039914159562984394,0.00027818903800407404,-0.2899997531282144,0.00034485883558971035,0.0012305438021610214,-0.003067169914962913
2021-02-08,-0.031650228176063555,0,0.01782,0,0,0.35842238355926587,-0.4588059305101158,-0.3356473787250415,-0.2339355818046613,-0.011344150223059336,0.014521312389176325,0.010623316123345184,0.007404114542617712,-0.196504474929639,0.0062194114691406345,-0.005214482906423376,0.010503782298235122
2021-02-09,0.004212840003663398,0,0.02015,0,0,0.35842238355926587,-0.6383386859271176,-0.3356473787250415,-0.2339355818046613,0.0015099761556668617,-0.002689218751959687,-0.001414028704217614,-0.0009855331773069487,-0.2774138502937907,-0.0011687001660879706,0.0029469032315537747,-0.00604725155966669
2021-02-15,-0.0003055300947143458,0,-0.00108,0,0,0.35842238355926587,0.5425878830380502,-0.3356473787250415,-0.2339355818046613,-0.00010950882479660407,-0.00016577692729547185,0.00010255037541248383,7.147436046583375e-05,0.25479004099040736,-7.78460253560712e-05,0.0017241490728433589,-0.003767489863183491
2021-02-16,0.0008576592029894137,0,-0.00324,0,0,0.35842238355926587,0.6622763866493848,-0.3356473787250415,-0.2339355818046613,0.00030740425581700587,0.0005680074379324202,-0.000287871063322805,-0.0002006370046414506,0.30872962456650854,0.00026478480374493265,0.0012811615632833744,-0.0035966137187307904
2021-02-17,0.0018218254691200197,0,0.00463,0,0,0.35842238355926587,0.19150160577813535,-0.3356473787250415,-0.2339355818046613,0.0006529830270709752,0.0003488825027839885,-0.0006114909432046537,-0.00042618980106514184,0.09656726250051065,0.0001759286983066289,0.0013671587282966195,-0.003908163680167727
2021-02-18,-0.002002123464280192,0,0.00591,0,0,0.35842238355926587,0.13764177915303485,-0.3356473787250415,-0.2339355818046613,-0.0007176058642472412,-0.0002755758357075633,0.0006720074926695459,0.0004683679174611508,0.07229444989126511,-0.00014474241446453046,0.0018441718492910948,-0.0034906190826359098
2021-02-19,0.010835865794886157,0,-0.00566,0,0,0.35842238355926587,0.8059025909829862,-0.3356473787250415,-0.2339355818046613,0.0038838168461314154,0.008732652319642669,-0.003637029950269877,-0.002534894569083922,0.3734571248578299,0.004046731285103487,-0.0035432320203144627,-0.0011064776995754247
2021-02-22,0.02474207697535058,0,-0.01078,1,0,0.35842238355926587,0.9774561128258993,3.0442436675061906,-0.2339355818046613,0.008868114203711986,0.024184294383565362,0.07532091115316172,-0.005788052172284353,1.97397376025325,0.048840210723508144,-0.004963132777876428,-0.0029397345452138917
2021-02-23,0.02026818266081687,0,-0.01294,1,0,0.35842238355926587,1.0213418974833885,3.0442436675061906,-0.2339355818046613,0.007264570339704565,0.020700744137338616,0.061701286717050524,-0.004741449102881342,1.9937516075644874,0.0404097217624143,-0.004259518623654848,-0.0025967456300324604
2021-02-24,0.012106986225214778,0,-0.0118,1,0,0.35842238355926587,0.9974041967611218,3.0442436675061906,-0.2339355818046613,0.00433941486056068,0.01207555887115831,0.03685661614869477,-0.0028322548664966394,1.982963690849267,0.024007714090213128,-0.0017322911215767929,-0.0032147788957258123
2021-02-25,0.03628181253879581,0,-0.01672,1,0,0.35842238355926587,1.1051238500113227,3.0442436675061906,-0.2339355818046613,0.013004213730005654,0.04009589635826311,0.11045067806687585,-0.008487606925190854,2.031509316067758,0.07370684017638768,-0.010571916260074516,-3.0505815922303794e-05
2021-02-26,-0.0013468618119780729,0,-0.01301,1,0,0.35842238355926587,1.0293211310574777,3.0442436675061906,-0.2339355818046613,-0.00048274542097413264,-0.0013863533236833938,-0.0041001755421201614,0.0003150789015955708,1.997347579802894,-0.002690151180483344,0.002019323336262247,-0.0038190595854726422
2021-03-02,0.012212994626282336,0,0.0025,0,0,0.35842238355926587,0.3311381933246923,-0.3356473787250415,-0.2339355818046613,0.0043774106443486204,0.004044188975631308,-0.004099259632694684,-0.0028570540034765605,0.1594967766726286,0.001947933276412167,-0.001023710031355328,-0.0039481591229271985
2021-03-03,-0.00015155648510201125,0,0.01133,0,0,0.35842238355926587,-0.18751198899109073,-0.3356473787250415,-0.2339355818046613,-5.432123663412724e-05,2.841865796597674e-05,5.0869536953270886e-05,3.5454454518608483e-05,-0.07424141882380968,1.1251768485922888e-05,0.0016123431982287676,-0.003691703894516125
2021-03-05,0.012407175381230262,0,0.00791,0,0,0.35842238355926587,-0.0,-0.3356473787250415,-0.2339355818046613,0.004447009373378393,-0.0,-0.004164435894091805,-0.002902479791360572,0.01026392877874876,0.00012734636445839242,0.0011846590302351753,-0.006201953972401713
2021-03-08,-0.04737073385088619,0,0.00742,0,0,0.35842238355926587,0.04588059305101162,-0.3356473787250415,-0.2339355818046613,-0.01697873133778623,-0.0021733973623402902,0.015899862645331542,0.011081700183920826,0.030940769149587547,-0.0014656869405268221,0.0044849616453226685,0.004481923387792192
2021-03-09,-0.009915400709542554,0,0.00695,0,0,0.35842238355926587,0.06782348537975627,-0.3356473787250415,-0.2339355818046613,-0.0035539015562594785,-0.0006724970350580843,0.0033280782571663754,0.0023195650338131892,0.0408296928052061,-0.0004048427650111451,0.0023408801321474493,-0.002136130249140226
2021-03-15,-0.00730679440924098,0,0.00633,0,0,0.35842238355926587,0.11170927003724558,-0.3356473787250415,-0.2339355818046613,-0.00261891866833767,-0.0008162366697685369,0.0024525063903445233,0.001709319201252835,0.06060754011644316,-0.0004428468352806753,0.0023275454388824775,-0.002733041388435608
2021-03-16,-0.00540655468821194,0,0.00432,0,0,0.35842238355926587,0.2154393065004023,-0.3356473787250415,-0.2339355818046613,-0.001937830218192447,-0.001164784392584879,0.0018146959090319216,0.0012647855165455794,0.10735517921573086,-0.0005804216474926426,0.00245139653199089,-0.0033014261662512763
2021-03-17,0.005340739158299579,0,-0.00094,0,0,0.35842238355926587,0.5385982662510058,-0.3356473787250415,-0.2339355818046613,0.0019142404590860424,0.0028765128511590095,-0.0017926050989374382,-0.0012493889222637492,0.2529920548712041,0.0013511645741893154,-0.00014155935530490253,-0.0032226447177648126
2021-03-18,-0.0039472885164266724,0,0.00299,0,0,0.35842238355926587,0.2992212590283365,-0.3356473787250415,-0.2339355818046613,-0.0014147965586537663,-0.0011811126396332836,0.0013248970436100706,0.000923411235641132,0.14511288771900172,-0.0005728024352787286,0.0024088367443116892,-0.003600240659476523
2021-03-19,-0.008259945338597086,0,0.00302,0,0,0.35842238355926587,0.28725240866720303,-0.3356473787250415,-0.2339355818046613,-0.002960549296329215,-0.0023726891939714486,0.0027724290013122375,0.0019322951184594095,0.13971892936139158,-0.0011540707192924018,0.003213739955840985,-0.0033962599881875413
2021-03-22,0.001957964940190182,0,-0.00223,0,0,0.35842238355926587,0.6064217516307621,-0.3356473787250415,-0.2339355818046613,0.0007017784607884405,0.0011873525286617505,-0.0006571857998103674,-0.00045803766743651914,0.28355781889766135,0.000555196267918418,0.0009030781019697048,-0.0034759309202121893
2021-03-23,0.00045905251560784954,0,-0.00346,0,0,0.35842238355926587,0.688208895765174,-0.3356473787250415,-0.2339355818046613,0.00016453469682304253,0.00031592402486470343,-0.0001540797735609109,-0.00010738871731761565,0.3204165343413305,0.00014708801613173668,0.0014333098864049104,-0.0036555137545284918
2021-03-24,-0.006914538727482378,0,0.00602,0,0,0.35842238355926587,0.12367812039837907,-0.3356473787250415,-0.2339355818046613,-0.002478325451917087,-0.0008551771532368203,0.0023208467989722444,0.0016175566401244526,0.06600149847405329,-0.00045636991727071054,0.0023350309047358987,-0.002832289415417412
2021-03-25,0.0038330494037477347,0,0.003,0,0,0.35842238355926587,0.2932368338477698,-0.3356473787250415,-0.2339355818046613,0.0013738507035916858,0.0011239912711370674,-0.0012865529848915104,-0.0008966866423517364,0.14241590854019665,0.0005458872133141927,0.0008716048739635332,-0.0038831066671212353
2021-03-26,-0.0040681259297488115,0,0.00379,0,0,0.35842238355926587,0.25134585758380257,-0.3356473787250415,-0.2339355818046613,-0.0014581073923598236,-0.0010225066005716192,0.001365455804643561,0.0009516794062304169,0.12353705428856118,-0.0005025642938360824,0.002326224442125521,-0.00348936018670107
2021-03-29,-0.007046282634225576,0,0.01081,0,0,0.35842238355926587,-0.14761582112064603,-0.3356473787250415,-0.2339355818046613,-0.002525545416991394,0.001040142796899357,0.002365066295933595,0.0016483762275976417,-0.056261557631776024,0.0003964348365152648,0.001301510760657512,-0.0017679496838658361
2021-03-30,0.0006975615673903146,0,0.00591,0,0,0.35842238355926587,0.13764177915303485,-0.3356473787250415,-0.2339355818046613,0.00025002167966337404,9.601361520438252e-05,-0.0002341347115938905,-0.00016318447111202472,0.07229444989126511,5.042982977977145e-05,0.0015453488021576845,-0.0038233484240756746
2021-03-31,-0.02080736123478777,0,-0.0017,0,0,0.35842238355926587,0.5745048173344061,-0.3356473787250415,-0.2339355818046613,-0.007457824009351302,-0.011953929265402749,0.006983936256641558,0.0048675821562798325,0.26917392994403433,-0.005600799195332978,0.008904758094509276,-0.006151991089035409
2021-04-01,-0.014038357482113906,0,-0.00924,0,0,0.35842238355926587,0.9335703281684097,-0.3356473787250415,-0.2339355818046613,-0.00503166154999632,-0.013105794001522529,0.004711937890476607,0.0032840713251601366,0.4309926806723377,-0.006050429323452841,0.009296790441817613,-0.008127534267463443
2021-04-02,-0.005142943578883674,0,-0.00036,0,0,0.35842238355926587,0.5026917151676054,-0.3356473787250415,-0.2339355818046613,-0.0018433460960543078,-0.002585315128679257,0.001726215531183089,0.0012031174983146995,0.23681017979837368,-0.0012179013936083343,0.003220194620199381,-0.004131892272690648
2021-04-05,-0.007528840315725427,0,-0.00041,0,0,0.35842238355926587,0.5066813319546497,-0.3356473787250415,-0.2339355818046613,-0.002698504891399403,-0.003814722839245625,0.0025270355168126534,0.0017612636395736177,0.23860816591757697,-0.0017964427792215552,0.003977816526420759,-0.004331368037653107
2021-04-06,-0.022760290556900653,0,0.00766,0,0,0.35842238355926587,0.03191693429635582,-0.3356473787250415,-0.2339355818046613,-0.008157797591905783,-0.000726438698270566,0.007639431864444019,0.005324441813471693,0.02464781773237571,-0.0005609914931823994,0.002823777254832506,0.00038584940783322093
2021-04-08,-0.010584276537167314,0,0.00381,0,0,0.35842238355926587,0.24735624079675814,-0.3356473787250415,-0.2339355818046613,-0.003793641624701921,-0.0026180868557870354,0.0035525846754011687,0.0024760388897036617,0.12173906816935783,-0.0012885199628815463,0.0034301930687516023,-0.0030689693298539063
2021-04-13,-0.0037182717718641234,0,-0.00868,0,0,0.35842238355926587,0.9216014778072764,-0.3356473787250415,-0.2339355818046613,-0.001332711831192674,-0.0034267647598390564,0.0012480281736135085,0.0008698360702588826,0.4255987223147277,-0.0015824917153242895,0.0036308197258092495,-0.004875798806356333
2021-04-14,0.0011337868480725266,0,-0.00441,0,0,0.35842238355926587,0.7300998720291411,-0.3356473787250415,-0.2339355818046613,0.00040637458453430224,0.0008277776326860749,-0.00038055258358847045,-0.00026523308594631964,0.3392953885929658,0.0003846886491983618,0.0011291255732278035,-0.003509173809980089
2021-04-15,0.0029337163463007965,0,-0.0016,0,0,0.35842238355926587,0.5705152005473616,-0.3356473787250415,-0.2339355818046613,0.001051509605527912,0.001673729769658872,-0.0009846942015586686,-0.0006863006403217221,0.26737594382483093,0.00078440517700651,0.0006022244200833281,-0.003403340211211016
2021-04-16,0.009552876545093847,0,-0.00145,0,0,0.35842238355926587,0.5625359669732726,-0.3356473787250415,-0.2339355818046613,0.003423964781139941,0.005373836644670662,-0.0032063979716446807,-0.002234757732484632,0.26377997158642424,0.0025198575036334734,-0.001658143676513867,-0.002691429206776731
2021-04-19,0.0006672328035908226,0,0.00438,0,0,0.35842238355926587,0.21144968971335787,-0.3356473787250415,-0.2339355818046613,0.00023915117185195414,0.0001410861692858533,-0.00022395494152462007,-0.00015608949410717438,0.1055571930965275,7.043122188897387e-05,0.0015217305399472243,-0.0037926351848603644
2021-04-20,0.003835032719525122,0,0.00016,0,0,0.35842238355926587,0.47077478087124947,-0.3356473787250415,-0.2339355818046613,0.0013745615683599679,0.0018054366881685112,-0.0012872186796333747,-0.0008971506104820219,0.22242629084474674,0.0008530121030722149,0.0004982701128609065,-0.0035102358741488943
2021-04-21,0.012574190785045625,0,-0.00412,0,0,0.35842238355926587,0.7181310216680076,-0.3356473787250415,-0.2339355818046613,0.004506871432505009,0.00902991647511326,-0.004220494176589136,-0.0029415506370224593,0.33390143023535573,0.004198540287178964,-0.003767412605480388,-0.001288953182348037
2021-04-22,0.0033867276887871167,0,-0.00124,0,0,0.35842238355926587,0.5545567333991837,-0.3356473787250415,-0.2339355818046613,0.0012138790106812419,0.0018781326440063504,-0.001136746271196914,-0.0007922761122903701,0.2601839993480175,0.0008811723547713,0.0004742731546259449,-0.003381364417722281
2021-04-23,0.008053403558195837,0,-0.00295,0,0,0.35842238355926587,0.6423283027141623,-0.3356473787250415,-0.2339355818046613,0.002886520099093225,0.005172929038608128,-0.0027031037941233553,-0.0018839776468942727,0.2997396939704916,0.0024139247179544884,-0.0014951729149048185,-0.00250361988279542
2021-04-26,0.008059100067159264,0,-0.00122,0,0,0.35842238355926587,0.5505671166121391,-0.3356473787250415,-0.2339355818046613,0.002888561855413863,0.004437075486464572,-0.002705015812424813,-0.0018853102630328874,0.2583860132288141,0.0020823587365653502,-0.0010923069089306104,-0.0029078185049082428
2021-04-27,-0.005004701386150612,0,0.00621,0,0,0.35842238355926587,0.1156988868242902,-0.3356473787250415,-0.2339355818046613,-0.001793796999826464,-0.000579038379265608,0.0016798149015630347,0.0011707777305277384,0.062405526235646595,-0.00031232102365499887,0.0021163684471215273,-0.003060405867399755
2021-04-28,0.0038717151393208304,0,0.00031,0,0,0.35842238355926587,0.46279554729716044,-0.3356473787250415,-0.2339355818046613,0.0013877093686978671,0.0017918125268806854,-0.0012995310376830956,-0.0009057319336989338,0.21883031860633992,0.0008472486574905671,0.0005044381305681476,-0.0035249852150730475
2021-04-29,0.0026981961497649642,0,0.00528,0,0,0.35842238355926587,0.16756390505586838,-0.3356473787250415,-0.2339355818046613,0.0009670938953091924,0.0004521202834613261,-0.0009056424649546098,-0.000631204086118364,0.0857793457852904,0.00023144950052722806,0.0012796789567898518,-0.004025698193714181
2021-04-30,-0.0128329591650993,0,0.00566,0,0,0.35842238355926587,0.1555950546947349,-0.3356473787250415,-0.2339355818046613,-0.004599619812073618,-0.001996744983188925,0.0043073491050510775,0.0030020857685629657,0.08038538742768027,-0.0010315823943301075,0.003169215785154723,-0.002281945167397723
2021-05-03,0.010033240828275947,0,0.00549,0,0,0.35842238355926587,0.16357428826882395,-0.3356473787250415,-0.2339355818046613,0.003596138092494808,0.0016411802275149436,-0.003367630984127886,-0.0023471320305490156,0.08398135966608704,0.0008426052066159113,0.00036948141527711484,-0.004831428596632097
2021-05-04,0.032823021408944,0,0.00981,0,1,0.35842238355926587,-0.10572484485667884,-0.3356473787250415,4.477418228493867,0.01176450556901052,-0.003470208846188052,-0.011016961097747972,0.14696239437065028,-0.03738270338014057,-0.001227013273370557,0.002364920067070293,0.14248265915277403
2021-05-05,0.07470736042164638,0,0.00161,0,0,0.35842238355926587,0.3710343611951372,-0.3356473787250415,-0.2339355818046613,0.026776790191747658,0.027718997750620443,-0.025075329696992523,-0.017476709825328375,0.17747663786466236,0.013258811151377345,-0.016197381698228226,-0.0033941432779061136
2021-05-07,0.003979025293028959,0,-0.00489,0,0,0.35842238355926587,0.762016806325497,-0.3356473787250415,-0.2339355818046613,0.001426171729770046,0.0030320841460823025,-0.0013355494094858104,-0.0009308355969401926,0.3536792775465928,0.001407298790978102,-0.00017871359944867822,-0.00286693714829748
2021-05-13,0.010886710172269831,0,-0.01466,0,0,0.35842238355926587,1.0771965325020114,-0.3356473787250415,-0.2339355818046613,0.0039020406090638587,0.011727126447923437,-0.003654095732261614,-0.0025467888780886677,0.4957201809636593,0.005396761936696511,-0.005185263070412434,0.0005236590415178015
2021-05-14,0.014190317195325708,0,-0.01245,0,0,0.35842238355926587,1.001393813548166,-0.3356473787250415,-0.2339355818046613,0.005086127312610677,0.014210095851685325,-0.004762942769887957,-0.003319620109081209,0.4615584446987951,0.006549660734457102,-0.006661918842424914,0.001227483582537739
2021-05-17,0.01346272335181764,0,-0.00971,0,0,0.35842238355926587,0.9475339869230656,-0.3356473787250415,-0.2339355818046613,0.004825341392957467,0.012756387932390026,-0.004518727803537996,-0.0031494100199826597,0.4372856320895496,0.005887055490546317,-0.005839964001160664,0.0005757388303720386
2021-05-18,0.009067794014030461,0,-0.00199,0,0,0.35842238355926587,0.5964477096631506,-0.3356473787250415,-0.2339355818046613,0.003250100344133241,0.005408464971365696,-0.0030435812916279467,-0.0021212796683570414,0.2790628535996529,0.0025304844734091916,-0.0016599908882812093,-0.0025761039308817985
2021-05-19,-0.003839473443641994,0,0.00243,0,0,0.35842238355926587,0.3351278101117369,-0.3356473787250415,-0.2339355818046613,-0.0013761532232826662,-0.001286714327149911,0.0012887091970428437,0.0008981894538619364,0.16129476279183205,-0.000619286958337774,0.002462875290240623,-0.003679500987184652
2021-05-20,-0.00808111380145271,0,0.00993,0,0,0.35842238355926587,-0.1156988868242902,-0.3356473787250415,-0.2339355818046613,-0.0028964520705303605,0.0009349758711284867,0.002712404664636358,0.0018904600587725182,-0.04187766867814907,0.00033841820632765434,0.0013956399688632955,-0.001619995060896743
2021-05-21,-0.010797894864194468,0,0.00708,0,0,0.35842238355926587,0.05984425180566722,-0.3356473787250415,-0.2339355818046613,-0.0038702072146469366,-0.0006461919392239746,0.0036242851069154614,0.0025260118173208975,0.03723372056679931,-0.0004020458000830942,0.002357618339439261,-0.0019464216729243294
2021-05-24,-0.008984944147644391,0,0.00642,0,0,0.35842238355926587,0.10771965325020115,-0.3356473787250415,-0.2339355818046613,-0.0032204050975455792,-0.000967855068056678,0.0030157729511477425,0.0021018981366615775,0.05880955399723982,-0.0005284005580130768,0.0024698240735935954,-0.0024827410877379837
2021-05-25,-0.010399975814009754,0,0.00956,0,0,0.35842238355926587,-0.09176118610202325,-0.3356473787250415,-0.2339355818046613,-0.0037275841202160922,0.0009543141161258898,0.003490724620776204,0.002432924392804778,-0.031089751962928836,0.0003233326684780222,0.0014668897793582224,-0.0011487805373594103
2021-05-26,-0.007082497416256439,0,0.003,0,0,0.35842238355926587,0.2932368338477698,-0.3356473787250415,-0.2339355818046613,-0.002538525605486975,-0.002076849118078048,0.002377221692593353,0.0016568481537019607,0.14241590854019665,-0.001008660304269756,0.0030101351338458577,-0.0034681021309498627
2021-05-27,-0.010628283380401449,0,0.00388,0,0,0.35842238355926587,0.2433666240097137,-0.3356473787250415,-0.2339355818046613,-0.003809414662346819,-0.002586569445306848,0.0035673554569786697,0.0024863336561790255,0.11994108205015447,-0.0012747678089810232,0.0034144824539181977,-0.003042963948545138
2021-05-28,-0.013367281985996238,0,0.00672,0,0,0.35842238355926587,0.07979233574088976,-0.3356473787250415,-0.2339355818046613,-0.004791133071129609,-0.0010666066521697595,0.0044866931592781045,0.0031270828885409984,0.04622365116281622,-0.0006178845795156874,0.002678586878486105,-0.0016663191407510726
2021-05-31,0.0163139062405242,0,7e-05,0,0,0.35842238355926587,0.4827436312323828,-0.3356473787250415,-0.2339355818046613,0.005847269159891066,0.007875434338135283,-0.005475719866398045,-0.003816403147883724,0.22782024920235674,0.0037166381851801065,-0.003267030205063803,-0.0026641880936258866
2021-06-03,-0.004874482086278387,0,0.00356,0,0,0.35842238355926587,0.26331470794493606,-0.3356473787250415,-0.2339355818046613,-0.0017471234879808423,-0.001283522826931216,0.0016361071349015122,0.0011403148028499336,0.12893101264617132,-0.0006284719115094942,0.0024976569519671262,-0.0034721572999231584
2021-06-04,0.007075688424663662,0,0.00509,0,0,0.35842238355926587,0.17953275541700187,-0.3356473787250415,-0.2339355818046613,0.0025360851104906565,0.0012703178393520525,-0.0023749362724134766,-0.0016552552882922013,0.09117330414290052,0.0006451138927622607,0.0006770074376724072,-0.004447077876770574
2021-06-07,-0.011850199010975726,0,0.00173,0,0,0.35842238355926587,0.35906551083400373,-0.3356473787250415,-0.2339355818046613,-0.004247376575165575,-0.004254997761360605,0.003977488235404082,0.0027721832001336285,0.17208267950705225,-0.0020392139985005234,0.004371498049299799,-0.0037141299999721364
2021-06-08,-0.0027482165828558447,0,-0.00261,0,0,0.35842238355926587,0.6263698355659844,-0.3356473787250415,-0.2339355818046613,-0.0009850223381642925,-0.001721399969103127,0.0009224316922042552,0.0006429056452356002,0.2925477494936782,-0.0008039845764356839,0.0026624612291622353,-0.004134370734732601
2021-06-09,-0.07575321987120509,0,0.00115,0,0,0.35842238355926587,0.4149201458526267,-0.3356473787250415,-0.2339355818046613,-0.02715164962852647,-0.031431537037766515,0.025426369679751717,0.017721373564146794,0.19725448517589947,-0.014942662386111277,0.02151297556914434,-0.005906417155803511
2021-06-10,-0.00358961772105304,0,-0.00408,0,0,0.35842238355926587,0.7141414048809632,-0.3356473787250415,-0.2339355818046613,-0.0012865993396464106,-0.0025634946422984197,0.0012048457786964103,0.0008397393100308654,0.3321034441161524,-0.0011921244082220886,0.0031534189308949183,-0.0044284947716700185
2021-06-14,0.0010755331571505877,0,-0.00752,0,0,0.35842238355926587,0.8757208847562649,-0.3356473787250415,-0.2339355818046613,0.00038549515778293615,0.0009418668479646116,-0.0003609998849294629,-0.00025160547486822695,0.4049218819438889,0.00043550691008646837,0.001068688715981225,-0.003435109341655418
2021-06-15,-0.0028728606356968056,0,-0.00324,0,0,0.35842238355926587,0.6622763866493848,-0.3356473787250415,-0.2339355818046613,-0.001029697556680037,-0.001902627761156535,0.0009642681418139893,0.0006720643242554414,0.30872962456650854,-0.0008869371854905759,0.002766128773547182,-0.004208879600097706
2021-06-16,-0.010786434687223956,0,0.0004,0,0,0.35842238355926587,0.4428474633619381,-0.3356473787250415,-0.2339355818046613,-0.0038660996307011545,-0.004776745239956349,0.003620438528555584,0.0025233308741537163,0.20984038801032312,-0.002263429640015083,0.004619742824494588,-0.004211227101146837
2021-06-17,-0.010618553564365474,0,0.00308,0,0,0.35842238355926587,0.28326279188015857,-0.3356473787250415,-0.2339355818046613,-0.0038059272784916115,-0.0030078411283711733,0.003564089669730718,0.0024840575060037975,0.13792094324218818,-0.0014645209234649854,0.003644892487914597,-0.0032756501327167653
2021-06-18,-0.014591233126042824,0,0.00419,0,0,0.35842238355926587,0.2274081568615358,-0.3356473787250415,-0.2339355818046613,-0.005229824556105187,-0.0033181654315303836,0.004897509151122267,0.003413408610588275,0.112749137573341,-0.0016451489510928927,0.00395508662342577,-0.002656493163643461
2021-06-21,0.00033627831616289683,0,-0.00324,0,0,0.35842238355926587,0.6622763866493848,-0.3356473787250415,-0.2339355818046613,0.00012052967561840188,0.00022270918813690273,-0.00011287093534214709,-7.866746353985911e-05,0.30872962456650854,0.0001038190782988288,0.0014887019475930058,-0.0036821845619388303
2021-06-22,0.0010059135523989848,0,-0.00071,0,0,0.35842238355926587,0.5266294158898723,-0.3356473787250415,-0.2339355818046613,0.00036054193310541263,0.0005297436665355838,-0.00033763224708671397,-0.00023531897212565017,0.24759809651359393,0.00024906228083121596,0.0012968881931888212,-0.0036470223161204373
2021-06-23,0.007124075093255078,0,-0.00267,0,0,0.35842238355926587,0.6343490691400734,-0.3356473787250415,-0.2339355818046613,0.0025534279755796844,0.00451915040389034,-0.0023911771308914227,-0.0016665746517607234,0.2961437217320849,0.0021097501120154087,-0.0011042628355859901,-0.002677126966980699
2021-06-24,0.0054803747474130304,0,-0.00424,0,0,0.35842238355926587,0.7261102552420965,-0.3356473787250415,-0.2339355818046613,0.001964288979765788,0.003979356306666415,-0.0018394734184000953,-0.001282054655043641,0.3374974024737624,0.0018496122418346997,-0.0007505750976661511,-0.002646294708183456
2021-06-25,-0.000641299700726794,0,-0.00158,0,0,0.35842238355926587,0.5665255837603171,-0.3356473787250415,-0.2339355818046613,-0.00022985616731034138,-0.00036331268731956364,0.000215250563526102,0.00015002281860067773,0.26557795770562764,-0.00017031506479625217,0.0018442008905010362,-0.003808993222706324
2021-06-28,0.0005512847998530024,0,-0.00351,0,0,0.35842238355926587,0.6981829377327851,-0.3356473787250415,-0.2339355818046613,0.00019759281198330594,0.00038489764108879965,-0.0001850372980016194,-0.00012896513039367837,0.32491149963933885,0.0001791187710486118,0.0013922740146881608,-0.0036360542958878053
2021-06-29,0.006998588004174744,0,-0.00584,0,0,0.35842238355926587,0.8218610581311642,-0.3356473787250415,-0.2339355818046613,0.002508450594005597,0.005751866942535128,-0.002349057718377773,-0.0016372187565677422,0.3806490693346433,0.002664006010445715,-0.0017750598400582815,-0.0019769740673154265
2021-06-30,-0.010011883541295341,0,-0.00652,0,0,0.35842238355926587,0.8418091420663867,-0.3356473787250415,-0.2339355818046613,-0.0035884831627888596,-0.008428095094366409,0.0033604624667361673,0.0023421358011934384,0.38963899993066026,-0.0039010202904525538,0.006592448789369852,-0.00636512813898238
2021-07-01,0.006377006163422072,0,-0.00348,0,0,0.35842238355926587,0.6941933209457407,-0.3356473787250415,-0.2339355818046613,0.0022856617490658684,0.004426875086277425,-0.002140425402866052,-0.0014918086470120536,0.32311351352013556,0.0020604968672028657,-0.001027351406157136,-0.002579272391660883
2021-07-05,-0.0006065936732279065,0,-0.00185,0,0,0.35842238355926587,0.5784944341214506,-0.3356473787250415,-0.2339355818046613,-0.00021741675021031667,-0.00035091106373562987,0.0002036015763701412,0.00014190384386559692,0.2709719160632377,-0.00016436984990640332,0.0018361829238766208,-0.0038090942308169895
2021-07-06,0.0066428835035059475,0,-0.00626,0,0,0.35842238355926587,0.8318351000987755,-0.3356473787250415,-0.2339355818046613,0.0023809581390331286,0.0055257836640833745,-0.0022296664351275914,-0.0015540068172532507,0.3851440346326518,0.002558466954134966,-0.0016386674055567402,-0.002030154562502476
2021-07-07,-0.004557805241476087,0,0.00079,0,0,0.35842238355926587,0.4308786130008046,-0.3356473787250415,-0.2339355818046613,-0.0016336194184487745,-0.0019638608007750136,0.0015298153820407037,0.0010662328209170434,0.204446429652713,-0.0009318270086722075,0.0028591382451056777,-0.0039077205749946005
2021-07-09,0.10096361727098668,0,-0.00073,0,0,0.35842238355926587,0.5306190326769167,-0.3356473787250415,-0.2339355818046613,0.03618762035503251,0.05357321693189339,-0.03388817348360501,-0.02361898254739142,0.24939608263279725,0.02517993063582111,-0.031285839419488266,0.005552041721290882
2021-07-13,0.04905437352245867,0,-0.01696,0,0,0.35842238355926587,1.1131030835854119,-0.3356473787250415,-0.2339355818046613,0.017582185481926176,0.05460257443119933,-0.016464971887812336,-0.011475563410039543,0.5119020560364896,0.02511103466372853,-0.030017578432395303,0.016427199871549794
2021-07-14,0.028679687018668076,0,-0.00666,0,0,0.35842238355926587,0.8497883756404756,-0.3356473787250415,-0.2339355818046613,0.010279441780964748,0.024371664645471178,-0.00962626177047054,-0.006709199268687709,0.393234972169067,0.011277855926603493,-0.012739354367200155,0.003915339947706481
2021-07-15,0.025277965476995012,0,-0.00346,0,0,0.35842238355926587,0.688208895765174,-0.3356473787250415,-0.2339355818046613,0.009060188637793388,0.017396520708112928,-0.00848448285185547,-0.005913415560698972,0.3204165343413305,0.008099478093338539,-0.008798627116459158,0.0007703964049542208
2021-07-16,0.03458434344984185,0,-0.00189,0,0,0.35842238355926587,0.5844788593020172,-0.3356473787250415,-0.2339355818046613,0.012395802813124598,0.020213817609272752,-0.011608144223865975,-0.00809050850627098,0.27366889524204274,0.009464659064589596,-0.010670275367573966,0.0004649517104970205
2021-07-19,0.03521039985213492,0,-0.00655,0,0,0.35842238355926587,0.8457987588534311,-0.3356473787250415,-0.2339355818046613,0.012620195441077021,0.02978091249366875,-0.011818278414229676,-0.008236965374983944,0.39143698604986366,0.013782652795730259,-0.015932790361783265,0.005581009835993356
2021-07-20,0.03260836127603284,0,-0.00473,0,0,0.35842238355926587,0.7500479559643635,-0.3356473787250415,-0.2339355818046613,0.011687566572517355,0.02445783472243593,-0.010944910986819573,-0.00762825596680533,0.3482853191889827,0.01135701351525276,-0.012925213894414684,0.0031821427768033896
2021-07-21,0.024407510003077837,0,-0.00555,0,0,0.35842238355926587,0.7979233574088974,-0.3356473787250415,-0.2339355818046613,0.008748197912049782,0.019475322327647114,-0.008192316753738306,-0.005709785052973104,0.36986115261942315,0.009027389782308468,-0.00990657791521236,0.0020819777114332895
2021-07-22,0.018308870647828934,0,0.00167,0,0,0.35842238355926587,0.3650499360145705,-0.3356473787250415,-0.2339355818046613,0.006562309057873127,0.006683652058489,-0.006145324440359635,-0.004283096307186148,0.17477965868585735,0.003200018162751053,-0.002684636862373972,-0.003713274595618142
2021-07-23,0.02893694791349377,0,0.00504,0,0,0.35842238355926587,0.1835223722040463,-0.3356473787250415,-0.2339355818046613,0.010371649844084762,0.0053105773254293045,-0.009712610715467244,-0.006769381745794345,0.09297129026210384,0.0026903053837648095,-0.00230763873428219,-0.006576558162318122
2021-07-26,0.026508143520063143,0,0.00778,0,0,0.35842238355926587,0.011968850361133482,-0.3356473787250415,-0.2339355818046613,0.00950111198419214,0.00031727200314308595,-0.008897388887376389,-0.006201197976927434,0.015657887136358888,0.0004150615194315519,0.0005131892408352328,-0.008829202368568633
2021-07-27,0.03723209936678029,0,0.0046,0,0,0.35842238355926587,0.19549122256517978,-0.3356473787250415,-0.2339355818046613,0.013344817799956825,0.007278548623880135,-0.012496856556890083,-0.00870991282717671,0.09836524861971396,0.0036623447108472384,-0.003678374655872683,-0.007146353322109993
2021-07-28,0.044951379120543145,0,0.00101,0,0,0.35842238355926587,0.42289937942671557,-0.3356473787250415,-0.2339355818046613,0.01611158044866129,0.019009910334452717,-0.01508781257188587,-0.010515727027486165,0.2008504574143062,0.009028505057764985,-0.010376726209165086,-0.0022538159691270453
2021-07-29,0.04590916042208293,0,-0.00068,0,0,0.35842238355926587,0.5206449907093056,-0.3356473787250415,-0.2339355818046613,0.016454870705687675,0.023902374401427385,-0.015409289355139556,-0.010739786153503501,0.2449011173347889,0.011243204683270178,-0.013090399328656686,0.0002357980243472193
2021-07-30,0.002489203454894451,0,0.00337,0,0,0.35842238355926587,0.2712939415190251,-0.3356473787250415,-0.2339355818046613,0.0008921862354672286,0.0006753058165210903,-0.0008354946147486396,-0.0005823132584509064,0.13252698488457804,0.0003298866286414363,0.0011648043208898878,-0.00386193273014676
2021-08-02,-0.0009088981125215945,0,0.00013,0,0,0.35842238355926587,0.4747643976582939,-0.3356473787250415,-0.2339355818046613,-0.0003257694279025077,-0.00043151246492407504,0.000305069268996011,0.00021262360875389771,0.22422427696395003,-0.00020379702211405343,0.0018910022989219273,-0.0037931938409739956
2021-08-03,0.001890532093306918,0,0.00905,0,0,0.35842238355926587,-0.05186501823157817,-0.3356473787250415,-0.2339355818046613,0.000677609019078354,-9.805248148674695e-05,-0.0006345521415140326,-0.0004422627251681381,-0.013109890770895017,-2.4784669242125203e-05,0.0016095444095062467,-0.00416662228548035
2021-08-04,-0.005259797512997544,0,0.01236,0,0,0.35842238355926587,-0.23339258204210253,-0.3356473787250415,-0.2339355818046613,-0.0018852291616476783,0.0012275977225771261,0.0017654372478621181,0.001230453791377791,-0.09491825919464855,0.0004992508236500687,0.0011357788959275685,-0.002020140255355743
2021-08-06,-0.021925839073721143,0,0.01105,0,0,0.35842238355926587,-0.17953275541700187,-0.3356473787250415,-0.2339355818046613,-0.007858711502340018,0.003936406303734921,0.007359350411441594,0.005129233920266331,-0.07064544658540298,0.0015489606931227084,0.00024023183006483117,0.0027741869393955346
2021-08-09,-0.03999098159682102,1,0.01785,0,1,-2.808861128301187,-0.46678516408420506,-0.3356473787250415,4.477418228493867,0.11232911368991869,0.018667196906560525,0.01342286814561435,-0.17905634997696918,-1.62748861346997,0.06508486719031333,-0.008976556486012066,-0.17219460864176309
2021-08-10,0.008723000237360612,1,0.01561,0,0,-2.808861128301187,-0.3830032115562707,-0.3356473787250415,-0.2339355818046613,-0.02450169628888425,-0.003340937105315226,-0.0029278521642880045,-0.0020406201356091536,-1.5897309049666988,-0.013867223061364014,0.0035341689578246103,-0.00768960424423973
2021-08-13,0.011221611993468716,1,0.02496,0,0,-2.808861128301187,-0.85377799242752,-0.3356473787250415,-0.2339355818046613,-0.03151994972533267,-0.009580765359584301,-0.0037665046506772625,-0.0026251343304782696,-1.8018932670326966,-0.020220147096284637,0.006975434757837791,-0.011715384239122027
2021-08-16,0.017970528333532965,0,0.01428,0,0,0.35842238355926587,-0.30520568420890304,-0.3356473787250415,-0.2339355818046613,0.006441039599124207,-0.005484707395631406,-0.006031760729454428,-0.004203946001042185,-0.12728200934030914,-0.002287324955199033,0.003992577739222625,-0.010311338891070776
2021-08-17,0.016757599376461485,0,0.01337,0,0,0.35842238355926587,-0.28326279188015857,-0.3356473787250415,-0.2339355818046613,0.006006298711242593,-0.004746804384585685,-0.005624644304433688,-0.003920198759781947,-0.11739308568469067,-0.001967226299470662,0.003631197457646131,-0.009666211368234045
2021-08-18,0.0068257359924026595,1,0.02253,0,0,-2.808861128301187,-0.7660064231125414,-0.3356473787250415,-0.2339355818046613,-0.019172544501106156,-0.005228557612650894,-0.0022910403937191227,-0.0015967825206277333,-1.7623375724102226,-0.012029250998763985,0.00455037442952178,-0.00826197210095548
2021-08-19,0.018180736156157895,0,0.01846,0,0,0.35842238355926587,-0.5026917151676051,-0.3356473787250415,-0.2339355818046613,0.006516382787952238,-0.009139305441348704,-0.006102316434105985,-0.004253121090327839,-0.21628232224087607,-0.003932171835902489,0.00598698097136635,-0.012354917212500155
2021-08-20,0.02374701670644397,1,0.01662,0,0,-2.808861128301187,-0.4069409122785376,-0.3356473787250415,-0.2339355818046613,-0.06670207213984934,-0.009663632642413983,-0.007970623910057687,-0.005555272169346982,-1.600518821681919,-0.038007547197458545,0.007137988690738339,-0.014808076010891288
2021-08-23,0.0320873304664242,0,0.0077,0,0,0.35842238355926587,0.019948083935222342,-0.3356473787250415,-0.2339355818046613,0.011500817467829612,0.000640080761401447,-0.010770028361339447,-0.0075063683212213805,0.019253859374765585,0.000617804948512163,0.00013945626834816494,-0.00976063974037551
2021-08-24,0.026774203220100157,0,0.00995,0,0,0.35842238355926587,-0.11968850361133444,-0.3356473787250415,-0.2339355818046613,0.00959647373604847,-0.0032045643187995597,-0.008986691128278183,-0.006263438807650366,-0.04367565479735233,-0.0011693808573152535,0.0024329003993079643,-0.010811154357764297
2021-08-25,0.011541534728181979,0,0.02144,0,0,0.35842238355926587,-0.722120638455052,-0.3356473787250415,-0.2339355818046613,0.004136744387207029,-0.008334380426665925,-0.003873885877978316,-0.002699975641555955,-0.3151715587970616,-0.003637563491191535,0.0057804051298466115,-0.010595195922208532
2021-08-26,0.015226628895184113,0,0.02246,0,0,0.35842238355926587,-0.7620168063254972,-0.3356473787250415,-0.2339355818046613,0.005457564622184281,-0.011602947121811731,-0.005110778075487522,-0.003562050289518563,-0.3331514199890955,-0.005072773038077579,0.00744071457624836,-0.013117580016572889
2021-08-27,-0.003047708357754142,0,0.02811,0,0,0.35842238355926587,-0.9754613044323769,-0.3356473787250415,-0.2339355818046613,-0.0010923668939797353,0.0029729215701843124,0.0010229553213985788,0.0007129674278421441,-0.4293436773664758,0.001308514313858706,0.00010169603096084199,-0.0015035437539246636
2021-08-30,0.0005556367890042768,0,0.0299,0,1,0.35842238355926587,-1.0532588317797447,-0.3356473787250415,4.477418228493867,0.00019915266230812977,-0.0005852293552804931,-0.0001864980317524845,0.0024878182875095493,-0.4644044066909416,-0.0002580401733331911,0.0019235117966862616,-0.001550508659982678
2021-08-31,0.033419409079990414,0,0.02939,0,0,0.35842238355926587,-1.0373003646315664,-0.3356473787250415,-0.2339355818046613,0.011978264259592336,-0.03466596522444554,-0.011217137056238634,-0.007817988906695538,-0.457212462214128,-0.015279770311203603,0.019431485495758134,-0.029364289553259638
2021-09-02,-0.012074143736917176,0,0.02589,0,0,0.35842238355926587,-0.8976637770850093,-0.3356473787250415,-0.2339355818046613,-0.004327643377623035,0.010838521471948382,0.004052654695645627,0.002824571839888827,-0.3942829480420099,0.004760628987674674,-0.003888140365405838,0.004597897054488699
2021-09-03,-0.0019850358833408688,0,0.02559,0,0,0.35842238355926587,-0.8856949267238762,-0.3356473787250415,-0.2339355818046613,-0.000711481292757707,0.0017581362112398557,0.0006662720909185099,0.00046437052427247594,-0.3888889896844,0.000771958599159711,0.0007295939270488785,-0.0023800385535823684
2021-09-06,0.019274896741624525,0,0.02554,0,0,0.35842238355926587,-0.8817053099368316,-0.3356473787250415,-0.2339355818046613,0.00690855443299179,-0.016994778805574477,-0.006469568566522116,-0.004509084183476704,-0.3870910035651966,-0.007461139123330975,0.010251233943810415,-0.016875133278093084
2021-09-07,0.06489506266042588,0,0.02182,0,0,0.35842238355926587,-0.7360842972097077,-0.3356473787250415,-0.2339355818046613,0.02325984303997776,-0.04776823659077953,-0.021781857674169267,-0.01518126423971668,-0.3214645102142734,-0.02086145953345839,0.025497404414075872,-0.04279348380459852
2021-09-08,0.032070056232427424,0,0.01982,0,0,0.35842238355926587,-0.6104113684178065,-0.3356473787250415,-0.2339355818046613,0.011494625995706328,-0.01957592691007203,-0.010764230309978947,-0.007502327263241114,-0.2648279474593672,-0.008493047166940241,0.011213474168957925,-0.020830616583005005
2021-09-09,0.039963401316372105,0,0.01883,0,0,0.35842238355926587,-0.5385982662510056,-0.3356473787250415,-0.2339355818046613,0.014323777554949593,-0.02152421866249117,-0.013413610896777171,-0.009348861537838676,-0.23246419731370646,-0.00929006000893596,0.012002070213252362,-0.023465746901897004
2021-09-13,0.030508773476765727,0,0.01558,0,0,0.35842238355926587,-0.3790135947692261,-0.3356473787250415,-0.2339355818046613,0.010935027309012083,-0.011563239907428998,-0.010240189845592489,-0.00713708767343381,-0.16054475254557155,-0.00489802348829625,0.006879593437518424,-0.0161314962617582
2021-09-14,0.024269992663242812,0,0.01683,0,0,0.35842238355926587,-0.42090457103319323,-0.3356473787250415,-0.2339355818046613,0.008698908619325384,-0.010215350850900962,-0.008146159419093439,-0.005677614854070569,-0.17942360679720695,-0.004354609620580776,0.006361474092092196,-0.01415390409696873
2021-09-15,0.009909141697785895,0,0.01401,0,0,0.35842238355926587,-0.29523164224129206,-0.3356473787250415,-0.2339355818046613,0.003551658186346931,-0.0029254921766389947,-0.003325977436276843,-0.002318100828256373,-0.12278704404230081,-0.001216714218067436,0.002875276540872182,-0.007308192519934521
2021-09-16,-0.0035050513976023767,0,0.01142,0,0,0.35842238355926587,-0.19150160577813535,-0.3356473787250415,-0.2339355818046613,-0.00125628887642638,0.0006712229709757527,0.001176461313901781,0.0008199562379533533,-0.0760394049430131,0.00026652202256836113,0.0013786032524337039,-0.0026734621652863165
2021-09-17,0.007481810951721624,0,0.01122,0,0,0.35842238355926587,-0.1835223722040465,-0.3356473787250415,-0.2339355818046613,0.002681648514655884,-0.0013730796942421671,-0.002511250234061671,-0.0017502617979434849,-0.07244343270460642,-0.0005420080681896327,0.0021106064304233303,-0.005975683379172781
2021-09-20,-0.0019299938591105237,0,0.01913,0,0,0.35842238355926587,-0.5505671166121391,-0.3356473787250415,-0.2339355818046613,-0.0006917529992371399,0.001062591154089616,0.0006477973797658743,0.0004514942363104439,-0.23785815567131657,0.000459064779784996,0.0011086391640543931,-0.0027719600785499152
2021-09-21,-0.01941351367107802,0,0.02117,0,0,0.35842238355926587,-0.706162171306874,-0.3356473787250415,-0.2339355818046613,-0.006958237843248178,0.013709088966664137,0.006516094975540095,0.0045415116155163825,-0.30797961432024806,0.005978966453019471,-0.005201469173704169,0.007628165638414586
2021-09-22,-0.019729556449262664,0,0.02043,0,0,0.35842238355926587,-0.6503075362882511,-0.3356473787250415,-0.2339355818046613,-0.00707151464911181,0.012830279246579979,0.006622173905602751,0.0046154452667061694,-0.2828078086514008,0.005579672625080087,-0.004708942753794489,0.007209572869694693
2021-09-23,-0.019459807450326383,0,0.01751,0,0,0.35842238355926587,-0.4468370801489823,-0.3356473787250415,-0.2339355818046613,-0.006974830569950343,0.008695363541365254,0.006531633361196084,0.004552341377698785,-0.19111051657202885,0.0037189738542240908,-0.0024535448441279834,0.004891071071020802
2021-09-24,-0.002340481554079732,0,0.01495,0,0,0.35842238355926587,-0.3550758940469595,-0.3356473787250415,-0.2339355818046613,-0.0008388809772897523,0.000831048580315278,0.0007855764985811735,0.00054752191405672,-0.14975683583035146,0.00035050311185828425,0.0012499554818548983,-0.0028172487186041437
2021-09-27,-0.03128907499491118,0,0.02071,0,0,0.35842238355926587,-0.6742452370105181,-0.3356473787250415,-0.2339355818046613,-0.01121470483904069,0.021096509785783764,0.010502096004773179,0.007319627963064228,-0.2935957253666211,0.009186338669181554,-0.00882882317744103,0.014033635989699292
