date,PB01,PB02,PB03,PB04,PB05,PB06,PB07,PB08,BB01,BB02,BB03,BB04,BB05,BB06,BB07,VB01,VB02,VB03,VB04,VB05,open,close,fwd_1d,fwd_3d,fwd_5d,fwd_10d,fwd_20d
2018-01-02,0,0,0,0,0,0,0.0,0.0,0,0,0,0,0,0.38725,0.01408,0,0,0,0,0.67303,259.25,260.32,0.016692123063495545,-0.11429922176158269,-0.0718961379009383,-0.05814968361335371,-0.05604043930467684
2018-01-03,0,0,0,0,0,0,-0.00603,-0.00035,0,0,0,0,0,0.38725,0.01408,0,0,0,0,0.67303,274.98,279.57,0.03918302597660106,-0.00547293277810823,0.029625223081499064,0.02542137616498108,0.028871703351179834
2018-01-05,0,0,0,0,0,0,0.00033,-0.00044,0,0,0,0,0,0.38725,0.01408,0,0,0,0,0.67303,252.15,262.03,-0.007619590905386553,0.039890799445847946,0.036712574362317785,0.039727813544128354,0.07318066987205607
2018-01-08,0,0,0,0,0,0,0.00371,-0.00018,0,0,0,0,0,0.38725,0.01408,0,0,0,0,0.67303,245.42,243.55,0.002037880604171649,0.037401102853033,0.017981299448573518,0.01310636937584908,-0.029609206425317613
2018-01-10,1,1,0,0,1,0,0.00441,0.00037,0,0,0,0,0,0.38725,0.01408,0,1,0,0,0.67303,250.26,250.77,0.002710985384252629,-0.00035360678925033806,0.013358478705013388,-0.016619519094766666,0.054887631620304855
2018-01-11,1,1,0,0,1,0,0.00945,0.00088,0,0,0,0,0,0.38725,0.01408,0,1,0,0,0.67303,254.52,255.21,0.04575847901393715,0.02618222830903094,0.04322081688552326,-0.0033432691533069603,0.07423668734391375
2018-01-15,1,1,0,0,1,0,0.04237,0.00276,0,0,0,0,0,0.38725,0.01408,0,1,0,0,0.67303,248.26,259.62,-0.01684763708025816,-0.0033617991421616145,-0.0008887514973531241,-0.012287955485142388,0.030294833648904396
2018-01-16,1,1,0,0,1,0,0.02067,0.00373,0,0,0,0,0,0.38725,0.01408,0,1,0,0,0.67303,258.79,254.43,-0.00195878711901587,0.014612551907858817,-0.00035258168142282553,0.004466034631356308,0.04125205672647514
2018-01-17,1,1,0,0,1,0,0.02111,0.00457,0,0,0,0,0,0.38725,0.01408,0,1,0,0,0.67303,255.26,254.76,0.01515330420750205,0.0176722950368009,-0.0020860392805132077,0.02322194670760047,0.04242925178100543
2018-01-18,1,1,0,0,1,0,0.03241,0.00592,0,0,0,0,0,0.38725,0.01408,0,1,0,0,0.67303,254.07,257.92,0.004382222911657463,-0.010432017373768865,-0.029357015434732125,-0.03606608237027853,0.0350577832932597
2018-01-19,1,1,0,0,1,0,0.0352,0.00732,0,0,0,0,0,0.38725,0.01408,0,1,0,0,0.67303,257.86,258.99,-0.001158927605655613,-0.020551649540292094,-0.04415514177547708,0.002742795333384729,0.0329521749208066
2018-01-22,1,1,0,0,0,0,0.03213,0.00844,0,0,0,0,0,0.38725,0.01361,0,0,0,0,0.67303,258.86,258.56,-0.012691042754884863,-0.03157283807312827,-0.010988585799961204,0.003791835945057054,0.048945637454053115
2018-01-23,1,1,0,0,1,0,0.01785,0.00876,0,0,0,0,0,0.38725,0.01409,0,1,0,0,0.67303,258.45,255.17,-0.008718770770614337,-0.03260742072956169,0.0024631504867653753,0.02975329397505555,0.04812917855886134
2018-01-24,1,1,0,0,0,0,0.0109,0.00861,0,0,0,0,0,0.38725,0.01479,0,0,0,0,0.67303,255.77,253.54,-0.010985102935946567,0.010036748725649192,0.027265183546054672,-0.04038408345517053,0.07559173351246695
2018-01-25,1,1,0,0,0,0,-0.00198,0.00778,0,0,0,0,0,0.38725,0.01587,0,0,0,0,0.67303,253.07,250.29,-0.01237376761266118,0.023430327705264764,-0.007863329740949165,0.07168802139464336,0.10437871711970614
2018-01-26,1,1,0,0,0,0,-0.01286,0.00636,0,0,0,0,0,0.38725,0.01636,0,0,0,0,0.67303,250.53,247.43,0.03699947259523717,0.05468781694997782,0.0530650330642215,0.08195058623067863,0.11598847823441094
2018-01-29,1,1,1,0,0,0,0.01898,0.00665,0,0,0,0,0,0.38725,0.0182,1,0,0,1,0.67303,246.49,255.61,0.0023455824863172214,-0.028303362001563803,0.014190774042220466,0.042337763878029566,-0.034401876465989134
2018-01-30,1,1,1,0,1,0,0.02125,0.00721,0,0,0,0,0,0.43303,0.01836,0,0,0,1,-0.39933,255.8,256.4,0.009592233009708906,0.008038834951456186,0.022834951456310648,0.03219417475728159,0.012504854368932117
2018-01-31,1,1,1,0,1,1,0.03403,0.00836,0,0,0,0,0,0.75666,0.01869,0,1,0,1,-0.09494,257.5,259.97,-0.008417441257430047,0.03494634379861972,-0.03119639366497784,0.05656839669685265,0.03985319344157667
2018-02-01,1,1,1,0,1,1,0.03398,0.00947,0,0,0,0,0,0.71546,0.01776,1,1,1,1,1.16298,250.67,248.56,-0.0028427643962967153,0.011793630671122823,0.03142407129960434,0.025315969421074724,-0.07179900887403479
2018-02-02,1,1,1,0,1,0,0.02975,0.01027,0,0,0,0,0,0.5722,0.01486,0,1,0,1,-0.35473,260.31,259.57,-0.010790818271943836,-0.07401052390757268,0.016891634256081867,0.01956074124914209,-0.04834896667429256
2018-02-05,1,1,1,0,0,0,0.01185,0.01014,0,0,0,0,0,0.04763,0.01538,1,1,0,1,0.15224,262.26,259.43,-0.009253686427926455,0.00996840204634375,0.0029717123081554053,0.0197863376467049,-0.0015046644598253334
2018-02-07,1,1,1,0,1,1,0.05062,0.01112,1,0,0,0,0,1.07451,0.01663,1,1,1,1,2.57208,265.84,263.38,-0.003569670113244716,0.09424749712785152,0.0905547349417366,0.09995076317085183,0.17401116034794017
2018-02-08,1,1,1,0,1,1,0.05179,0.0129,0,0,0,0,0,0.98944,0.01626,0,1,0,1,-0.45977,243.72,242.85,-0.0032298782298781914,-0.010135135135135198,-0.016743391743391678,0.010543510543510548,0.035454410454410556
2018-02-13,1,1,1,0,1,0,0.05232,0.0182,0,0,0,0,0,0.75476,0.0176,0,1,0,1,-0.39207,269.36,268.49,-0.004702369845120291,-0.008061205448777642,-0.003918641537600354,0.03258070535547675,0.035603657398768584
2018-02-14,1,1,1,0,1,0,0.04342,0.019,0,0,0,0,0,0.55312,0.017,0,1,0,1,-0.39136,267.95,266.69,0.002142373900623884,-0.004547846350447138,0.004998872434789137,0.033902127339697774,0.031158385326618188
2018-02-15,1,1,1,0,1,0,0.04142,0.01951,0,0,1,0,0,0.50128,0.01649,0,1,0,1,-0.38865,266.06,266.63,-0.0019151333082988442,0.0022530980097632547,0.01802478407810737,-0.07247465264739017,0.03203154337213654
2018-02-16,1,1,1,0,0,0,0.03659,0.01977,0,0,0,0,0,0.40556,0.01426,0,0,0,1,-0.60628,266.3,265.79,-0.005332932737446838,0.004206256807000486,0.006797611447027396,-0.020843504713260796,0.013783002215796092
2018-02-19,1,1,1,0,0,0,0.03159,0.01974,0,0,0,0,0,0.31049,0.01449,0,0,0,1,-0.45939,266.27,264.85,0.008654245871282162,0.024526661879747502,0.028683723215297885,-0.014927629341294657,0.022070216545104104
2018-02-20,1,1,1,0,0,0,0.03796,0.01985,0,0,0,0,0,0.41631,0.01459,0,0,0,1,-0.38068,264.61,266.9,0.0017232982429848942,0.004308245607462569,0.03652643015022661,-0.09481886636946013,0.014835350091784383
2018-02-21,1,1,1,0,1,0,0.03825,0.02008,0,0,0,0,0,0.4083,0.01418,0,0,0,1,-0.52537,266.93,267.39,0.012814286247991857,0.016923824111779284,0.027683341427877428,-0.06758321814174173,0.004109537863787427
2018-02-22,1,1,1,0,1,0,0.05048,0.02072,0,0,0,0,0,0.63188,0.01454,0,1,0,1,-0.21006,267.67,271.1,-0.014954988058056173,0.016645232408598387,-0.0924122726437625,-0.024655520852471025,-0.00778982178945431
2018-02-23,1,1,1,0,1,0,0.0372,0.02105,0,0,0,0,0,0.3798,0.01454,0,1,0,1,-0.04104,272.15,268.08,0.018483873381725635,0.029259896729776136,-0.024470553019531383,0.07060540297837314,0.032140986305470465
2018-02-26,1,1,1,0,1,1,0.05095,0.02158,0,0,1,0,0,0.69101,0.01547,0,1,0,0,-0.15774,267.26,272.2,0.018516473403276335,-0.09074176329836181,-0.04045646972206862,0.026725565985643573,0.01866372170071795
2018-02-27,1,1,1,0,1,1,0.0654,0.02279,0,0,0,0,0,0.96923,0.0135,0,1,0,1,-0.24443,271.65,276.68,-0.009113504556752416,-0.06084074781167825,-0.12964230395158682,-0.00043226108569582866,-0.0021613054284789213
2018-02-28,1,1,1,0,1,0,0.05678,0.02387,0,0,0,0,0,0.7349,0.01446,0,1,0,1,-0.24988,277.61,275.08,-0.007075092458594612,0.04783727287345241,0.003296349895481665,0.10287023637240722,0.0639572278501368
2018-03-01,1,1,1,0,1,1,0.07092,0.02511,0,0,0,0,0,0.95782,0.01433,0,1,0,1,-0.06226,248.76,247.0,0.007107540173053373,-0.06667181705809633,0.025339925834363397,0.06161155747836822,0.025224042027194082
2018-03-05,1,1,1,0,1,0,0.06747,0.02769,0,0,1,0,0,0.82474,0.01309,0,1,0,1,-0.29665,258.88,260.72,-0.007236441194393595,-0.04943631931748926,0.08976995734308346,0.028107861060329142,0.0123019500304693
2018-03-07,1,1,1,0,1,0,0.05609,0.0291,0,0,1,0,0,0.61016,0.01399,0,0,0,1,-0.26841,262.56,260.66,0.0010772290354656988,0.09976798143851506,0.15557673185283405,0.12052535631421923,0.0374544249254225
2018-03-08,1,1,1,0,1,1,0.06334,0.02955,0,0,1,0,0,0.74761,0.01462,1,1,1,1,1.51368,241.36,241.62,0.012289596430744343,0.160535388359359,0.1254917866558507,0.09872236868789286,0.030541472317988205
2018-03-09,1,1,1,0,1,1,0.06208,0.03011,0,0,1,0,0,0.69631,0.01455,1,1,0,1,0.793,246.55,249.58,-0.0014295387856444464,0.04924384922127767,0.032089383793544535,0.011097735309608003,-0.008539613272138924
2018-03-12,1,1,1,0,1,1,0.06311,0.03061,0,0,1,0,0,0.69097,0.0139,0,1,0,1,-0.33732,265.82,265.44,0.011596252430616794,-0.018949973484178928,-0.028354251369984262,-0.04532437687820412,-0.08417889340639917
2018-03-13,1,1,1,0,1,1,0.07299,0.03132,0,0,1,0,0,0.83546,0.01454,1,1,0,1,0.19414,282.85,286.13,-0.018786279683377205,-0.03482849604221627,-0.05034300791556734,-0.029551451187335043,-0.0736675461741425
2018-03-14,1,1,1,0,1,0,0.04404,0.03153,0,0,0,0,0,0.27583,0.01574,1,1,0,0,0.07265,284.25,278.91,-0.0055547591743119185,-0.01508744266055062,-0.030784116972477182,-0.008314220183486265,-0.0656536697247706
2018-03-15,1,1,1,0,0,0,0.03715,0.03076,0,0,0,0,0,0.13536,0.0152,0,1,0,0,-0.15872,279.04,277.49,-0.012632260850788168,-0.028503562945368266,-0.02508457496581018,-0.0030590945080256615,-0.07212265169509835
2018-03-16,1,1,0,0,0,0,0.02439,0.02954,0,0,0,0,0,-0.15373,0.01464,1,0,0,0,0.00941,277.86,274.35,0.0033953997809419434,-0.012595837897042661,-0.018729463307776584,-0.03369843008397211,-0.05932822197882437
2018-03-19,1,1,0,0,0,0,0.02513,0.02811,0,0,0,0,0,-0.17305,0.01434,0,0,0,0,-0.27149,273.9,274.83,-0.01864979823317703,-0.015196131893699838,-0.018322608790489747,-0.03511833351510518,-0.06631039371796277
2018-03-20,1,1,0,0,0,0,0.00662,0.02628,0,0,0,0,0,-0.67571,0.01496,1,0,0,0,0.33706,275.07,269.94,0.003450578806767579,-0.002782724844167417,0.023486197684773114,-0.013839418224992461,-0.06697091124962895
2018-03-21,1,1,0,0,0,0,0.00818,0.0242,0,0,0,0,0,-0.67496,0.01402,1,0,0,0,0.71768,269.52,270.45,0.0032962962962963527,0.00011111111111095084,0.02488888888888896,-0.07259259259259254,-0.062444444444444525
2018-03-22,1,1,0,0,0,0,0.00943,0.02241,0,0,0,0,0,-0.6267,0.01414,0,1,0,1,-0.16281,270.0,270.89,-0.006909547738693456,0.019250665090156716,0.02353680165533545,-0.06118829441324258,-0.060005911912503596
2018-03-23,1,1,0,0,0,0,0.00147,0.02052,0,0,0,0,0,-0.85986,0.01451,0,1,0,1,-0.02643,270.64,268.77,0.007386681589255595,0.03234471180749865,-0.012609587763476982,-0.016787912702853958,-0.07573213952620783
2018-03-26,1,1,0,0,0,0,0.00592,0.01882,0,0,0,0,0,-0.69715,0.01518,1,1,1,1,1.33163,268.05,270.03,0.020117599201213032,0.024407381383824367,-0.01849044044229131,-0.042047261565770544,-0.0754040161236641
2018-03-27,1,1,0,0,1,0,0.02649,0.01817,0,0,0,0,0,-0.10266,0.01543,1,1,0,1,0.02036,270.41,275.85,0.0031538879825991906,-0.04052927315570054,-0.036469095522929096,-0.0454594888526374,-0.08540873663222781
2018-03-28,1,1,0,0,1,0,0.02853,0.01801,0,0,0,0,0,-0.02292,0.0144,0,1,0,1,-0.48825,275.85,276.72,0.0015184930763947335,-0.04042083950974351,-0.09468888969232425,-0.057377345529483925,-0.10137749014787223
2018-03-29,1,1,1,0,1,0,0.02842,0.01789,0,0,0,0,0,0.01972,0.01372,0,1,0,1,-0.34872,276.59,277.01,-0.028377386196769327,-0.02426578560939774,-0.06725403817914821,-0.05352422907488985,0.02881791483113072
2018-04-04,1,1,0,0,0,0,-0.0178,0.01287,0,0,0,0,0,-0.94445,0.01567,1,0,0,1,0.037,272.4,264.67,0.017715403197975377,-0.03984048468116119,0.010583227884504831,-0.012040338970052744,0.03240154913915405
2018-04-05,1,1,0,0,0,0,-0.00081,0.0114,0,0,0,0,0,-0.47334,0.01575,0,0,0,1,-0.21146,260.79,265.41,0.015240641711230074,-0.029488158899923622,-0.010542398777692807,-0.01898395721925139,-0.007486631016042966
2018-04-06,1,1,0,0,0,0,0.00054,0.01033,0,0,0,0,0,-0.397,0.01507,0,1,0,1,-0.28352,261.8,265.79,0.003647440779189548,0.05635496412681862,0.05539300172351602,0.007936189827247642,0.011663794140045702
2018-04-09,1,1,0,0,0,0,0.00783,0.00973,0,0,0,0,0,-0.15723,0.014,0,1,0,1,-0.33497,249.49,250.4,0.012593655348318356,0.03236091184441259,0.03905627291567049,0.008847441415590573,0.004383867368085603
2018-04-10,1,1,0,0,0,0,0.0051,0.00912,0,0,0,0,0,-0.19567,0.01371,0,1,0,1,-0.38813,250.92,254.08,-0.005359097256293244,-0.006264860172849884,-0.026984186889081885,-0.03989130845001332,-0.026267124580141243
2018-04-12,1,1,0,0,0,0,-0.02049,0.00574,0,1,0,0,0,-1.00055,0.01629,0,0,0,0,-0.20516,264.97,263.55,-0.016029780445187103,-0.009648256476487038,-0.02130973182405227,-0.05891514092532091,0.023816759097470053
2018-04-13,1,1,0,0,0,0,-0.03644,0.00309,0,1,0,0,0,-1.26346,0.01666,0,0,0,0,-0.29514,263.26,259.04,0.02359664126885397,0.002254703778572509,-0.0015938423262323864,-0.028067174622920188,0.06348157362774054
2018-04-16,1,1,0,0,0,0,-0.01977,0.00157,0,0,0,0,0,-0.69908,0.01698,0,0,0,0,-0.10222,257.24,263.31,-0.009196625370525013,-0.020863418712472437,-0.04434901573306982,-0.041232803830660414,0.05191152998403892
2018-04-17,0,1,0,0,0,0,-0.02829,-0.00026,0,0,0,0,0,-0.85357,0.01797,0,0,0,1,-0.23904,263.14,260.72,-0.010021886879391873,-0.013823292247437058,-0.02799216680105987,-0.04561686441654189,0.05456360634335522
2018-04-18,0,1,0,0,0,0,-0.03762,-0.00252,0,0,0,1,0,-0.96461,0.01946,0,0,0,1,-0.31219,260.43,257.82,-0.005173944939959152,-0.0290358701108151,-0.017722691995829987,0.08208811151009687,0.046102166106799514
2018-04-19,0,1,0,0,0,0,-0.03681,-0.00451,0,0,0,0,0,-0.84801,0.01807,0,0,0,0,-0.19758,258.99,257.65,-0.002253214715823182,-0.01658832213200745,-0.037527679577328055,0.04595781049687253,0.05178508993434594
2018-04-20,0,1,0,0,0,0,-0.03837,-0.00642,0,0,0,0,0,-0.80257,0.01755,0,0,0,0,-0.4375,257.41,256.83,-0.01677353769158585,-0.005317485142320888,-0.02244291523303088,0.015952455426962775,0.05387863622145783
2018-04-23,0,1,0,0,0,0,-0.05628,-0.00941,0,1,0,1,0,-1.00868,0.01937,1,0,0,0,0.10045,255.76,251.47,0.00600087429956675,-0.015419465087628592,0.002622898700472831,0.0030600484838851916,0.0550013909311291
2018-04-24,0,1,0,0,0,0,-0.04815,-0.01141,0,0,0,0,0,-0.79621,0.01733,0,0,0,0,-0.06942,251.63,253.14,0.004620305650989254,-0.012676223196303682,-0.018481222603956793,-0.0047782648185443755,0.04489989337756195
2018-04-25,0,1,0,0,0,0,-0.04178,-0.01281,0,0,0,1,0,-0.6515,0.01659,0,0,0,0,-0.33018,253.23,254.4,-0.025220333648095727,-0.007357570034623895,0.10265187283600885,0.015147938306578457,0.04949638023292424
2018-04-26,0,1,0,0,0,0,-0.06437,-0.01591,0,0,0,1,0,-0.9698,0.01856,1,0,0,0,1.85247,254.16,247.75,0.005590636689056128,-0.0003217632626794087,0.08289426054780202,0.08406065237501492,0.05522261995736644
2018-04-27,0,1,0,0,0,0,-0.05373,-0.01758,0,0,0,1,0,-0.73374,0.01852,0,0,0,0,-0.49833,248.63,250.02,0.010979763574433976,0.12302143858946102,0.04123422159887791,0.09625325586054889,0.05297535564015221
2018-04-30,0,1,0,0,1,0,-0.04344,-0.01841,0,0,0,1,0,-0.53638,0.01906,1,1,1,0,1.64549,249.55,252.29,0.005542519621328568,0.08924670280767044,0.021118213447689937,0.11983170159398004,0.06011813253499487
2018-05-01,0,1,1,0,1,0,-0.00626,-0.0164,0,0,0,0,0,0.13192,0.0195,1,1,0,0,0.44117,247.18,248.55,-0.0008912655971479166,-0.07365418894830666,-0.10153297682709439,-0.020891265597148045,-0.0388235294117647
2018-05-03,0,1,1,0,1,0,-0.01019,-0.01492,0,0,0,0,0,0.09457,0.01885,1,1,0,0,0.92117,280.5,280.25,0.011876127480457077,-0.05141310883944672,-0.030329224293445534,0.018227600721587578,-0.01578472639807571
2018-05-04,0,1,1,0,1,0,0.00731,-0.01284,0,0,0,0,0,0.47129,0.01784,1,1,1,0,1.14204,266.08,269.24,-0.01299095950771112,-0.042695434171541424,0.023816759097470053,0.028412975765403026,-0.0030768061991947038
2018-05-07,0,1,1,0,1,0,0.00239,-0.01153,0,0,0,0,0,0.44069,0.01716,0,1,0,0,-0.42861,263.26,259.84,0.0058181238543077995,0.028174065513668634,0.09018091974177089,0.07412130389734606,-0.03339443691719135
2018-05-09,0,1,1,0,1,1,0.0206,-0.00749,0,0,0,0,0,0.8911,0.01701,0,1,0,0,-0.40087,250.94,252.4,-0.0074826717076244,0.06147605545053558,0.09010712035286716,0.045486767485822366,0.016343730308758797
2018-05-10,0,1,1,0,1,0,0.00592,-0.00653,0,0,0,0,0,0.55183,0.01831,0,1,0,0,-0.09392,253.92,252.02,0.0010864082567025868,0.06145966709346973,0.06561129864586968,0.02665580258409972,0.030613432662088158
2018-05-11,0,1,1,0,1,0,0.01071,-0.00526,0,0,0,0,0,0.60798,0.01685,0,1,0,0,-0.48244,257.73,258.01,0.010952327369565973,0.03822062188214992,0.016203443231686654,0.00048760361576838385,-0.02426765687708643
2018-05-14,0,1,1,0,1,1,0.01999,-0.00357,0,0,0,0,0,0.75387,0.01734,0,1,0,0,-0.44711,266.61,269.53,0.010938250618971912,0.014892280403532743,0.0004803961420494218,-0.030486678245445487,-0.0393555300986661
2018-05-15,0,1,1,0,1,1,0.03385,-0.00128,0,0,1,0,0,0.91373,0.01803,0,1,0,0,-0.23257,270.61,273.57,0.006911604219716372,-0.01444161513277542,-0.01949799927246254,-0.04412513641324112,-0.029901782466351334
2018-05-16,1,1,1,0,1,1,0.04417,0.00133,0,0,1,0,0,0.95783,0.01687,0,1,0,0,-0.24297,274.9,276.8,-0.0061518419338495445,-0.020264891076210323,-0.03933560107114409,-0.051747846855322965,-0.0334008829702539
2018-05-17,1,1,1,0,1,0,0.03456,0.00316,0,0,1,0,0,0.73005,0.01705,0,1,0,0,-0.43463,276.34,274.64,-0.017337057052700167,-0.02237858619564015,-0.04029596314968609,-0.022124696238801533,-0.03848246345798101
2018-05-18,1,1,1,0,1,0,0.01976,0.00402,0,0,1,0,0,0.46766,0.01805,1,0,0,0,1.00211,275.71,270.93,-0.00375331174565785,-0.02314542243155715,-0.018472181336473326,-0.036355607889314134,-0.014240506329113889
2018-05-21,1,1,1,1,1,0,0.01828,0.00469,0,0,0,0,0,0.41354,0.01547,0,0,0,0,-0.40862,271.76,270.74,-0.0030698672189961584,-0.021341125124828886,-0.02962606798091505,-0.029293190812590186,0.0002589044642526961
2018-05-22,1,1,1,1,0,0,0.01322,0.00502,0,0,0,0,0,0.30522,0.01462,0,0,0,0,-0.56486,270.37,269.54,-0.003715379419049536,0.001050814381145404,-0.013848232380094583,-0.0896945132477669,0.020903700367784994
2018-05-24,1,1,0,1,0,0,-0.00211,0.00421,0,0,0,0,0,-0.04055,0.01497,0,0,0,0,-0.39193,266.46,265.47,-0.007762402969962889,-0.01616229797127533,-0.017362282971462806,-0.03224959688003903,0.004049949375632744
2018-05-25,1,1,0,0,0,0,-0.00517,0.00352,0,0,0,0,1,-0.19056,0.01542,0,0,0,0,-0.29219,266.67,264.6,0.007630704140223488,-0.0073662737987308935,0.018472348141432393,0.0033998186763370963,0.013637050468419343
2018-05-28,1,1,0,1,0,0,0.00276,0.00332,0,0,0,0,1,-0.08119,0.01528,0,0,0,1,-0.2805,264.72,266.74,-0.018003518359097193,-0.019201257626230483,-0.019800127259797184,-0.02631283452483446,-0.003593217801399984
2018-05-29,1,1,0,0,0,0,-0.01317,0.00227,0,0,0,0,1,-0.57309,0.01586,1,0,0,0,0.0127,267.17,262.36,0.0006854792642523311,0.026733691305838247,-0.0005331505388628255,-0.010015613694352443,0.011386572222856994
2018-05-30,1,1,0,0,0,0,-0.01118,0.00139,0,0,0,0,1,-0.57989,0.01461,0,0,0,0,-0.46853,262.59,262.77,-0.001676318195672044,-0.002285888448643747,-0.07589149649497107,0.016001219140505896,0.06152849740932642
2018-05-31,1,1,0,0,0,0,-0.01339,0.00047,0,0,0,0,1,-0.69174,0.01511,0,0,0,1,-0.36073,262.48,262.04,0.002006912699297647,-0.024603263091388827,-0.04088155498569146,-0.007284349797450407,-0.018322369643587244
2018-06-04,0,1,0,0,0,0,0.00134,-0.0004,0,0,0,0,1,-0.20957,0.01384,1,0,0,1,0.0592,269.07,269.61,-0.014896178152271955,-0.08757147156184164,-0.0008275654529038556,-0.002783629250676878,-0.019823954258200382
2018-06-06,0,1,0,0,0,0,-0.01291,-0.00104,0,0,0,1,1,-0.59297,0.01481,0,0,0,0,-0.09471,265.84,261.88,0.013007565230816809,-0.0038984097576038046,0.004091400339663487,0.03400494055890069,-0.044735216921414134
2018-06-07,0,1,0,0,0,0,-0.01716,-0.00196,0,0,0,1,1,-0.67778,0.01417,0,0,0,0,-0.14636,259.08,262.45,0.006431268412099067,0.10211194556242487,0.07862744284469514,0.12211111572133948,0.07481017385170752
2018-06-08,0,1,0,0,0,0,-0.03506,-0.00393,0,1,0,1,0,-1.01952,0.01513,1,0,0,0,0.1231,241.01,242.56,-0.0009677918860327983,0.007045524930318958,0.032362960668937735,0.05307370703004022,0.032362960668937735
2018-06-11,0,1,0,0,0,0,-0.01638,-0.00446,0,0,0,0,0,-0.51865,0.01591,1,0,0,0,0.37425,258.32,258.07,0.0018481499641684884,-0.019499867989288378,0.007468034549089175,0.009881944706370493,-0.04213027571380068
2018-06-12,0,1,0,0,0,0,-0.01128,-0.00468,0,0,0,0,1,-0.36586,0.01513,0,0,0,0,-0.2411,265.13,265.62,-0.0031422440220723047,0.021919068056407198,0.015864500306560503,0.028241876149601497,-0.051425505824647444
2018-06-13,0,1,0,0,0,0,-0.01564,-0.00519,0,0,0,0,1,-0.4705,0.01513,0,0,0,1,-0.17219,260.96,260.14,-0.014631187931165246,0.012470623910241896,0.015427185202031568,0.009059207035099659,-0.08520961261466142
2018-06-15,0,1,0,0,1,0,-0.01572,-0.00514,0,0,0,0,1,-0.47266,0.01673,1,1,0,1,0.13822,263.82,259.96,0.027154026884412374,0.02106844355428894,0.04163617455609914,0.022917228363440234,-0.08331086546238875
2018-06-18,0,1,1,0,1,0,0.00934,-0.00399,0,0,0,0,1,0.52921,0.01733,1,1,1,1,2.40145,259.63,266.68,0.005533805149827042,0.008470109923204294,0.024055112181900373,0.04890076795663312,-0.07596747477789478
2018-06-19,0,1,1,1,1,1,0.01053,-0.003,0,0,0,0,1,0.65412,0.01821,0,1,0,0,-0.16692,265.64,267.11,-0.004543577034283319,0.015508242274041573,0.005407232173031407,-0.008148398482970998,-0.08606511208741696
2018-06-20,0,1,1,0,1,0,0.00281,-0.00257,0,0,0,0,1,0.35284,0.01807,0,1,0,1,-0.51358,266.31,265.1,0.010791231181375815,0.02641210429008045,0.012451420593895035,-0.016828283590536897,-0.10961023280383353
2018-06-21,0,1,1,1,1,1,0.01284,-0.00156,0,0,0,0,1,0.75937,0.01804,1,1,0,1,0.24068,265.03,267.89,0.009971243978040834,-7.469096612755521e-05,-0.005825895357956412,-0.0757366396534338,-0.11730216230346924
2018-06-22,0,1,1,1,1,1,0.02158,-0.00017,0,0,0,0,1,0.99392,0.0181,1,1,0,0,0.00758,267.77,270.44,0.003837779991881396,-0.009815860363851181,-0.019963836303922733,-0.044097568175947455,-0.1267205431934758
2018-06-25,1,1,1,1,1,1,0.02647,0.00135,1,0,0,0,1,1.05218,0.0176,0,1,0,1,-0.10682,270.99,272.03,-0.010934210040264403,-0.0166229544531048,0.02925639983746442,-0.014886779210224854,-0.0982601307672416
2018-06-27,1,1,1,1,1,0,0.00929,0.00248,0,0,0,0,1,0.41293,0.01764,1,1,0,1,0.25752,270.71,267.75,0.00336536663799869,-0.006917698089219715,-0.012302284710017597,-0.05036832068204766,-0.08645252963392291
2018-06-28,1,1,1,1,1,0,0.01103,0.00287,0,0,0,0,1,0.43811,0.01679,0,1,0,1,-0.37358,267.43,268.33,-0.008196415930852186,0.03807607764241272,-0.029209045862672922,-0.07775418203494666,-0.07134607503446233
2018-06-29,1,1,1,0,0,0,0.00292,0.00279,0,0,0,0,1,0.16377,0.01633,0,0,0,0,-0.12522,268.41,266.21,0.0489355819740116,0.043248153560567104,-0.022512737469884248,-0.046802796318969886,-0.030135471385125734
2018-07-02,1,1,0,0,0,0,-0.00744,0.00211,0,0,0,0,1,-0.15676,0.01651,0,0,0,0,-0.25104,253.19,265.58,-0.0031483667847304053,-0.06776143966226611,-0.07323530464026318,-0.1485098923115452,-0.10761690100533072
2018-07-03,1,1,0,0,0,0,-0.01701,0.00092,0,0,0,0,1,-0.4395,0.01723,1,0,0,0,0.3696,279.51,278.63,-0.0012855414398065257,-0.06423926194797336,0.008318209316394487,-0.0719147005444647,0.0074107683000603775
2018-07-05,0,1,0,0,0,0,-0.01904,-0.00078,0,0,0,0,1,-0.53635,0.01646,1,0,0,0,0.05092,264.48,264.14,-0.0035945088141944304,-0.00944514550112796,-0.028870788879966303,-0.06928989331191926,0.07556116400902457
2018-07-06,0,1,0,0,0,0,-0.00883,-0.00121,0,0,0,0,1,-0.31221,0.01526,0,0,0,1,-0.26623,261.51,260.57,-0.01126603012264793,0.06539890535735693,-0.01106627781550884,-0.05724901122607973,0.020574487635332206
2018-07-09,0,1,1,0,1,0,0.00668,-0.00069,0,0,0,0,1,0.20191,0.01541,1,1,0,1,0.68803,250.31,247.49,0.0020502108235658234,-0.01760086650419701,-0.06641909403891533,-0.08568333913581672,-0.06684460949286297
2018-07-11,0,1,0,0,0,0,-0.01651,-0.00188,0,0,0,0,1,-0.69582,0.01616,0,0,0,1,-0.18976,258.51,259.04,0.004406613686866789,-0.06768106662649243,-0.1036119166886369,-0.10869647094271395,-0.13054122255282286
2018-07-12,0,1,0,0,0,0,-0.02507,-0.00322,0,0,0,0,1,-0.90675,0.01599,0,0,0,1,-0.24967,265.51,266.68,-0.013900753281043787,-0.0629028500427119,-0.04690533509357775,-0.05214723926380371,-0.09388832802671432
2018-07-13,0,1,0,0,0,0,-0.03781,-0.00524,0,1,0,1,1,-1.17211,0.01705,0,0,0,1,-0.14816,257.54,253.96,-0.028797865662272493,-0.06622724419334591,-0.04508003766478341,-0.041470495919648465,-0.07317168863779033
2018-07-16,0,1,0,0,0,0,-0.05985,-0.00858,0,1,0,1,0,-1.36613,0.01861,1,0,0,1,0.25228,254.88,247.54,-0.025833535157826826,-0.00920319689997584,-0.04746912085250676,0.00613546459998382,-0.04847824331960937
2018-07-17,0,1,0,0,0,0,-0.08039,-0.01306,0,1,0,1,0,-1.37326,0.02019,1,0,0,1,0.27095,247.74,241.34,-0.011627906976744207,0.010755813953488236,-0.01843853820598007,0.019767441860464974,-0.014451827242525028
2018-07-18,0,1,0,0,0,0,-0.08979,-0.01773,0,1,0,1,0,-1.22983,0.02106,1,0,0,1,0.01014,240.8,238.0,0.029052949314551713,-0.010690479185008206,-0.007881608183456956,0.04569655808493689,0.009390852303693409
2018-07-19,0,1,0,0,0,0,-0.059,-0.01921,0,0,0,0,0,-0.7346,0.02167,1,0,0,0,0.28003,238.53,245.46,-0.004214057769413304,-0.03297602487521467,-0.00126830864904659,0.09009082726454465,-0.017960886997790637
2018-07-20,0,1,0,0,0,0,-0.06448,-0.02155,0,0,0,0,0,-0.74629,0.02157,0,0,0,1,-0.32124,244.42,243.39,-0.029048716260697827,-0.026291968400263266,0.005225477287689406,0.1572992100065833,0.00534891375905211
2018-07-23,0,0,0,0,0,0,-0.08964,-0.02585,0,0,0,1,0,-0.96051,0.02316,0,0,0,1,-0.06286,243.04,235.98,0.0019075071001652955,0.03475901826967909,0.05658937730490443,0.08287058624051546,0.03221567546945869
2018-07-24,0,0,0,0,0,0,-0.08501,-0.02877,0,0,0,1,0,-0.82968,0.02228,0,0,0,1,-0.36416,235.91,236.36,0.0014387880326689473,0.0338538360627989,0.039143497947611294,0.020820109178621315,0.02682916507976807
2018-07-25,0,0,0,0,0,0,-0.08087,-0.03113,0,0,0,1,0,-0.72847,0.02133,0,1,0,0,-0.41375,236.31,236.65,0.0325268589797818,0.05431012604686569,0.0550291853481093,-0.02355976651721514,0.02114880297775157
2018-07-26,0,0,0,0,0,0,-0.04996,-0.03037,0,0,0,0,0,-0.3658,0.02172,1,1,1,1,3.03837,236.42,244.11,0.003450117057542945,0.008584219821744066,0.09434427239495635,-0.04152462315685701,0.011130734792787589
2018-07-27,0,0,0,0,1,0,-0.04734,-0.03035,0,0,0,1,0,-0.31843,0.02033,0,1,0,1,-0.13367,243.47,244.31,0.018052605783368758,0.018746936775036804,0.1487910472145073,-0.03516582257801015,0.0127021728475738
2018-07-30,0,0,0,0,1,0,-0.02697,-0.02853,0,0,0,0,0,-0.05983,0.02042,0,1,0,0,-0.01908,244.84,249.26,-0.01464628225191611,0.06913847758918168,0.025079250431363054,-0.054090927330364025,-0.013763492636732155
2018-07-31,0,0,0,0,1,0,-0.03985,-0.02862,0,0,0,0,0,-0.20497,0.02141,0,1,0,1,-0.2857,249.21,245.56,0.0033790578864798526,0.13146144253590242,-0.029606983386298746,-0.04533569331026999,-0.008326964077396526
2018-08-01,0,0,0,0,1,0,-0.04593,-0.02892,0,0,0,0,0,-0.2662,0.02089,0,1,0,0,-0.39073,248.59,249.43,0.001503533303262472,-0.039768455871297625,-0.13227334235453325,-0.09498571643361908,0.05867538715982534
2018-08-02,0,0,0,0,0,0,-0.04685,-0.02911,0,0,0,0,0,-0.26607,0.02053,0,0,0,1,-0.29845,266.04,266.44,0.00976485370669522,-0.1339795368874529,-0.1622329922814575,-0.1382875605815832,-0.024735236043798237
2018-08-03,0,0,0,0,0,0,-0.04975,-0.02952,0,0,0,0,0,-0.29272,0.01846,0,0,0,1,-0.42767,278.55,281.27,-0.015378685681248672,-0.11023318558489115,-0.08949701291192913,-0.058238581614954654,0.03792638273270388
2018-08-06,0,0,0,0,0,0,-0.04433,-0.02931,0,0,0,0,0,-0.20182,0.0168,0,0,0,0,-0.46436,259.45,255.46,-0.007814749311068181,-0.04018426356270299,-0.03043639205363391,0.001562949862213614,0.09665610990005358
2018-08-08,0,0,0,0,0,0,-0.04641,-0.02891,0,0,0,0,0,-0.23483,0.01571,0,0,0,0,-0.35867,243.13,241.23,-0.006199147617202638,0.016961556674846,0.021653967023978593,0.04459942313487453,0.07550906194842666
2018-08-13,0,0,0,0,0,0,-0.07968,-0.03452,0,1,0,0,0,-1.07722,0.01663,0,0,0,0,-0.36182,232.29,230.85,0.0117932708983699,0.022069025320846425,0.043921262573707986,0.046739507457509655,0.12261533125216806
2018-08-14,0,0,0,0,0,0,-0.06712,-0.03509,0,0,0,0,0,-0.72207,0.017,0,0,0,1,-0.08284,230.64,233.36,0.013558158493156558,0.018234865061998562,0.02986227313682588,0.05624919552065899,0.07203844338610721
2018-08-15,0,0,0,0,0,0,-0.05358,-0.03467,0,0,0,0,0,-0.42059,0.01526,0,0,0,1,-0.13681,233.07,236.23,-0.0008053577483893015,0.020557816208884416,0.035690064428619994,0.05099186164801628,0.07188877585622255
2018-08-16,0,0,0,0,0,0,-0.05352,-0.03473,0,0,0,0,0,-0.42494,0.01514,0,0,0,1,-0.35608,235.92,235.73,0.00931399651256748,0.02083953557606444,0.0356398588015141,0.04529409262960926,0.08714328243950153
2018-08-17,0,0,0,0,1,0,-0.04537,-0.03398,0,0,0,0,0,-0.23798,0.01417,0,1,0,0,-0.06685,235.13,237.32,0.014622840286557137,0.029667088074167625,0.02254530130636323,0.038853771597134434,0.08196375895490937
2018-08-20,0,0,1,0,1,0,-0.0303,-0.03213,0,0,0,0,0,0.08497,0.01357,1,1,0,0,0.04204,237.3,240.77,-0.004479283314669735,0.00995396292148798,0.0012857202106921761,0.16813902368213673,0.06001410144747199
2018-08-21,0,0,0,0,1,0,-0.03202,-0.03109,0,0,0,0,0,-0.00908,0.01347,0,1,0,0,-0.24346,241.11,240.03,0.012850273586469951,0.005844801857071813,0.020477532747471328,0.12609849112916605,0.05612667882606526
2018-08-22,0,0,1,0,1,0,-0.01407,-0.02846,0,0,0,0,0,0.39483,0.01363,1,1,0,0,0.13247,241.24,244.34,-0.003315324165029443,-0.011869679109364761,0.014857563850687594,0.10220203012442708,0.035813686967910874
2018-08-23,0,0,1,0,1,0,-0.01675,-0.02683,0,0,0,0,0,0.31392,0.01351,0,1,0,1,-0.31309,244.32,243.51,-0.004921058027475889,0.009555054336682467,0.00791470166085717,0.09341808488825087,0.04219807258560593
2018-08-24,0,0,1,0,1,0,-0.01944,-0.02552,0,0,0,0,0,0.23632,0.01328,0,1,0,0,-0.02664,243.85,242.65,-0.0022730090507088185,0.02471380749679719,0.018803983964954307,0.032483365706492684,0.04930363268173754
2018-08-27,0,0,1,0,1,0,-0.02348,-0.02461,0,0,0,0,1,0.1648,0.01266,0,0,0,0,-0.23542,241.97,241.42,0.01878828008607858,0.017132925012415257,0.16557689124317165,0.07151133918225483,0.055951001489819685
2018-08-28,0,0,1,0,1,1,-0.00406,-0.02207,0,0,0,0,1,0.70546,0.01277,1,1,0,0,0.10536,241.64,246.18,0.005719153078607819,-8.112273870353182e-05,0.10189015981179539,0.013466374624807376,0.027257240204429323
2018-08-29,0,0,1,0,1,1,0.00298,-0.01965,0,0,0,0,1,0.8284,0.01253,0,0,0,0,-0.01564,246.54,247.95,-0.009191324679513002,0.13541078771265003,0.08558413287107958,0.019430782875110797,0.01007820688543104
2018-08-30,0,0,1,0,1,0,-0.00557,-0.01827,0,0,1,0,0,0.5634,0.01142,0,0,0,0,-0.05743,248.06,245.78,4.056630562665475e-05,0.10202425865076492,0.08161940692061176,0.03695590442578389,0.01294065149486845
2018-08-31,0,0,1,0,1,0,-0.00248,-0.01662,0,0,1,0,0,0.5919,0.01127,0,1,0,0,-0.12033,246.51,246.52,-0.0018782337515061975,-0.04568006237153588,-0.11464313558721384,-0.09011978169962442,-0.03969097739031824
2018-09-03,0,0,1,0,1,1,0.00951,-0.0143,0,0,1,0,0,0.80367,0.01111,1,1,0,1,0.13022,282.18,281.65,0.004808403610001566,-0.013796419588696596,-0.042313951768013,-0.05466785027370913,-0.018050007397544032
2018-09-04,0,0,1,0,1,1,0.01232,-0.01219,0,0,1,0,0,0.8001,0.01037,0,1,0,0,-0.02749,270.36,271.66,0.010544881416991947,-0.06248123686580609,-0.06236865806064251,-0.043905734013809705,-0.1290528369858902
2018-09-05,0,0,1,0,1,1,0.01959,-0.00982,0,0,1,0,0,0.84933,0.01084,0,1,0,0,-0.19805,266.48,269.29,0.010957761431712898,-0.01827557442936223,-0.041176916660347396,-0.040456510199438855,-0.05554712974899523
2018-09-07,0,0,1,0,1,0,-0.00068,-0.00764,0,0,0,0,0,0.35575,0.01064,0,1,0,0,-0.16076,263.74,266.63,-0.00581002029527633,-0.005690636316606268,0.0172310875880457,0.011341477973655811,-0.008157905209120853
2018-09-10,0,0,1,0,0,0,0.00555,-0.00654,0,0,0,0,0,0.45727,0.01081,0,1,0,1,-0.04826,251.29,249.83,-0.003118623185615843,-0.026373541754899366,-0.011473453201401473,-0.022446386632272053,0.01597813113617974
2018-09-11,0,0,1,0,0,0,0.01041,-0.00529,0,0,0,0,0,0.54269,0.00995,0,1,0,0,-0.07651,259.73,258.92,0.009943411479385711,0.03322554567502012,0.033063864187550474,0.03136620856911887,0.008124494745351596
2018-09-13,0,0,1,0,0,0,0.00805,-0.00407,0,0,0,0,1,0.44956,0.01132,1,1,0,0,0.15252,247.4,249.86,0.011277293449572179,0.026753579141006067,0.018875469887227103,0.01279692873710303,0.002039510517475751
2018-09-14,0,0,1,0,1,1,0.01943,-0.00253,0,0,0,0,1,0.77725,0.01206,0,1,0,0,-0.00809,250.06,252.88,0.009876738305941934,0.009718710493046734,-0.00019753476611883425,-0.010113780025284513,0.0014222503160554734
2018-09-17,0,0,1,1,1,1,0.02924,-0.0006,0,0,0,0,1,0.99193,0.01138,0,1,0,0,-0.06823,253.12,255.62,0.0056795926361143945,-0.002036819428123837,-0.00454367410889156,-0.021934978456717658,-7.833920877398093e-05
2018-09-18,1,0,1,1,1,1,0.03243,0.00129,1,0,0,0,1,1.01211,0.01106,0,1,0,0,-0.11297,255.3,256.75,-0.0024199843871973714,-0.012217017954722853,-0.008977361436377729,0.05768930523028892,-0.014168618266978905
2018-09-19,1,0,1,1,1,0,0.02661,0.00268,0,0,0,0,1,0.76798,0.01056,0,1,0,0,-0.03399,256.2,255.58,-0.004687866239549976,-0.00718806156731,-0.0032033752636924095,0.037112274396437384,-0.014219860926634853
2018-09-20,1,0,1,0,1,0,0.02245,0.00371,0,0,0,0,1,0.61131,0.01072,1,1,0,0,0.01975,255.98,254.78,-0.005892288957850544,-0.0026318890678398432,-0.00514593235652272,-0.088305770514986,-0.00652079978002118
2018-09-21,1,0,1,0,1,0,0.01497,0.00424,0,0,0,0,1,0.37041,0.01037,0,0,0,1,-0.41367,254.57,253.07,0.0010635364556661475,0.005081340843738902,-0.01303816914168665,-0.01882853428920317,-0.01236853507700797
2018-09-24,1,0,1,0,0,0,0.01849,0.00488,0,0,0,0,1,0.48584,0.01053,0,0,0,1,-0.2981,253.87,254.14,-0.0006297724946863203,-0.0031488624734314907,-0.01716130048020159,-0.018971896402424582,-0.009249783515704935
2018-09-25,1,0,1,0,0,0,0.01683,0.00539,0,0,0,0,1,0.40843,0.01013,0,0,0,1,-0.20542,254.06,253.9,0.003974031084005514,-0.01412551642730675,0.06622073578595322,0.03828447767066678,0.001023017902813228
2018-09-26,1,0,1,1,0,0,0.021,0.00605,0,0,0,0,1,0.53969,0.01001,0,0,0,0,-0.12614,254.15,255.16,-0.007718528386161494,-0.021666731967245223,0.040159855816322754,-0.02280296203424359,-0.0043881988794419735
2018-09-27,1,0,1,0,0,0,0.01287,0.00625,0,0,0,0,1,0.21848,0.00992,1,0,0,1,0.0191,255.23,253.26,-0.010387456060665934,0.07026343852442829,-0.08333662466922076,-0.010347960030017034,0.004739523677870228
2018-09-28,1,0,0,0,0,0,0.00199,0.00584,0,0,0,0,1,-0.2736,0.01027,1,0,0,1,0.17542,253.19,250.56,0.00012015860936442913,0.0633235871350184,-0.002323066447710964,0.01526014338927384,0.019906276284695767
2018-10-01,1,0,0,0,0,0,0.00272,0.00543,0,0,0,0,1,-0.25096,0.01005,1,0,0,1,0.02035,249.67,249.7,0.001034355374953888,-0.14263021795345399,-0.07927595123753228,-0.05696342814924271,-0.07258958256372361
2018-10-04,1,0,1,1,1,0,0.01492,0.00531,0,0,0,0,1,0.31072,0.00834,1,1,0,0,0.19751,270.7,270.98,-0.014294731370437574,-0.07514944491887265,-0.02023539895295734,-0.06222849292689259,-0.009170905580514477
2018-10-05,1,0,0,0,1,0,0.00643,0.00522,0,0,0,0,1,-0.11046,0.00824,0,1,0,1,-0.06842,269.33,265.48,-0.030170072291170413,0.041494296101291184,0.0422046717646567,0.05444820525677985,0.08741799339768508
2018-10-08,1,0,0,0,1,0,0.00315,0.00492,0,0,0,0,1,-0.30073,0.00824,0,0,0,1,-0.17186,239.31,232.09,0.007075280989730759,0.06687151289722637,0.013058947198188786,0.022519608635885868,0.052195358615670706
2018-10-09,1,0,0,0,0,0,-0.00235,0.00434,0,0,0,0,1,-0.57633,0.00839,0,0,0,0,-0.05766,247.34,249.09,-0.001922152811148492,-0.0012413903572000562,0.015056863687329836,0.004044529873458158,0.0027230498157937433
2018-10-10,1,0,0,0,0,0,-0.00452,0.00367,0,0,0,0,1,-0.80361,0.00849,0,0,0,0,-0.18467,249.72,249.24,-0.0121293800539084,-0.06195717280622948,-0.044324648098233,-0.057689427972446805,-0.022050014974543175
2018-10-12,1,0,0,0,0,0,-0.00352,0.00251,0,0,0,0,1,-0.66107,0.00817,0,0,0,0,-0.20581,267.12,263.88,-0.0018409572977948763,0.014447512706607268,0.010805618921839288,0.018169448113018793,0.0471044943370551
2018-10-15,1,0,0,0,0,0,-0.00334,0.00208,0,0,0,0,1,-0.59781,0.00825,0,0,0,0,-0.16103,249.87,249.41,0.005336222115230216,0.024233670357888037,0.01243781094527363,0.019539399775317046,0.047985877066281324
2018-10-16,1,0,0,0,1,0,0.00124,0.00194,0,0,0,0,1,-0.3187,0.00823,1,1,0,0,0.26011,249.24,250.57,0.011694272600279332,0.008062263021352933,0.009419277589303388,0.01532628217920573,0.03025344242666117
2018-10-17,1,0,1,1,1,0,0.01236,0.00245,0,0,0,0,1,0.40942,0.00854,1,1,0,1,0.22112,250.55,253.48,0.00865304832273095,-0.0029633727132640786,-0.009324746137737594,0.00612430360741234,0.025682563514955126
2018-10-18,1,0,1,1,1,1,0.01877,0.00327,0,0,0,0,1,0.83407,0.00847,0,1,0,1,-0.02995,253.09,255.28,-0.009607089640028321,-0.008273860873657002,-0.012979374166732005,-0.015567406477923318,0.02313544035761894
2018-10-19,1,0,1,1,1,0,0.00764,0.00344,0,0,0,0,1,0.18035,0.00907,1,1,0,1,0.34971,255.02,252.57,-0.0005544993662863762,-0.006931242078580535,0.007644169835234527,0.056955006337135794,0.034735424588086206
2018-10-22,1,0,1,1,1,0,0.00645,0.00349,0,0,0,0,1,0.15108,0.00893,1,1,0,0,0.09253,252.48,252.34,0.0014254603048899916,-0.00332607404474361,0.006176994654523815,0.030409819837655894,0.0431597703425064
2018-10-23,1,0,1,1,1,0,0.00838,0.00363,0,0,0,0,1,0.31562,0.00921,0,1,0,0,-0.09986,252.55,252.91,-0.005513247659844622,0.00908297636046318,0.009003649056005036,0.03224654926225612,0.05235602094240832
2018-10-24,1,0,0,0,0,0,-0.0003,0.0033,0,0,0,0,1,-0.2124,0.00883,0,0,0,0,-0.05459,252.12,250.73,0.006196034537895745,0.015789894467540755,0.01790853853533725,0.0009593859929646342,0.07147425647585548
2018-10-25,1,0,1,1,0,0,0.00347,0.00317,0,0,0,0,1,0.09211,0.00863,1,0,0,0,0.08328,250.16,251.71,0.01048576081344077,0.010406323231520798,-0.00285975294912022,0.037573976248163055,0.055129681852484236
2018-10-26,1,0,1,1,1,0,0.01367,0.00363,0,0,0,0,1,0.77666,0.00903,1,1,0,0,0.17081,251.77,254.41,-0.002433949672201896,-0.00035331527499704585,0.04761904761904767,0.027126761669218347,0.04691241706905358
2018-10-29,1,0,1,1,1,0,0.01198,0.00397,0,0,0,0,1,0.6231,0.00874,1,1,0,1,0.23834,254.73,254.11,0.0012989057702903484,-0.011847595056285853,0.02428560182634021,0.028103597575375838,0.04392663150436915
2018-10-30,1,0,1,1,1,0,0.01257,0.00432,0,0,0,0,1,0.63192,0.00847,1,1,0,1,0.08598,254.06,254.39,-0.00019631709136602726,0.04778358003847827,0.02183046055989646,0.013506615885979123,0.04267933566296289
2018-10-31,1,0,1,1,1,0,0.01303,0.00465,0,0,0,0,1,0.62444,0.00834,0,1,0,0,-0.15536,254.69,254.64,0.003317080968747499,0.04000479577971383,0.0007193669570777494,0.037447046598992895,0.12960594676684511
2018-11-01,1,0,1,1,1,0,0.01469,0.00504,0,0,0,0,1,0.72362,0.00817,1,1,0,0,0.08442,250.22,251.05,0.004857476371578295,-0.020032383175810464,-0.016342207327634806,-0.01750950785103733,-0.0069661482848212275
2018-11-05,1,0,1,1,1,1,0.02384,0.00665,0,0,1,0,1,0.9589,0.00831,0,1,0,1,-0.19406,265.57,266.86,0.018871618182530137,-0.019615520144082077,0.02439215379194226,0.02286519713401991,0.023687404565208903
2018-11-06,1,0,1,1,1,1,0.02311,0.00733,0,0,0,0,1,0.84738,0.00734,0,1,0,0,-0.06213,255.41,260.23,-0.007966760692231345,-0.004231150415491158,-0.0043455058321262285,0.004231150415491491,-0.01761073416177461
2018-11-07,1,0,1,1,1,1,0.02587,0.00808,0,0,0,0,1,0.89063,0.00679,1,1,0,0,0.04454,262.34,260.25,0.005460970125281239,0.05059428204304517,0.03650016061676831,0.06537102473498235,0.00144555091551557
2018-11-09,1,0,1,1,1,0,0.02329,0.00934,0,0,1,0,1,0.69665,0.00634,1,1,0,0,0.06505,249.04,250.4,-0.009404269841871593,-0.009518031170604013,-0.01562322247923853,0.016419551780364916,-0.023586515490500837
2018-11-12,1,0,1,1,0,0,0.01693,0.00947,0,0,0,0,1,0.42512,0.00638,1,1,0,1,0.0995,263.71,261.23,0.017658498638661868,0.004006223259432007,0.014858031894204649,0.03325554259043151,0.014391287436795075
2018-11-13,1,0,1,1,1,1,0.03197,0.01024,1,0,1,0,1,1.00089,0.00687,1,1,0,0,0.39092,257.1,261.64,0.00030637254901955124,-0.005859375000000111,0.000497855392156854,0.021292892156862697,-0.002642463235294157
2018-11-14,1,0,1,1,1,0,0.02902,0.01092,0,0,1,0,0,0.80983,0.00666,1,0,0,1,0.04686,261.12,261.2,-0.009630141190914654,0.0010742786985882269,0.010781154082259103,0.017572130141191078,0.004757519950890243
2018-11-15,1,0,1,1,0,0,0.01625,0.01093,0,0,0,0,0,0.30676,0.00687,0,0,0,1,-0.04931,260.64,258.13,0.00491638278104678,0.011342520904304765,0.02709817280891924,0.0280272530195107,0.012116754413131092
2018-11-16,1,0,1,1,1,0,0.02112,0.01104,0,0,0,0,0,0.48192,0.00704,0,0,0,0,-0.0955,258.32,259.59,0.003770100792490627,0.01350311610371624,0.031161037162422245,0.08736631530353156,0.0028468108024928274
2018-11-19,1,0,1,1,1,0,0.02529,0.01138,0,0,0,0,0,0.62425,0.00724,1,1,0,0,0.11172,259.94,260.92,0.006976564909034755,0.02266419981498613,0.02393617021276584,0.016497070613629372,0.009366327474560565
2018-11-21,1,1,1,1,1,0,0.02476,0.01168,0,0,0,0,1,0.61624,0.00782,0,1,0,0,-0.07338,259.44,261.25,0.008073773628223924,0.025637101094359904,0.02043315221550479,0.0004591719598989741,0.010981862707583945
2018-11-22,1,1,1,1,1,1,0.03204,0.01229,0,0,0,0,1,0.93871,0.00739,1,1,0,0,0.27035,261.34,263.45,0.007671857197113496,0.0089251804025825,0.007292062286365475,-0.02119255601974923,-0.0018989745537409952
2018-11-23,1,1,1,1,1,1,0.03776,0.01316,1,0,0,0,0,1.08349,0.00779,1,1,0,0,0.04214,263.3,265.32,0.011471698113207696,0.006339622641509557,0.0021132075471699263,-0.05886792452830192,0.0036981132075473155
2018-11-26,1,1,1,1,1,1,0.04642,0.01437,1,0,1,0,0,1.24797,0.00847,1,1,0,1,0.20153,265.0,268.04,-0.0077319587628867925,-0.009338114447930645,0.05576721948304186,-0.03821156432093242,-0.005079934259674346
2018-11-27,1,1,1,1,1,0,0.03558,0.01512,0,0,0,0,0,0.80552,0.00889,0,1,0,0,-0.02151,267.72,265.65,0.004860770940879444,0.0006405667131392789,-0.006292625946719754,-0.01729530125475709,0.006292625946719976
2018-11-28,1,1,1,1,1,0,0.03798,0.01576,0,0,0,0,0,0.85944,0.00931,0,1,0,0,-0.31254,265.39,266.68,-0.007929976808558226,0.05726789855614567,-0.021994463978454393,-0.025847235729782203,-0.0011969776314805225
2018-11-29,1,1,1,1,1,0,0.03099,0.01609,0,0,0,0,0,0.59614,0.00978,1,1,0,0,0.26356,267.34,265.22,0.0006405667131392789,-0.006292625946719754,-0.028900862881042877,-0.01322581860657901,0.0068201514751875525
2018-11-30,1,1,1,1,1,0,0.03101,0.0163,0,0,0,0,0,0.58469,0.0098,0,1,0,0,-0.20326,265.39,265.56,-0.0006364247074214235,-0.07555775554219857,-0.1181982109394335,-0.07559311247038858,-0.05430824169996096
2018-12-03,1,1,1,1,0,0,0.02931,0.01641,0,0,0,0,0,0.51319,0.00904,0,0,0,0,-0.04284,282.83,282.65,-0.011136525554013899,-0.033634556976264496,-0.03449698151411751,-0.022535528141287564,0.0055120176984515545
2018-12-04,1,1,1,1,0,0,0.0211,0.01616,0,0,0,0,0,0.19396,0.00933,1,0,0,0,0.00235,266.69,263.72,0.0014554925693273102,-0.0447372452888003,-0.0010724682089779947,0.0030258924467596593,0.09671365098820295
2018-12-06,1,1,1,1,1,0,0.02693,0.01595,0,0,0,0,0,0.4336,0.00898,0,1,0,1,-0.1742,261.08,261.46,-0.00876923076923064,-0.009653846153846124,0.001653846153846228,0.016192307692307617,0.16957692307692307
2018-12-07,1,1,1,1,1,0,0.02978,0.01606,0,0,0,0,0,0.54748,0.00877,0,1,0,0,-0.16278,260.0,257.72,0.0009230645743869559,0.04667496087008871,0.051009351045470996,0.05470160934301882,0.19725488622225784
2018-12-10,1,1,1,1,0,0,0.01821,0.01573,0,0,0,0,1,0.0489,0.00953,0,1,0,0,-0.08299,249.17,249.4,-0.0063672146330168156,0.0049780041676315,0.008914100486223653,0.026394998842324657,0.11024928610017759
2018-12-11,1,1,0,1,0,0,0.00767,0.01482,0,0,0,0,1,-0.42129,0.00972,1,1,0,0,0.19131,259.14,257.49,-0.0038577594438714558,0.00026736946640681936,-0.0043161071005690665,0.017379015316450808,0.016500515641113767
2018-12-12,1,1,0,1,0,0,0.00577,0.01376,0,0,0,0,1,-0.49117,0.00931,0,0,0,0,-0.26014,261.81,260.8,-0.0018397148441992028,0.002069679199723895,0.0036794296883981836,0.023571346441301433,-0.03146678931432312
2018-12-13,1,1,0,1,0,0,0.00417,0.01271,0,0,0,0,1,-0.61978,0.00893,0,0,0,0,-0.15868,260.91,260.43,0.006959664705656232,0.0023455223593649155,0.015918791094705176,0.026723574422270913,0.05517745222440129
2018-12-14,1,1,0,1,0,0,0.00938,0.01198,0,0,0,0,1,-0.38617,0.00875,1,0,0,0,5e-05,260.07,261.88,0.00011475786091330598,0.0017213679137020321,0.005278861602019624,0.022110014535995592,0.05955932981409218
2018-12-17,1,1,0,1,0,0,0.00742,0.01128,0,0,0,0,1,-0.48391,0.00818,1,0,0,0,0.06095,261.42,261.45,-0.0036310820624545492,0.009861254443297662,0.01662653365439759,0.022321599204984333,0.06272216488934768
2018-12-18,1,1,0,1,0,0,0.00427,0.01049,0,0,0,0,1,-0.68145,0.00782,1,0,0,0,0.06677,261.63,260.68,0.003987271402829506,0.007552812176513601,0.021201548901583545,0.028102595560326904,0.0731127554345743
2018-12-19,1,1,0,1,1,0,0.00851,0.00994,0,0,0,0,1,-0.44112,0.00757,0,0,0,0,-0.14423,260.83,261.87,0.009668297156832706,0.01643228370528904,0.020559461938245205,0.09419902170590033,0.0676016508712931
2018-12-20,1,1,1,1,1,0,0.01682,0.00988,0,0,0,0,1,0.05536,0.00793,1,1,0,0,0.18127,261.68,264.21,-0.005261364926757217,0.008213785533139006,0.010711987584692828,0.1510276694802981,0.05125099360308871
2018-12-21,1,1,0,1,1,0,0.01094,0.00961,0,0,0,0,1,-0.22269,0.00787,0,0,0,0,-0.14442,264.19,262.8,0.011715481171548303,0.015823507036896167,0.01635602890833021,0.13472803347280338,0.06892354507417275
2018-12-24,1,1,1,1,1,0,0.02225,0.00986,0,0,0,0,1,0.52462,0.00815,1,1,0,1,0.19458,262.9,265.98,0.0003004356316660406,0.0027790295929097653,0.0044689800210306885,0.0804791948325072,0.06072555205047325
2018-12-25,1,1,1,1,1,0,0.02276,0.01021,0,0,0,0,1,0.59398,0.00759,0,1,0,0,-0.21538,266.28,266.36,0.0022141329230307427,0.0027395203962921055,0.006342177355799894,-0.0012759410064924204,0.07321649716666045
2018-12-26,1,1,1,1,1,1,0.02442,0.0106,0,0,0,0,1,0.74004,0.00739,0,1,0,1,-0.14417,266.47,267.06,-0.002316544612165572,-0.0006351815872065458,0.06983261096995963,-0.05582125242863545,0.05552234344642071
2018-12-27,1,1,1,1,1,0,0.02329,0.01092,0,0,0,0,1,0.6812,0.00735,0,1,0,1,-0.19822,267.64,267.02,0.0022505626406601476,0.0058514628657164725,0.14062265566391585,0.02933233308327088,0.06121530382595641
2018-12-28,1,1,1,1,1,1,0.02302,0.01119,0,0,0,0,1,0.67596,0.00653,0,1,0,0,-0.07038,266.6,267.2,0.0013477593500805796,0.07195537419040843,0.11684324810003366,0.03698850660776465,0.05368574744487287
2018-12-31,1,1,1,1,1,1,0.02309,0.01143,0,0,1,0,1,0.68079,0.00609,0,1,0,1,-0.05905,267.11,267.47,0.002354876088663138,0.13665757111352006,0.07543079280828313,0.03928531379658384,0.069113744252981
2019-01-01,1,1,1,1,1,1,0.0247,0.01172,0,0,1,0,0,0.72656,0.00609,0,1,0,1,-0.03522,267.53,268.16,0.012553928849282192,0.054954381497984484,-0.05887969446212593,-0.010184595798854224,0.0004597213381429821
2019-01-02,1,1,1,1,0,0,0.01722,0.01166,0,0,1,0,0,0.37524,0.00638,1,1,0,0,0.1554,282.78,286.33,-0.016526520051746485,-0.0695019404915912,-0.18272962483829236,-0.09647477360931433,-0.13845407503234153
2019-01-04,1,1,1,1,1,1,0.03623,0.01275,1,0,1,0,0,1.08851,0.00711,1,1,0,1,0.30355,309.2,304.09,-0.0011718619211840142,-0.1089496769009275,-0.081193290253457,-0.07011082465597485,0.011015502059128712
2019-01-07,1,1,1,1,1,0,0.02786,0.0132,0,0,1,0,0,0.71525,0.00753,0,1,0,1,-0.22589,298.67,298.32,-0.0028074310273118463,-0.12415083876334398,-0.039962567586302455,-0.025994731734368504,-0.011714959101622013
2019-01-08,1,1,1,1,1,1,0.03673,0.01389,0,0,1,0,0,0.9458,0.00797,1,1,0,0,0.15558,288.52,287.71,-0.006866440273165075,0.02406985856625732,0.0375788334515057,0.054035899540993304,0.0943389185356569
2019-01-10,1,1,1,1,1,0,0.02686,0.01466,0,0,1,0,0,0.55289,0.00792,1,0,0,1,0.04877,267.97,266.13,-0.013430155383774456,0.0814007964394472,0.09276177090653537,0.11649878972436967,0.12809401108768648
2019-01-11,1,1,1,1,0,0,0.0253,0.01471,0,0,0,0,0,0.48712,0.00725,1,0,0,0,0.02031,256.14,252.7,0.013517506278623248,0.026887280248190315,0.03179937952430212,0.04335943270793319,-0.01935293248633485
2019-01-14,1,1,1,1,1,1,0.03724,0.01523,0,0,1,0,0,0.86779,0.0081,1,0,0,0,0.12197,270.76,274.42,0.009107799919851445,0.01970927902655828,0.011803708696127346,0.030711501329738766,0.06182374585595096
2019-01-15,1,1,1,1,1,1,0.04503,0.01616,1,0,1,0,0,1.06799,0.00857,0,0,0,0,-0.09611,274.49,276.99,0.0015850144092219853,0.006376080691642638,0.012319884726224695,0.013868876080691539,0.03458213256484144
2019-01-16,1,1,1,1,1,1,0.04698,0.01718,1,0,1,0,0,1.05074,0.00873,1,1,0,1,0.00373,277.6,278.04,0.007051881701086504,-0.0007555587536878239,0.016226523710153318,0.029071022522846546,0.040008634957185096
2019-01-17,1,1,1,1,1,1,0.05176,0.01831,1,0,1,0,0,1.07376,0.00908,1,1,0,1,0.11866,277.94,279.9,-0.0021787270519323387,0.0037145510393599146,0.021430102150153507,0.01046503321665826,0.05086077576969794
2019-01-18,1,1,1,1,1,0,0.04772,0.01926,0,0,1,0,0,0.90751,0.00908,0,1,0,0,-0.18225,279.98,279.37,-0.002406609195402143,0.014547413793103425,0.01472701149425304,-0.043139367816091956,0.07693965517241375
2019-01-21,1,1,1,1,1,0,0.03987,0.01976,0,0,0,0,0,0.65363,0.00922,1,1,0,1,0.03573,278.4,277.73,0.010826948670911163,0.028668033523973957,0.01766123520736662,0.08614798028847881,0.08650767957987138
2019-01-22,1,1,1,1,1,1,0.05004,0.02045,0,0,1,0,0,0.88207,0.00964,0,1,0,0,-0.0989,278.01,281.02,0.004874057207912452,0.005051942507471319,0.0013163512167355673,0.014444286324178268,0.0767397182296854
2019-01-23,1,1,1,1,1,1,0.0531,0.02135,0,0,1,0,0,0.89328,0.00926,0,1,0,0,-0.11898,281.08,282.45,0.010494328822303167,-0.0003180099643120826,0.01063566658421955,0.036182467050634326,0.09218755521006328
2019-01-24,1,1,1,1,1,1,0.0635,0.02256,1,0,1,0,0,1.03975,0.00955,0,1,0,1,-0.00878,283.01,285.98,-0.01102748118326613,-0.014703308244354951,-0.009592158235602888,0.011552599334850422,0.08205846315420962
2019-01-25,1,1,1,1,1,0,0.04848,0.02336,0,0,1,0,0,0.66098,0.00995,1,1,0,0,0.16972,285.65,282.5,-0.00045928281222396006,0.0104928457869633,-0.058858858858859,-0.06193252075605027,0.08178767002296405
2019-01-28,1,1,1,1,1,0,0.04798,0.02377,0,0,0,0,0,0.63228,0.00919,0,1,0,0,-0.10273,283.05,282.92,-0.004879256090230877,0.00028285542552075604,0.06763780362762084,0.030513029028037986,0.0953222784004526
2019-01-29,1,1,1,1,1,0,0.0408,0.0239,0,0,0,0,0,0.45735,0.00932,0,1,0,0,-0.05343,282.83,281.45,0.017792327948188635,-0.05206035157640021,0.014660878229307617,0.021991317343961203,0.07476336203828904
2019-01-30,1,1,1,1,1,1,0.05531,0.02434,0,0,1,0,0,0.79931,0.00998,1,1,1,0,2.03487,281.02,286.02,-0.009696163539624658,0.056986838420610475,0.02649817978157376,0.011831419770372387,0.05593671240548881
2019-01-31,1,1,1,1,0,0,0.04204,0.02461,0,0,0,0,0,0.46819,0.01065,1,1,0,1,0.09336,285.68,282.91,-0.00526512322628836,0.06474981329350249,0.07897684839432406,0.09865571321882016,0.12471994025392075
2019-02-01,1,1,1,1,1,1,0.05239,0.02491,0,0,0,0,0,0.71318,0.0108,1,1,0,0,0.25384,267.8,266.39,-0.003695393955391313,-0.032433680876336246,-0.12392767586115883,-0.010756235977299688,-0.05833443315296294
2019-02-04,1,1,1,1,1,1,0.05199,0.02538,0,0,0,0,0,0.69656,0.01045,0,1,0,0,-0.18937,303.08,301.96,0.016288270306875186,0.029867769184160897,0.03881384324767434,0.07659407634458426,0.036069430088747856
2019-02-05,1,1,1,1,1,0,0.04967,0.02572,0,0,0,0,0,0.62656,0.01029,0,1,0,0,-0.52343,280.57,285.14,-0.017522112034307202,-0.11042615920664711,-0.03779147681586714,0.013970785312248601,-0.008509782900026908
2019-02-07,1,1,1,1,1,1,0.06848,0.02728,1,0,1,0,0,1.03352,0.01204,1,1,0,0,0.11699,298.48,293.25,0.0028459375976122026,0.011557283170790855,0.0032277097143651456,0.07277964807552162,-0.07763856592510332
2019-02-08,1,1,1,1,1,0,0.05685,0.02803,0,0,0,0,0,0.76198,0.01275,0,1,0,0,-0.10802,288.13,288.95,-0.021809608016504667,0.058060713233127004,0.08392278219864435,0.13870468611847908,0.029546124373710514
2019-02-12,1,1,1,1,1,0,0.07139,0.03021,0,0,0,0,0,0.96401,0.01359,1,1,0,0,1.07282,271.44,265.52,-0.016832518131219443,-0.024928318434811914,0.011367852926294608,0.032889188733344676,-0.055422499578343776
2019-02-13,1,1,1,1,1,0,0.05014,0.03062,0,0,0,0,0,0.46469,0.0141,0,0,0,0,-0.02782,296.45,291.46,-0.009928295642581353,0.014271924986210882,0.041298952013237855,0.0679467733039163,-0.036955322669608326
2019-02-14,1,1,1,1,0,0,0.03338,0.02999,0,0,0,0,0,0.06243,0.01501,0,0,0,1,-0.07494,290.08,287.2,0.004657305713888338,0.042054775476157324,0.05189072709578735,0.04973585430279415,-0.01254692061726681
2019-02-15,1,1,1,1,0,0,0.03844,0.02912,0,0,0,0,0,0.19525,0.01543,0,0,0,1,-0.10671,287.72,289.06,0.01904959822665564,0.0462039346079246,0.07058742033804366,0.04481850928234965,-0.013784981989470868
2019-02-18,1,1,1,1,0,0,0.05462,0.02891,0,0,0,0,0,0.63376,0.01613,1,0,0,1,0.02158,288.72,294.22,0.019068012644029908,0.02868699228442262,0.050576119098602934,0.02375853981849696,-0.008973182420719872
2019-02-19,1,1,1,1,1,1,0.07156,0.02956,1,0,0,0,0,1.01444,0.01596,0,1,0,0,-0.09302,294.21,299.82,0.006665333599946699,0.03012730787175899,0.020462574151836277,-0.04885689528760928,-0.011930947143904524
2019-02-20,1,1,1,1,1,1,0.07621,0.03067,1,0,1,0,0,1.02775,0.01583,0,1,0,0,-0.39358,300.06,302.06,-0.00046236665675891686,0.020806499554146374,0.023118332837940514,-0.03996168961986868,-0.0005614452260642722
2019-02-21,1,1,1,1,1,1,0.07501,0.03177,0,0,0,0,0,0.91846,0.01487,0,1,0,1,-0.37123,302.79,302.65,0.020603579211516898,0.011028197847190002,-0.0027405401835832732,-0.022848841048669355,0.0040943009971603495
2019-02-22,1,1,1,1,1,1,0.09372,0.03314,1,0,1,0,0,1.14902,0.01605,1,1,0,0,0.22266,302.86,309.1,0.0011660674375666424,0.0034334207883912615,-0.022900268843325855,-0.1391831049784602,-0.018300780617368062
2019-02-25,1,1,1,1,1,0,0.08968,0.03478,0,0,1,0,0,0.98099,0.0161,0,1,0,0,-0.34711,308.73,309.09,-0.007133592736705552,-0.02065499351491573,-0.023346303501945442,-0.09383916990920882,-0.012905317769130842
2019-02-26,1,1,1,1,1,0,0.07614,0.03589,0,0,0,0,0,0.72607,0.01591,1,0,0,0,0.95243,308.4,306.2,0.010338529776270367,-0.01617637466570998,-0.06920618354967067,-0.08675233187659004,-0.003750570739025405
2019-02-27,1,1,1,1,1,1,0.08498,0.03666,0,0,0,0,0,0.83022,0.01523,0,0,0,0,-0.24779,306.62,309.79,-0.024356365280873482,-0.02703750363407309,-0.06098782181735951,-0.09758697548212025,-0.0012598119972865307
2019-02-28,1,1,1,1,0,0,0.05541,0.03709,0,0,0,0,0,0.33637,0.01649,1,0,0,1,0.32221,309.57,302.03,-0.0030075684965461535,-0.05674719899527392,-0.021912284760551293,-0.06101067521565251,-0.10080311993918767
2019-03-01,1,1,1,1,0,0,0.05188,0.03647,0,0,0,0,0,0.27644,0.01503,0,0,0,0,-0.29776,302.57,301.66,-0.0025168896542587804,-0.03732282421512778,-0.11988342826864484,-0.057027420850443655,-0.05010597430123198
2019-03-04,1,1,1,1,0,0,0.05301,0.03583,0,0,0,0,0,0.30141,0.01524,0,0,0,0,-0.35617,301.96,301.2,0.0016495279542343422,0.03864106973642656,-0.01919769768013202,0.023303969395991997,0.062155617169129096
2019-03-05,1,1,0,1,0,0,0.03391,0.03488,0,0,0,0,0,-0.08115,0.01535,1,0,0,0,0.10128,284.93,285.4,0.007032494976789261,-0.07933208619136711,-0.029931407191852166,0.027090694935217874,0.04368461165384874
2019-03-06,1,1,0,1,0,0,0.02651,0.03326,0,0,0,0,0,-0.23866,0.01455,0,0,0,0,-0.34016,288.66,290.69,0.007558218711698039,-0.04854963911207966,-0.04889009941440836,0.030300966907258475,-0.06407462889827065
2019-03-07,1,1,0,1,0,0,0.02281,0.03147,0,0,0,0,0,-0.3056,0.01454,0,0,0,1,-0.36317,293.72,295.94,0.004383975812547014,0.058276643990929466,0.07373393801965222,0.14928193499622067,-0.011564625850340127
2019-03-12,1,1,0,1,0,0,-0.00199,0.02389,0,0,0,0,0,-0.67425,0.01378,0,0,0,0,-0.19003,264.6,265.76,-0.028134237523908978,-0.028482003129890465,-0.009772213528082108,0.05400799860893746,-0.1144844374891324
2019-03-13,1,1,0,1,0,0,-0.02977,0.02047,0,1,0,1,0,-1.05226,0.01632,1,0,0,0,0.31351,287.55,279.46,0.0028292088958921102,0.01747663216703077,0.044192959209254035,0.09021236973104618,-0.036994592271604176
2019-03-14,1,1,0,1,0,0,-0.02676,0.01688,0,0,0,1,0,-0.93453,0.0148,0,0,0,0,-0.36813,279.23,280.02,-0.0013584042325015533,0.017873739901336894,0.05984128118967624,0.09197826553228006,0.0128333452491598
2019-03-15,1,1,0,1,0,0,-0.02795,0.01363,0,0,0,1,0,-0.87855,0.01505,0,0,0,1,-0.26083,279.74,279.36,0.014243895473368573,0.04087533914036845,0.08032271883478503,0.10374125374839349,-0.003891189490218605
2019-03-18,1,1,0,1,0,0,-0.01098,0.01148,0,0,0,1,0,-0.58755,0.015,1,0,0,0,0.29696,280.12,284.11,0.0023938604520172824,0.04372315707949026,0.07054847567415345,-0.04220939238189114,-0.031190593536576827
2019-03-19,1,1,0,1,0,0,-0.00844,0.00987,0,0,0,1,0,-0.5065,0.01523,0,1,0,0,-0.13321,284.06,284.74,0.020653201246193076,0.05933419680050411,0.060944446389190166,0.00406062939755647,-0.029999649945741558
2019-03-20,1,1,0,1,1,0,0.01473,0.00957,0,0,0,0,0,-0.15582,0.01486,1,1,0,1,0.09594,285.67,291.57,0.014092215077301962,0.04015597208920507,0.04125051306608296,0.03516212888219994,-0.03543576412641958
2019-03-21,1,1,1,1,1,0,0.03053,0.01024,0,0,0,0,0,0.09771,0.01529,0,1,0,1,-0.04984,292.36,296.48,0.02088182707553221,0.02243362682589467,0.030496238572344403,0.016327632155989535,-0.05519009546941944
2019-03-22,1,1,1,1,1,0,0.04974,0.01184,0,0,0,0,0,0.43135,0.0159,1,1,0,1,0.60092,296.43,302.62,0.002175059319799777,0.003229633535460019,0.018916424993408842,-0.09405483785921442,-0.07925784339572906
2019-03-25,1,1,1,1,1,0,0.05261,0.01357,0,0,0,0,0,0.53837,0.01501,0,1,0,1,-0.20938,303.44,304.1,-0.002698256005264854,0.005166173083251291,-0.1047384007897334,-0.1393879565646593,-0.11026653504442252
2019-03-26,1,1,1,1,1,0,0.04706,0.01494,0,0,0,0,0,0.50277,0.0151,0,1,0,0,-0.1599,303.9,303.08,0.005682193591014295,0.02140733399405348,-0.05242814667988105,-0.15880409646514704,-0.10475718533201184
2019-03-27,1,1,1,1,1,1,0.04956,0.01621,0,0,0,0,0,0.61754,0.01503,1,1,1,0,1.76363,302.7,304.42,0.003218496502348289,-0.10647311898584522,-0.006075733193208421,-0.1168839699169103,-0.1019081086406779
2019-03-28,1,1,1,1,1,1,0.05099,0.01745,0,0,1,0,0,0.65199,0.01427,0,1,0,0,-0.15491,304.49,305.47,0.01085463937749287,-0.06221800823906376,-0.01500686588635336,-0.07366115216111957,-0.10347871575230505
2019-03-29,1,1,1,1,1,1,0.0611,0.01895,0,0,1,0,0,0.79296,0.01441,1,1,0,0,0.00909,305.86,309.18,0.008563167259786564,0.12188612099644125,0.019053973902728227,0.03436387900355875,0.02583778173190998
2019-04-01,1,1,1,1,0,0,0.04185,0.01978,0,0,0,0,0,0.5186,0.0156,1,1,0,0,0.18066,269.76,272.07,-0.001531660110697275,0.04873463988582172,-0.08956730601872787,-0.04201622167299057,-0.0017057123960038112
2019-04-02,1,1,1,1,0,0,0.03315,0.01989,0,0,1,0,0,0.3911,0.01436,0,1,0,0,-0.50374,287.27,286.83,0.001853813559322015,-0.08997616525423735,-0.15707759533898302,-0.08269332627118631,-0.014962923728813471
2019-04-03,1,1,1,1,0,0,0.02932,0.0197,0,0,1,0,0,0.33416,0.01428,0,0,0,0,-0.43309,302.08,302.64,-0.0020206704650854723,-0.13362925665827474,-0.10924870809593223,-0.06585398171458856,-0.022823638531866974
2019-04-04,1,1,1,1,0,0,0.02837,0.01943,0,0,1,0,0,0.31811,0.01432,0,0,0,1,-0.31518,301.88,301.27,0.003687611814962244,-0.07032020154076446,0.034466391617072434,0.022563802986600434,0.07152506480703935
2019-04-09,1,1,1,1,0,0,0.02639,0.01862,0,0,0,0,0,0.2444,0.01181,0,1,0,1,-0.15275,273.89,274.9,-0.004074483073759572,0.023951867788736037,0.0625261795057308,0.063897033624005,0.09797799017554532
2019-04-10,1,1,0,1,0,0,0.00751,0.0176,0,0,0,0,0,-0.08465,0.01229,1,0,0,0,0.19692,262.61,261.54,0.005607993365190911,0.11895264799968386,0.08684491133841465,0.06784882113660595,0.07148216895067327
2019-04-11,1,1,0,1,0,0,-0.01309,0.01549,0,0,0,1,0,-0.50721,0.01302,1,0,0,1,0.48745,253.21,254.63,0.013951734539969785,0.05214932126696836,0.044871794871794934,0.021832579185520506,0.032579185520361875
2019-04-12,1,1,0,1,0,0,-0.01778,0.01303,0,0,0,1,1,-0.71376,0.0135,0,0,0,1,-0.30479,265.2,268.9,-0.01717080616067712,-0.045372554460940684,-0.02178437630081853,-0.051408352990148454,-0.04349937560704853
2019-04-15,1,1,0,0,0,0,-0.03388,0.00996,0,1,0,1,1,-1.05464,0.01449,1,0,0,0,1.52197,288.28,283.33,-0.009161606477042894,-0.01601505628351263,-0.005468555804126307,-0.026277475941905548,-0.006675899293348886
2019-04-16,1,1,0,0,0,0,-0.04673,0.00629,0,1,0,1,0,-1.2202,0.01552,0,0,0,0,-0.27427,281.61,279.03,-0.010961365678346824,0.013477088948786964,0.0040970350404312406,-0.00546271338724158,-0.0008265947888590475
2019-04-17,1,1,0,0,0,0,-0.05761,0.00221,0,1,0,1,0,-1.19183,0.01578,0,0,0,0,-0.22905,278.25,275.2,0.0027865233597512695,0.013534542033076358,-0.02149603734665073,0.037817102739478026,-0.004885463033329596
2019-04-18,0,1,0,0,0,0,-0.04919,-0.00103,0,0,0,1,0,-0.93361,0.01579,0,0,0,0,-0.47993,276.33,277.1,0.019891500904159143,0.01045207956600347,-0.019927667269439397,0.0761663652802893,-0.019457504520795643
2019-04-19,0,1,0,0,0,0,-0.03115,-0.00279,0,0,0,1,0,-0.62656,0.01574,1,0,0,0,0.18674,276.5,282.0,-0.0055744922596221436,-0.03994461014060502,-0.02904416986223546,0.04740093736685136,-0.027162334895611373
2019-04-22,0,1,0,0,0,0,-0.03635,-0.00474,0,0,0,1,0,-0.64056,0.01536,0,0,0,1,-0.36789,281.64,280.07,-0.003139829450172993,-0.03311092874727928,-0.02162200735005526,0.04713312163271155,-0.02329896171548851
2019-04-23,0,1,0,0,1,0,-0.03723,-0.00656,0,0,0,1,0,-0.60282,0.01557,0,0,0,1,-0.18879,280.27,279.39,-0.029015692893309963,-0.017991166014292514,-0.006248428915143545,0.035443674363486055,-0.00649980249218951
2019-04-24,0,1,0,0,0,0,-0.06575,-0.01023,0,0,0,1,0,-0.86526,0.0182,1,0,0,0,0.42537,278.47,270.39,0.0011822514501051984,0.013078656666789756,0.0595189714412383,0.002364502900210619,0.034359182768685104
2019-04-25,0,1,0,0,0,0,-0.06133,-0.01305,0,0,0,1,0,-0.74838,0.01791,0,0,0,0,-0.33638,270.67,270.99,0.009934630867525884,0.02201130110425842,0.09894005982937548,0.011338035971488747,0.04597998301141204
2019-04-26,0,1,0,0,0,0,-0.05081,-0.01482,0,0,0,1,0,-0.59644,0.01825,0,0,0,0,-0.12723,270.77,273.46,0.005242319818168584,0.05132341080724401,0.08142092528777778,0.010851235427817407,0.04098540948749907
2019-04-29,0,1,0,0,0,0,-0.0464,-0.01621,0,0,0,1,0,-0.51486,0.01872,0,1,0,0,-0.19923,272.78,274.21,0.009263649294285026,0.0852328677194647,0.07035267515226673,0.02020496735840127,0.016411977096174146
2019-04-30,0,1,0,0,0,0,-0.03622,-0.01672,0,0,0,1,0,-0.36842,0.01824,0,1,0,0,-0.00946,274.19,276.73,-0.0016014482662582985,0.026980921877175934,0.003829550201921661,-0.03209859351065325,-0.0008355382258738997
2019-05-02,0,1,1,0,1,0,-0.00567,-0.01497,0,0,0,0,0,0.08901,0.01713,0,1,0,0,-0.11614,287.24,286.78,-0.01607036571655318,-0.029561536935387878,-0.10287018054361485,-0.09073473976588853,-0.04368097348059008
2019-05-03,0,1,1,0,1,0,-0.00457,-0.0138,0,0,0,0,0,0.15765,0.01616,0,1,0,0,-0.28684,302.42,297.56,0.011764302373439506,-0.011044038962820801,-0.06077651255316241,-0.07010563863355745,0.01437096995472631
2019-05-06,0,1,0,0,1,0,-0.03696,-0.01516,0,0,0,0,1,-0.33794,0.01832,1,1,0,0,0.46661,291.56,294.99,-0.0031927178860131633,-0.07849330887847294,-0.06344677671353849,-0.06939066639494607,-0.0635826370491136
2019-05-07,0,1,0,0,1,0,-0.02688,-0.0152,0,0,0,0,1,-0.13342,0.01846,0,1,0,0,-0.00535,294.42,293.48,-0.003214989456217343,-0.053341169149929146,-0.032979569260552344,-0.053686866940920175,0.045320980398935395
2019-05-08,0,1,0,0,0,0,-0.03764,-0.01621,0,0,0,0,1,-0.38391,0.01902,0,1,0,0,-0.07015,289.27,288.34,-0.009925920519651021,0.006240192679633827,0.014560449585811819,0.009597489325986475,-0.04926467904973908
2019-05-09,0,1,0,0,0,0,-0.04922,-0.01789,0,0,0,0,1,-0.69882,0.01895,1,0,0,1,0.09009,274.03,271.31,0.019129140305172987,0.04104949758094545,0.023371790100483958,0.04194268701153714,-0.012579084480833669
2019-05-13,0,1,0,0,0,0,-0.03548,-0.01961,0,0,0,0,1,-0.29273,0.02015,0,0,0,0,-0.00846,268.7,273.84,0.006166757890895713,0.014486407589855865,-0.010691479656996905,0.03346104725415078,0.1224594052180259
2019-05-14,0,1,0,0,0,0,-0.02769,-0.01928,0,0,0,0,1,-0.07049,0.01834,0,0,0,1,-0.25217,274.05,275.74,0.013624669348117457,-0.0035873464507012454,-0.00717469290140238,0.028952422364749708,0.11044678769431449
2019-05-15,0,1,1,0,1,0,-0.01309,-0.01797,0,0,0,0,1,0.33499,0.01896,0,1,0,0,-0.02353,275.97,279.73,-0.007638492290120036,-0.032267275842375875,-0.022915476870359885,-0.005247001713306831,0.08484437464306094
2019-05-16,0,1,1,0,1,0,-0.01839,-0.01745,0,0,0,0,1,0.14585,0.01872,0,1,0,0,-0.29676,280.16,278.02,-0.008473659539177003,-0.012043413983341078,-0.002415894421807785,0.03486820755057152,0.10208055385281067
2019-05-17,0,1,0,0,1,0,-0.02801,-0.01764,0,0,0,0,1,-0.14787,0.01925,0,1,0,0,-0.2252,277.33,274.98,-0.016505241774585566,-0.007001124532956093,0.015598360358399566,0.04911669750063474,0.10487176696775125
2019-05-20,0,1,0,0,0,0,-0.04009,-0.01863,0,0,0,0,1,-0.52134,0.01968,0,0,0,0,-0.00519,275.67,271.12,0.009468720064844227,0.01930587281703633,0.04347505710706656,0.08963967283177365,0.10890870238007522
2019-05-21,0,1,0,0,0,0,-0.02879,-0.0184,0,0,0,0,1,-0.17854,0.01949,0,0,0,0,-0.06085,271.42,273.99,-0.0005841548010221409,0.022161372763782605,0.03672873311427538,0.006571741511500528,0.09069003285870769
2019-05-22,0,1,0,0,0,0,-0.02854,-0.01838,0,0,0,0,1,-0.23253,0.01859,0,0,0,0,-0.52531,273.9,273.74,0.011997951569244325,0.035993854707732975,0.019423513058746122,0.10607944985002571,0.09217938400760839
2019-05-23,0,1,1,0,0,0,-0.01748,-0.01749,0,0,0,0,1,0.07342,0.01887,0,0,0,1,-0.10533,273.38,276.66,0.013943213095755524,0.028393452122265517,0.03940315804722583,-0.056460959003332034,0.08318846878168906
2019-05-24,0,1,1,0,1,0,-0.0055,-0.01596,0,0,0,0,1,0.42466,0.01672,0,1,0,0,-0.13217,276.12,279.97,0.008869732483169024,-0.0072667687813914306,0.030206960424607132,-0.05489260143198105,0.06953300324154865
2019-05-27,0,1,1,0,1,0,0.0058,-0.01394,0,0,0,0,1,0.71582,0.01636,1,1,0,0,0.94428,280.73,283.22,0.006022815843548468,0.016793027704952834,0.047792815134982014,0.08981081272585567,0.06153900658966904
2019-05-28,0,1,1,0,1,0,0.0081,-0.01211,0,0,0,0,1,0.71405,0.01576,0,1,0,0,-0.29093,282.26,283.96,-0.018558951965065407,0.018488519509790136,-0.029088604028736365,0.07920129595717706,0.0526130440907171
2019-05-29,0,1,1,0,1,0,-0.0102,-0.01176,0,0,0,0,1,0.16406,0.01698,1,1,0,1,0.17769,283.96,278.69,0.027421779909787558,0.05874561466313466,0.0824801317390993,0.0880289253239781,-0.03279158015321815
2019-05-30,0,1,1,0,1,1,0.01854,-0.00927,0,0,0,0,1,0.99497,0.01812,1,1,0,0,0.26192,279.34,287.0,0.004619980547450275,-0.04230929553980822,-0.0950048631374184,0.06169237182159226,0.01938307628178393
2019-05-31,0,1,1,1,1,1,0.02533,-0.00689,1,0,0,0,1,1.11189,0.01708,1,1,0,0,0.02259,287.88,289.21,-0.006116207951070263,0.016164263870685813,-0.10837786067143862,0.023557482273078634,-0.008771045468293215
2019-06-03,0,1,1,1,1,1,0.02934,-0.00454,1,0,0,0,1,1.03438,0.01663,0,1,0,0,-0.03911,297.57,295.75,-0.030317951603826665,-0.08367332583005072,0.08191474395047837,0.05859594822734948,-0.021243669105233565
2019-06-05,1,1,1,1,1,1,0.04157,0.00012,1,0,1,0,1,1.00945,0.0162,0,1,0,0,-0.0055,284.32,275.7,0.024461309120476837,-0.1010977097167639,0.038250440439083766,0.012129014771649294,-0.036658083751185955
2019-06-06,1,1,1,1,1,1,0.06484,0.00366,1,0,1,0,0,1.19963,0.01644,1,1,0,0,0.26935,295.16,302.38,-0.00905252748088714,0.1700201589897683,0.1560229736411698,0.13567380472405,0.006123768590011736
2019-06-11,1,1,1,1,1,0,0.05494,0.01111,0,0,1,0,0,0.77314,0.01495,0,1,0,0,-0.13643,262.91,260.53,-0.006887258571642629,0.14706542895643038,0.14403353795478346,0.11951639466986053,-0.002432998951939047
2019-06-12,1,1,1,1,1,1,0.06344,0.01342,0,0,1,0,0,0.80994,0.01483,1,1,0,1,0.09933,267.16,265.32,0.012607808282309785,0.0004937783922576156,0.002633484758707061,-0.011620251497794332,-0.03657251958654273
2019-06-13,1,1,1,1,1,1,0.07,0.01585,0,0,1,0,0,0.81584,0.01458,1,1,0,0,0.0637,303.78,307.61,-0.005193962019152787,-0.00782340529134884,-0.022950819672131084,-0.027333225125791283,-0.051907157928907655
2019-06-14,1,1,1,1,1,0,0.06321,0.01786,0,0,1,0,0,0.6873,0.01449,0,1,0,0,-0.22182,308.05,306.45,-0.007607914843596908,-0.005485535166198652,-0.0245543002677463,-0.024031868347156093,-0.04989224841637818
2019-06-17,1,1,1,1,1,0,0.05222,0.01919,0,0,1,0,0,0.53523,0.01498,0,1,0,1,-0.15437,306.26,303.93,0.005229403058707449,-0.010097023515869052,-0.017990462095050286,-0.11139615194869268,-0.046242394343035675
2019-06-18,1,1,1,1,1,0,0.05574,0.02034,0,0,1,0,0,0.55911,0.01332,0,1,0,1,-0.16693,304.05,305.64,-0.0021622329969860354,-0.021294718909710353,-0.02014808019918768,-0.0385925828855983,-0.04694666491940758
2019-06-19,1,1,1,1,0,0,0.04993,0.02124,0,0,1,0,0,0.47296,0.01164,0,0,0,0,-0.24196,305.24,304.58,-0.011754662463882237,-0.019634883110060453,-0.014151562910428184,-0.03152088258471242,-0.04685447859206715
2019-06-20,1,1,1,1,0,0,0.036,0.02147,0,0,0,0,0,0.26294,0.01225,1,0,0,1,0.13671,304.56,300.98,-0.005128546689756153,-0.003962967896629754,-0.002164646330091835,-0.07326495271080324,-0.03256960170507517
2019-06-21,1,1,1,1,0,0,0.02715,0.02112,0,0,0,0,1,0.10555,0.0123,0,0,0,0,-0.24226,300.28,298.74,-0.0030384987812616115,0.0025376473338007965,-0.0019700156933454283,-0.050585996193529104,-0.026077665364452884
2019-06-24,1,1,1,1,0,0,0.02553,0.02057,0,0,0,0,1,0.05691,0.01199,0,0,0,0,-0.12968,299.49,298.58,0.002480308362661221,0.004290263113792436,-0.09441930618401206,-0.11339031339031347,-0.026445449974861868
2019-06-25,1,1,1,1,0,0,0.02618,0.02006,0,0,0,0,1,0.04556,0.01128,0,0,0,1,-0.21062,298.35,299.09,0.003609987632449796,-0.0009024969081126155,-0.019086138316007695,-0.1091687000701943,-0.03142026272687781
2019-06-26,1,1,1,1,0,0,0.02894,0.01972,0,0,0,0,1,0.06443,0.00995,0,0,0,1,-0.18318,299.17,300.25,-0.003359499733900928,-0.10131718999467798,-0.018893028206492857,-0.02651011176157525,-0.03173230441724306
2019-06-27,1,1,0,1,0,0,0.02574,0.01934,0,0,0,0,1,-0.04582,0.00986,1,0,0,1,0.12577,300.64,299.63,-0.0005015883631500628,-0.018692526333389137,-0.06945326868416668,-0.02337401772278891,-0.032770439725798406
2019-06-28,1,1,0,1,1,0,0.02231,0.01882,0,0,0,0,1,-0.18522,0.00989,0,0,0,0,-0.21034,299.05,298.9,-0.007202175350922269,0.0838538987285955,0.044829866980230726,0.0692290732711105,0.06052032042331157
2019-07-01,1,1,0,1,0,0,0.01951,0.01817,0,0,0,0,1,-0.33337,0.00989,0,0,0,1,-0.0989,272.14,270.18,0.012874055154799224,-0.039519552686984594,-0.0870120456977187,0.0008973872225865875,-0.05801953542953786
2019-07-02,1,1,0,1,0,0,0.0021,0.01685,0,1,0,1,1,-1.06415,0.01042,1,0,0,1,0.1957,289.73,293.46,-0.00047441545238913196,-0.03646221619789913,-0.09688241274144371,-0.014198576753642778,-0.014096916299559559
2019-07-03,1,1,0,1,0,0,0.01084,0.01573,0,0,0,1,1,-0.72086,0.01005,1,0,0,1,0.15381,295.1,294.96,0.00961433806189449,-0.04030765881798071,0.06182200776403146,0.05318724376882056,-0.0030838442840039892
2019-07-05,1,1,0,1,0,0,0.00204,0.01351,0,0,0,1,1,-0.83145,0.00885,0,0,0,0,-0.23999,275.63,278.28,-0.007989393992254845,-0.07019502494505114,0.018944283571154408,0.01350172696507701,0.013048180581237245
2019-07-08,1,1,0,0,0,0,-0.00824,0.01187,0,1,0,1,1,-1.005,0.00919,1,0,0,1,0.05109,286.63,284.34,0.01220678835189215,0.1199249990433553,0.11345807982244693,0.11613668541690592,0.08414648146022286
2019-07-10,1,1,0,0,0,0,-0.01327,0.00835,0,0,0,1,1,-0.87632,0.00794,0,0,0,1,-0.09612,261.33,264.52,0.016321549784540146,0.11375510048430759,0.10586126682683128,0.10765358654616164,0.08095946306677337
2019-07-11,1,1,0,1,0,0,-0.00549,0.00717,0,0,0,0,1,-0.62589,0.00804,0,0,0,0,-0.09518,262.23,266.51,0.0013000786889731941,-0.004481850217250005,-0.00472133839679767,-0.008621574463717696,-0.035683738752608773
2019-07-15,1,1,0,1,1,0,0.00083,0.00589,0,0,0,0,1,-0.37265,0.00826,0,1,0,0,-0.19126,292.29,292.67,-0.002595451130387283,-0.009664640393415747,-0.008640120210368085,-0.005873915716139488,-0.03852195888258991
2019-07-16,1,1,0,1,1,0,-0.00121,0.00527,0,0,0,0,1,-0.40134,0.00806,0,1,0,0,-0.02385,292.82,292.06,-0.002639245929734302,-0.002879177377891895,-0.00428449014567267,-0.00856898029134534,-0.047849185946872264
2019-07-17,1,1,0,1,1,0,-0.00471,0.00451,0,0,0,0,1,-0.49182,0.00807,0,1,0,0,-0.19699,291.75,290.98,-0.0040526153106432705,-0.003022289384208565,0.001751554074939099,-0.008792114572243048,-0.04966170965415406
2019-07-18,1,1,0,1,0,0,-0.00778,0.00364,0,0,0,0,1,-0.56207,0.00818,0,0,0,0,-0.1029,291.17,289.99,0.0028612796469940083,0.0014478764478764727,0.0013099834528405019,-0.05915609487038043,-0.04940016547159398
2019-07-19,1,1,0,1,0,0,-0.00445,0.00302,0,0,0,0,1,-0.40207,0.00815,0,0,0,0,-0.31094,290.08,290.91,-0.002131243339864586,0.0026468667285413083,-0.00391873775394469,0.00010312467773521128,-0.056202949365783295
2019-07-22,1,1,0,1,0,0,-0.00632,0.00237,0,0,0,0,1,-0.43648,0.00734,0,0,0,1,-0.05334,290.91,290.29,0.0017932271191116733,0.001655286571487613,0.003862335333471245,-0.05241740809711026,-0.04958962687081869
2019-07-23,1,1,0,1,0,0,-0.00538,0.00183,0,0,0,0,1,-0.36892,0.00735,0,0,0,0,-0.05746,289.98,290.5,0.003474730794371661,-0.00309629476726192,-0.004885265077235412,-0.0010320982557540104,-0.052809027419410404
2019-07-24,1,1,0,1,1,0,-0.00129,0.00157,0,0,0,0,1,-0.16557,0.00748,1,1,0,0,0.08574,290.67,291.68,-0.0028836251287334136,-0.000686577411603162,-0.009234466186062495,-0.027394438722966097,-0.05588740130449721
2019-07-25,1,1,0,1,1,0,-0.00525,0.00112,0,0,0,0,1,-0.32286,0.00718,0,1,0,0,-0.13297,291.3,290.46,-0.00037946736580662943,-0.0021733130950738477,-0.05850696840071745,-0.022147095349799972,-0.049779218987167084
2019-07-26,1,1,0,1,0,0,-0.00732,0.00058,0,0,0,0,1,-0.42594,0.00669,0,0,0,0,-0.26001,289.88,289.77,0.004347226055755105,-0.004243720673474893,0.003795197350262347,-0.02753243168644759,-0.05320176649185748
2019-07-29,1,1,0,1,1,0,-0.00265,0.00037,0,0,0,0,1,-0.09981,0.00666,0,1,0,0,-0.06136,289.84,291.1,-0.005432727022659178,-0.061582367706220054,-0.055186878932709904,-0.03194305951930665,-0.05611525633531611
2019-07-30,0,1,0,0,0,0,-0.00864,-0.00017,0,0,0,0,1,-0.53207,0.00705,1,0,0,1,0.20219,290.83,289.25,-0.0025229833413975555,0.0055298265016936465,0.0035598258104652114,-0.039918435059099866,-0.05032142116541094
2019-07-31,0,1,0,0,0,0,-0.01041,-0.00077,0,0,0,0,1,-0.69771,0.00666,0,0,0,0,-0.34872,289.34,288.61,0.01148914090875408,0.018382625454006263,0.050033355570380245,0.025535542213327433,0.11818990438069821
2019-08-01,0,1,0,0,0,0,-0.01298,-0.00146,0,0,0,0,1,-0.95909,0.00639,1,0,0,1,0.05823,269.82,272.92,-0.009194932570494418,-0.011136085002043217,-0.03466830132134591,-0.060924942105980096,-0.07733959950960356
2019-08-02,0,1,0,0,0,0,-0.00838,-0.00181,0,0,0,0,1,-0.50803,0.00622,0,0,0,0,-0.20559,293.64,290.94,-0.011973679479342803,0.01873359462083335,0.013483873287548187,-0.012764733378878956,-0.02430692891302
2019-08-05,0,1,0,0,0,0,-0.01007,-0.00224,0,0,0,0,1,-0.66272,0.00656,0,0,0,0,-0.00107,278.11,274.78,-0.010023524598547606,-0.033582216767242934,-0.040128192015273845,-0.06037980293887002,-0.0925300876206061
2019-08-07,0,1,0,0,0,0,-0.02233,-0.00398,0,1,0,0,1,-1.37085,0.00717,0,0,0,0,-0.06121,293.31,290.37,-0.00432261465471806,-0.00945352310665959,-0.023756808996661327,-0.03243718151467234,-0.062800913723423
2019-08-08,0,1,0,0,0,0,-0.02485,-0.0051,0,1,0,1,1,-1.24647,0.00706,1,0,0,0,0.24121,284.55,283.32,0.005605222080317773,-0.0012061870299416855,-0.018341138072938912,-0.02433659713353209,-0.033631332481907306
2019-08-13,0,1,0,0,0,0,-0.02131,-0.00789,0,0,0,1,1,-0.7089,0.00641,1,0,0,1,0.15746,281.88,283.46,-0.004696493520251366,-0.019068469931847742,-0.026272114128323754,-0.027331473568982023,-0.03202796708923339
2019-08-14,0,1,0,0,0,0,-0.02581,-0.00873,0,0,0,1,1,-0.83479,0.00681,1,0,0,0,0.09765,283.19,281.86,-0.0020558627534381646,-0.01917623706224314,-0.0267971076137814,-0.027293350347369905,-0.02778959308095852
2019-08-15,0,1,0,0,0,0,-0.02589,-0.00945,0,0,0,1,1,-0.77422,0.00667,1,0,0,0,0.0395,282.12,281.54,-0.012583087477339605,-0.0198343582269932,-0.0203675398997617,-0.024241993388547267,-0.010699178900223871
2019-08-16,0,1,0,0,0,0,-0.0374,-0.01094,0,1,0,1,1,-1.07016,0.00744,1,0,0,1,0.35868,281.33,277.79,-0.005677530633511951,-0.01340328434367033,-0.010672320241474798,-0.012612742103561225,-0.005246325775270511
2019-08-19,0,1,0,0,0,0,-0.03959,-0.01234,0,1,0,1,0,-1.00963,0.00763,1,0,0,0,0.23423,278.29,276.71,-0.004871887405268893,-0.00541320822807656,-0.007506315409599562,0.0888127029953083,-0.01035727174305312
2019-08-20,0,1,0,0,0,0,-0.04131,-0.01371,0,0,0,1,0,-0.95328,0.00793,1,0,0,0,0.27841,277.1,275.75,-0.00427939363168206,-0.0015231740044970854,-0.0010517153840575721,-0.0174439689562631,-0.00982809893377834
2019-08-21,0,1,0,0,0,0,-0.04374,-0.01513,0,0,0,1,0,-0.93507,0.00816,0,0,0,1,-0.17216,275.74,274.56,0.004482997412253553,0.0023690636731419357,0.00018223566716479844,-0.011007034296752538,0.0020774866056785246
2019-08-22,0,1,0,0,0,0,-0.03861,-0.01598,0,0,0,1,0,-0.74481,0.00837,1,0,0,0,0.28189,274.37,275.6,-0.0014507471347745549,-0.0009792543159728995,-0.004388510082692698,-0.03463658784273904,-0.014253590599158539
2019-08-23,0,1,0,0,0,0,-0.03809,-0.01678,0,0,0,1,0,-0.6923,0.00782,0,0,0,0,-0.03609,275.72,275.32,-0.0010896411448496623,-0.003268923434548765,-0.0019613540607293922,-0.031381664971669276,-0.022955106784832147
2019-08-26,0,1,0,0,0,0,-0.03766,-0.01748,0,0,0,1,0,-0.6592,0.00757,0,0,0,0,-0.03971,275.32,275.02,0.0024383142877939523,-0.0009826042652303357,0.09800567726908804,-0.00866147463425282,-0.02219957784409332
2019-08-27,0,1,0,0,0,0,-0.03479,-0.01789,0,0,0,1,0,-0.56381,0.0072,1,0,0,0,0.10752,274.78,275.45,-0.0036669934284573324,-0.002359946265839019,-0.016338089532730637,-0.004756199397306093,-0.026395091311766983
2019-08-28,0,1,0,0,0,0,-0.03695,-0.01849,0,0,0,1,0,-0.60536,0.00724,1,0,0,0,0.05872,275.43,274.42,0.00010929758088007446,0.09920577091227023,-0.011403380938501906,-0.0007286505392015696,-0.012751384436024527
2019-08-29,0,1,0,0,0,0,-0.03524,-0.01885,0,0,0,1,0,-0.54458,0.00723,0,0,0,0,-0.19576,274.48,274.51,0.0018229546448884637,-0.012213796120752352,-0.02956832434009027,0.014729473530698645,0.08010062709639798
2019-08-30,0,1,0,0,0,0,-0.033,-0.01903,0,0,0,1,0,-0.48108,0.00729,0,1,0,0,-0.04232,274.28,274.78,0.0008624979266875776,-0.09985072151268859,-0.11534251119588645,-0.08167191905788684,-0.04262730137667925
2019-09-04,0,1,0,0,1,0,-0.02859,-0.01954,0,0,0,1,1,-0.33193,0.00692,1,1,0,0,0.05502,301.45,301.71,-0.013508593067288022,-0.030840372851733022,-0.00815613166326834,-0.001492863384794485,-0.01667637634721808
2019-09-05,0,1,0,0,0,0,-0.03972,-0.02032,0,0,0,1,1,-0.76152,0.00711,1,1,0,0,0.05277,274.64,270.93,-0.0028296339850065744,-0.019991180361605188,0.007349698662354909,0.003344112891371376,-0.021644862560634914
2019-09-09,0,1,0,0,0,0,-0.03677,-0.02076,0,0,0,0,1,-0.65578,0.00652,1,1,0,1,0.13925,272.12,271.35,0.0061236061236060735,0.02967302967302965,0.036779436779436736,0.03927423927423912,0.006577206577206507
2019-09-10,0,0,0,0,0,0,-0.0398,-0.02129,0,0,0,0,1,-0.83188,0.00677,0,0,0,1,-0.21468,264.55,266.17,0.004406613686866789,0.03242815713155811,0.04824677036646463,0.023652593122669652,-0.0007909306617452927
2019-09-12,0,0,0,0,0,0,-0.03395,-0.02123,0,0,0,0,1,-0.71414,0.00702,0,0,0,0,-0.50359,265.51,266.68,0.0057227247553994776,0.012663836071626244,0.02207864131438053,-0.006830348901606165,-0.021044858777921505
2019-09-13,0,0,0,0,1,0,-0.02772,-0.02077,0,0,0,0,1,-0.33463,0.0071,1,0,0,1,0.06406,270.85,272.4,0.002413515687851975,0.017772251883273693,0.0028157683024940816,-0.017479704527170292,-0.03631244057631833
2019-09-16,0,0,1,0,1,0,-0.02075,-0.01991,0,0,0,0,1,0.16065,0.00709,0,1,0,1,-0.00512,273.46,274.12,0.001131510749351916,0.010439099171442034,-0.003431032594809813,-0.02120670146366388,-0.03883636894550513
2019-09-17,0,0,1,0,1,0,-0.01941,-0.01916,0,0,0,0,1,0.23517,0.00682,0,1,0,1,-0.05134,273.97,274.28,0.01148422735862753,-0.0033798517226341085,-0.0007995348161070615,-0.015191161506032835,-0.04063090565489169
2019-09-18,0,0,1,0,1,1,-0.00477,-0.01736,1,0,0,0,1,1.15523,0.00758,1,1,0,1,0.23659,275.16,278.32,-0.00435189181412754,-0.018018990073370933,-0.02247878003165016,0.06549417350021569,-0.05700618616026476
2019-09-19,0,0,1,0,1,0,-0.0097,-0.01636,0,0,0,0,1,0.74112,0.0078,0,1,0,0,-0.1738,278.04,276.83,-0.01010720860556602,-0.00754430928058325,-0.028986030393820084,0.04176442984514339,-0.08009962819911187
2019-09-20,0,0,1,0,1,0,-0.01827,-0.01603,0,0,0,0,1,0.13547,0.00829,1,1,0,1,0.24053,277.03,274.23,-0.005608770076847458,-0.01012492260625697,-0.02145172451469568,-0.016425683796481794,-0.07375168445205227
2019-09-23,0,0,0,0,0,0,-0.0217,-0.01586,0,0,0,0,1,-0.13231,0.00867,0,0,0,1,-0.05968,274.57,273.03,0.0055959913682746,-0.01612962217914493,-0.01920193116564861,-0.026260926813210905,-0.0741743169598772
2019-09-24,0,0,1,0,1,0,-0.01429,-0.0151,0,0,0,0,1,0.34468,0.00879,1,0,0,1,0.13144,273.41,274.94,-0.010593374590462168,-0.021914816163086992,-0.013542045868219721,-0.030615216599927053,-0.07269748816891153
2019-09-25,0,0,0,0,0,0,-0.0246,-0.01529,0,0,0,0,1,-0.39641,0.00887,1,0,0,1,0.15221,274.7,271.79,-0.009390535812925815,-0.012483888786595454,0.09095930767814386,-0.023016019149327938,-0.059105137175474165
2019-09-26,0,0,0,0,0,0,-0.0333,-0.01598,0,0,0,0,1,-0.91825,0.00942,1,0,0,0,0.32816,271.55,269.0,-0.003042671614100212,0.005491651205937087,0.07087198515769955,-0.016141001855287662,-0.04738404452690159
2019-09-27,0,0,0,0,0,0,-0.03315,-0.01648,0,0,0,0,1,-0.8561,0.00971,1,0,0,1,0.00734,269.5,268.68,-0.0011546913994114893,0.10347524863113189,0.005922449435691091,-0.018400566171267063,0.008865050098707528
2019-09-30,0,0,0,0,0,0,-0.03369,-0.01697,0,0,0,0,1,-0.83856,0.00927,0,0,0,1,-0.19871,268.47,268.16,-0.006343735103223058,0.05826702357816016,-0.023761504895309926,-0.034395511715741955,0.06354735799934019
2019-10-01,0,0,0,0,0,0,-0.03946,-0.01787,0,1,0,0,1,-1.0162,0.0093,1,0,0,1,0.17584,272.71,270.98,-0.018649794620378968,-0.10540612163773688,-0.11789452762687147,-0.12554657479793285,-0.0008281436332316927
2019-10-04,0,0,0,0,0,0,-0.05054,-0.02145,0,1,0,1,0,-1.02513,0.00974,0,0,0,0,-0.05534,301.88,296.25,-0.00024249142619592323,-0.07773582291197556,-0.08095749471715108,-0.09173104236671636,0.007413309315134953
2019-10-07,0,0,0,0,0,0,-0.03822,-0.0215,0,0,0,0,0,-0.62603,0.01051,0,0,0,0,-0.05689,288.67,288.6,-0.005962897526501809,-0.01983951707891629,-0.02403563015312138,-0.06198468786808009,-0.015348939929328731
2019-10-09,0,0,0,0,1,0,-0.02955,-0.02134,0,0,0,1,0,-0.3689,0.00996,1,0,0,0,0.07379,271.68,270.06,-0.00011267182453233993,-0.003605498385037098,-0.010253136032449595,-0.044843386163899934,0.019980470217080937
2019-10-10,0,0,0,0,1,0,-0.02821,-0.021,0,0,0,0,0,-0.33524,0.00912,0,1,0,1,-0.06279,266.26,266.23,0.0042994531397324565,0.0,-0.006864039223081209,-0.04533283047331693,0.028889307938902542
2019-10-14,0,0,0,0,1,0,-0.02576,-0.02038,0,0,0,1,0,-0.2575,0.00896,0,1,0,1,-0.07347,265.15,266.29,-0.0034932201479923597,-0.010141606881268195,-0.00845133906772344,-0.043195733012808546,-0.004094204259475043
2019-10-15,0,0,0,0,1,0,-0.02827,-0.0202,0,0,0,0,0,-0.31931,0.00811,0,1,0,1,-0.01652,266.23,265.3,0.00018860807242537803,-0.006676725763862801,-0.010976989815164151,-0.03621274990569601,0.008298755186721962
2019-10-16,0,0,0,0,0,0,-0.02772,-0.01995,0,0,0,0,0,-0.30148,0.0077,0,0,0,1,-0.04682,265.1,265.15,-0.00026555386949944637,0.0014415781487100432,-0.03323216995447653,-0.02606221547799703,0.027124430955993928
2019-10-18,0,0,0,0,0,0,-0.03121,-0.01999,0,0,0,0,0,-0.43604,0.00772,0,0,0,1,-0.10371,263.6,263.53,-0.0007968429839874114,-0.0051225620399181215,-0.03498520148744033,0.027737724823556187,0.028306898383547052
2019-10-21,0,0,0,0,0,0,-0.03073,-0.01995,0,0,0,0,1,-0.43046,0.00732,0,0,0,1,-0.24435,263.54,263.33,0.0017455980570735274,-0.032938676381299214,-0.039427747419550685,0.10063752276867044,0.020264116575592128
2019-10-22,0,0,0,0,0,0,-0.02725,-0.01964,0,0,0,0,1,-0.31729,0.00722,0,0,0,1,-0.15295,263.52,263.98,-0.0054999241389773745,-0.03535123653466843,-0.03379608557123348,0.14409801244120768,0.02541344257320577
2019-10-23,0,0,0,0,0,0,-0.03257,-0.01985,0,0,0,0,1,-0.69641,0.00748,1,0,0,1,0.08101,263.64,262.19,-0.02572925029628781,-0.03226669725121378,-0.023206025155790067,0.11178651986084032,0.03673968727300547
2019-10-24,0,0,0,0,0,0,-0.05748,-0.02204,0,1,0,0,1,-1.6452,0.00949,1,0,0,1,0.13443,261.57,254.84,-0.003994673768308976,-0.0023889715673220957,0.005443722096028836,0.04766194094148979,0.057609461893945335
2019-10-25,0,0,0,0,0,0,-0.05721,-0.02352,0,1,0,1,0,-1.33797,0.00897,1,0,0,0,1.4514,255.34,254.32,-0.0013413816230717357,0.00800883733775204,0.06856827237937435,0.07144829762891058,0.07255296484791107
2019-10-28,0,0,0,0,0,0,-0.05934,-0.02506,0,1,0,1,0,-1.21017,0.00925,0,0,0,1,-0.21065,253.47,253.13,0.00663900414937757,0.0145425805176842,0.14617664493183158,0.07808733451886973,0.06931436475004915
2019-10-29,0,0,0,0,0,0,-0.05141,-0.02569,0,0,0,1,0,-0.87337,0.00925,1,0,0,0,0.08265,253.05,254.73,0.006341328921974032,0.06680058292961544,0.18803418803418803,0.044310528181495945,0.06498877466619413
2019-10-30,0,0,0,0,0,0,-0.04673,-0.02603,0,0,0,1,0,-0.69685,0.01038,1,0,0,1,0.17739,253.89,255.5,0.0060741437416726995,0.1366094521514225,0.1396269300101889,0.0474958852574654,0.16290461634924358
2019-10-31,0,0,0,0,1,0,-0.04056,-0.0259,0,0,0,1,0,-0.51435,0.01042,0,0,0,1,-0.23859,255.18,256.73,-0.0008853148400898014,0.11265631340145354,-0.013205946364675869,-0.001254196023460774,0.06167693385960393
2019-11-01,0,0,0,0,0,0,-0.05355,-0.02711,0,0,0,1,0,-0.82693,0.01185,1,0,0,0,1.933,271.09,270.85,-0.022644561261625507,-0.020049871950397535,-0.08484971020353149,-0.08680415150289789,-0.028002426202992314
2019-11-04,0,0,0,0,1,0,-0.04459,-0.02706,0,0,0,1,0,-0.57368,0.01196,0,1,0,0,-0.21391,296.76,290.04,0.0028926718978588006,-0.11055326506184338,-0.09293124085649684,-0.1060646362548211,0.013598882830163639
2019-11-06,0,0,1,0,1,0,-0.02111,-0.02358,0,0,0,0,0,0.02582,0.01396,0,1,0,0,-0.31068,300.76,301.63,0.00790212456243733,-0.05874605760232898,-0.0810660936471077,-0.06304370429418082,-0.060894880948254904
2019-11-07,0,0,1,0,1,1,0.0013,-0.02078,0,0,0,0,0,0.61959,0.01505,0,1,0,0,-0.17892,288.53,290.81,-0.0005977509620055388,0.019202749654425144,-0.0013822990996376072,0.013113161728994571,0.006014869055179783
2019-11-11,0,0,1,0,1,1,0.00469,-0.01644,0,0,0,0,0,0.67449,0.0151,0,1,0,0,-0.47399,267.67,267.51,0.012980231256993546,-0.011040656471466015,0.009884371503170453,0.007273405445729075,-0.009138381201044599
2019-11-12,0,0,1,0,1,1,0.01088,-0.01415,0,0,0,0,0,0.78511,0.01515,0,1,0,0,-0.39773,268.1,271.58,0.013259545387015237,-0.007205467241123142,0.006536918734214803,0.009731094933888018,0.0001485663348683719
2019-11-13,0,0,1,0,1,1,0.02317,-0.01132,0,0,1,0,0,0.97111,0.01418,0,1,0,0,-0.00435,269.24,272.81,-0.024610970091601403,-0.0039730714049220905,-0.010925946363535943,-0.004561674576021857,0.014862230070264548
2019-11-14,0,0,1,0,0,0,-0.00538,-0.01085,0,0,0,0,0,0.33179,0.01631,0,1,0,0,-0.06749,271.83,265.14,0.005416384563303955,0.019333483788460004,0.01685097419694559,0.017039043105393725,0.002106371774618143
2019-11-15,0,0,1,0,0,0,0.00262,-0.00959,0,0,0,0,0,0.48263,0.01628,0,1,0,0,-0.55778,265.86,267.3,0.012679533213644456,0.005610412926391417,0.014287851585876643,0.1099266906044285,-0.0008602633153800276
2019-11-18,0,0,1,0,1,0,0.01494,-0.0077,0,0,0,0,0,0.69182,0.01623,1,1,1,0,1.57917,267.36,270.75,-0.0036398396999890448,-0.006066399499981778,-0.007132615169675338,0.05816390308467212,0.0042648626787749055
2019-11-19,0,0,1,0,1,0,0.01524,-0.00609,0,0,0,0,0,0.65326,0.01544,0,1,0,0,-0.57483,271.99,271.0,-0.008664872239224075,-0.00011061539028789369,0.0023966667895727323,0.06356697761881946,0.0098447697356292
2019-11-20,0,0,1,0,0,0,0.00694,-0.00515,0,0,0,0,0,0.46232,0.01589,0,1,0,0,-0.28033,271.21,268.86,0.0019272107330812194,0.0008524201319399793,0.0028537543547548783,0.1298272922689201,-0.00963605366540643
2019-11-21,0,0,1,0,1,0,0.01199,-0.00394,0,0,1,0,0,0.51341,0.01461,0,1,0,1,-0.49252,269.82,270.34,0.005562147730643785,0.008083654701869003,0.0026327499258380627,0.004746366063482554,-0.0038193414417088123
2019-11-22,0,0,1,0,1,0,0.01453,-0.00272,0,0,1,0,0,0.52055,0.01475,0,1,0,0,-0.50838,269.68,271.18,-0.001479016454058013,0.0005176557589203767,0.09724533185431694,-0.004326123128119863,-0.018783508966537243
2019-11-25,0,0,1,0,0,0,0.00989,-0.0019,0,0,0,0,0,0.39933,0.01324,1,0,0,0,0.24519,270.45,270.05,0.00901904019596933,0.0035630776082840043,0.06821809004194046,-0.014029618082618933,-0.018223657350703415
2019-11-27,0,0,1,0,1,0,0.01566,-0.00021,0,0,0,0,0,0.46648,0.01302,0,0,0,0,-0.39507,269.43,271.86,-0.003094720554102426,0.09328371955937076,0.0627049331319307,-0.00792101094204778,-0.06358913900453167
2019-11-28,1,0,1,0,1,0,0.01049,0.00041,0,0,0,0,0,0.32108,0.01281,0,0,0,0,-0.44599,271.43,270.59,0.00018495228231119043,0.06462232743952079,0.1276540652511653,0.02045572242361482,-0.057076274321225084
2019-11-29,1,0,1,0,0,0,0.00935,0.00092,0,0,0,0,1,0.27966,0.01281,0,0,0,0,-0.48361,270.34,270.39,-0.0010771871949372125,-0.029016730063621377,-0.0878917426869088,-0.10317433601508053,-0.1521526912848823
2019-12-02,1,0,0,0,0,0,-0.00848,0.00034,0,0,0,0,1,-0.47603,0.01401,0,0,0,1,-0.05237,297.07,296.75,-0.002529978512511355,0.05652595827268314,-0.06674984404242057,-0.0742011506203647,-0.12518195050946157
2019-12-03,0,0,0,0,0,0,-0.00729,-0.00012,0,0,0,0,1,-0.4893,0.01351,0,0,0,0,-0.30823,288.54,287.81,-0.00971573743477061,-0.06976105465531446,-0.08799093655589119,-0.06224251579236473,-0.028460587750617883
2019-12-04,1,0,0,0,0,0,0.00426,0.00014,0,0,0,0,1,-0.03238,0.01249,0,0,0,0,-0.08805,291.28,288.45,0.011446582614466072,-0.10656934306569343,-0.10656934306569343,-0.0913072329130723,-0.034671532846715314
2019-12-06,0,0,0,0,0,0,-0.00867,-0.0005,0,0,0,0,1,-0.78839,0.01232,0,0,0,0,-0.28773,301.4,304.85,-0.0036770113251949343,-0.023201941461979736,0.014377114281512116,-0.017429033681423567,0.0036770113251949343
2019-12-09,0,0,0,0,1,0,-0.00345,-0.00066,0,0,0,0,1,-0.47882,0.01276,0,1,0,0,-0.20924,271.96,270.96,0.006278026905829348,0.006278026905829348,-0.004409566517189822,0.00392376681614337,0.09644992526158447
2019-12-11,1,0,1,1,1,0,0.01432,0.00023,0,0,0,0,1,0.6148,0.0126,0,1,0,0,-0.09102,267.6,269.28,-0.022662889518413665,0.014936904455318034,-0.017217909569184342,-0.023693020860159675,-0.027482432581582783
2019-12-12,0,0,0,0,0,0,-0.00752,-0.00023,0,0,0,0,1,-0.69979,0.01408,1,1,0,0,0.15114,271.81,265.65,0.012787723785166127,0.002030991424702977,0.02734316232887002,-0.005115089514066584,-0.006769971415676257
2019-12-13,1,0,1,0,1,0,0.0058,0.00013,0,0,0,0,1,0.08714,0.01428,1,1,1,0,2.03926,265.88,269.28,0.029212057901805588,-0.003395015669303225,0.021787792866736266,-0.05174600805849883,0.018430085061931
2019-12-16,1,0,1,1,1,1,0.02919,0.00177,1,0,0,0,1,1.24871,0.01602,0,1,0,0,-0.07046,268.04,275.87,-0.03292315510544841,-0.0084939562234565,-0.030019238447856478,-0.07470325601655237,-0.010163708301571761
2019-12-17,1,0,0,0,0,0,-0.00583,0.00131,0,0,0,0,1,-0.45954,0.01791,1,1,0,0,0.3554,275.49,266.42,0.0014620979230710596,0.02676763889930256,0.007160530854015024,-0.05574716952837966,0.039664092374597004
2019-12-18,1,0,0,0,0,0,-0.00305,0.00101,0,0,0,0,1,-0.30979,0.01813,0,1,0,0,-0.25564,266.74,267.13,0.023532056806684798,0.0013114999812644523,-0.00562071420541832,-0.05414621351219706,0.0412560422677708
2019-12-19,1,0,1,1,1,0,0.01864,0.00196,0,0,0,0,1,0.72043,0.01951,0,1,0,0,-0.03808,266.87,273.15,0.00429027171720886,-0.014887609548604797,-0.030031902020461243,0.03769572072897964,0.014594257636316943
2019-12-20,1,0,1,1,1,0,0.0205,0.00294,0,0,0,0,1,0.77842,0.01824,0,1,0,0,-0.50672,272.71,273.88,-0.024495309020552636,-0.031248859197605228,-0.0721352170262477,0.06213266162888331,-0.004307669842660511
2019-12-23,1,0,0,0,0,0,-0.00414,0.00248,0,0,0,0,1,-0.28331,0.01982,1,0,0,0,0.18516,273.93,267.22,0.0020888507590735017,-0.01331642358909324,-0.049162594651049996,0.018165541422656695,-0.005035622365623382
2019-12-24,1,0,0,0,1,0,0.00114,0.0023,0,0,0,0,1,-0.04262,0.0188,0,1,0,0,-0.13218,268.09,268.65,-0.012944020829458891,-0.05460293844151021,-0.06315789473684219,0.0913520550492839,-0.01722149897712477
2019-12-25,1,0,0,0,0,0,-0.01065,0.00148,0,0,0,0,1,-0.52001,0.01954,1,0,0,0,0.2193,268.85,265.37,-0.0011705622474795785,-0.0374579919193444,-0.046860249971679924,-0.0018502435524676564,-0.001548162972472733
2019-12-26,1,0,0,0,0,0,-0.01329,0.00056,0,0,0,0,1,-0.59119,0.01956,0,0,0,0,-0.36992,264.83,264.52,-0.03551777786210297,-0.04424543695214955,0.07384358517056899,0.002087048912837286,-0.02811824080749803
2019-12-27,0,0,0,0,0,0,-0.04996,-0.00254,0,1,0,0,0,-1.49879,0.02265,1,0,0,1,0.26396,263.53,254.17,0.004571428571428449,-0.005241379310344851,0.14660098522167475,0.07578325123152707,0.015684729064039393
2019-12-30,0,0,0,0,0,0,-0.04543,-0.00507,0,1,0,0,0,-1.14716,0.02305,0,0,0,1,-0.19393,253.75,254.91,-0.013280576666927835,0.10863433362062214,0.06934106401316309,0.0682833189688945,0.002624774739481417
2019-12-31,0,0,0,0,0,0,-0.05471,-0.00801,0,1,0,0,0,-1.15293,0.02359,0,0,0,1,-0.14719,255.26,251.87,0.0016666666666667052,0.15456349206349196,0.16432539682539682,0.10047619047619039,0.03753968253968254
2020-01-01,0,0,0,0,0,0,-0.05068,-0.01035,0,0,0,0,0,-0.93986,0.02233,0,0,0,1,-0.36918,252.0,252.42,-0.0004238635159479198,-0.035851789057257055,-0.06629931828617863,-0.018473384903394452,-0.02896400692310408
2020-01-06,0,0,0,0,1,0,-0.02374,-0.01198,0,0,0,0,0,-0.36339,0.01794,0,1,0,1,-0.49828,283.11,282.99,0.005147516064395896,0.013646099633801034,-0.0876805085331307,-0.04411663096800933,-0.06836868651972627
2020-01-07,0,0,0,0,1,0,-0.03486,-0.01309,0,0,0,0,0,-0.53031,0.01883,0,1,0,0,-0.02196,289.46,290.95,0.008460486939815937,-0.02338641149739551,0.008534377655447623,0.007684634425684456,0.04895259910592231
2020-01-09,0,0,0,0,1,0,-0.0252,-0.01342,0,0,0,0,0,-0.33082,0.01747,1,0,0,0,0.20047,270.67,272.96,0.0077623218272369066,-0.09297612914305342,-0.0634037437746865,-0.08383994504550907,-0.0028851107676454157
2020-01-10,0,0,0,0,1,0,-0.01087,-0.01261,0,0,0,0,0,-0.06382,0.01659,1,0,0,1,0.12559,291.15,293.41,0.013379336783591933,0.04650182096990596,0.06313973548016083,0.012919302281004352,0.14456584243818282
2020-01-13,0,0,1,0,1,0,0.00139,-0.01119,0,0,0,0,0,0.21434,0.01726,1,1,0,1,0.08161,260.85,264.34,0.00011361484567307123,0.03272107555387227,0.05237644385533047,0.00140124976330247,0.17057375497064942
2020-01-14,0,0,1,0,1,0,0.00039,-0.01011,0,0,0,0,0,0.20587,0.01628,0,1,0,0,-0.26295,264.05,264.08,0.03194344686803019,0.04834990360261604,0.04596832117340188,-0.03179223528522268,0.19544097077836176
2020-01-15,0,0,1,1,1,0,0.03272,-0.007,0,0,0,0,0,0.80691,0.01771,1,1,1,0,3.10206,264.53,272.98,-7.333797807185238e-05,0.018957867331597766,0.0001466759561439268,-0.05493014557588638,-0.009460599171280837
2020-01-16,0,0,1,1,1,0,0.03035,-0.00463,0,0,1,0,0,0.79231,0.01535,0,1,0,0,-0.3992,272.71,272.69,0.016680720020530115,0.014371081863841395,-0.022106536642592545,-0.06173699453752235,-0.016387432635553645
2020-01-17,0,0,1,1,1,1,0.04588,-0.00156,1,0,1,0,0,1.05805,0.01597,0,1,0,1,-0.38539,272.77,277.32,0.0036116729268997894,-0.014916209188095886,-0.04572377925455062,-0.055691996532794,-0.04261774053741696
2020-01-20,1,0,1,1,1,1,0.04602,0.00116,0,0,1,0,0,0.96014,0.01518,0,1,0,0,-0.20247,276.88,277.88,-0.00032516800346837904,-0.03627429727581455,-0.04465640580966823,-0.006756268516511121,-0.046499024495989416
2020-01-21,1,0,1,1,1,0,0.03985,0.00329,0,0,1,0,0,0.81052,0.01486,1,1,0,0,0.66878,276.78,276.69,-0.013455347777335813,-0.04430860491192534,-0.07360653958838215,-0.024595797012334053,-0.0558830976236121
2020-01-22,1,0,1,1,0,0,0.02403,0.00439,0,0,1,0,0,0.54327,0.01532,0,0,0,0,-0.15608,276.47,272.75,-0.02564289888953819,-0.03411747516072461,-0.058554938632378595,0.03711279953243718,-0.04799824663939212
2020-01-23,1,0,1,1,0,0,0.00141,0.00414,0,0,0,0,0,0.19829,0.01621,1,0,0,0,0.07737,273.76,266.74,-0.006392900120336886,-0.036853188929001246,-0.0375676895306859,0.09171931407942235,-0.03267900120336942
2020-01-24,1,0,1,0,0,0,-0.00774,0.00333,0,0,0,0,0,0.02977,0.01657,0,0,0,0,-0.44424,265.92,264.22,7.564296520445879e-05,-0.02522692889561251,-0.01111951588502269,0.12919818456883525,-0.0007564296520423675
2020-01-27,1,0,1,0,0,0,-0.00671,0.00261,0,0,0,0,0,0.01429,0.01562,0,0,0,0,-0.3067,264.4,264.42,-0.030472801605027078,-0.031192035431729548,0.04065563841465725,0.17004201839724398,0.018586516258469743
2020-01-28,1,0,0,0,0,0,-0.03646,0.00024,0,0,0,0,0,-0.50824,0.0174,1,0,0,0,0.14384,264.17,256.12,0.000426985482493647,0.014905675025230769,0.04677431876407123,0.22750562844499655,0.04413477214501982
2020-01-29,0,0,0,0,0,0,-0.02924,-0.00155,0,0,0,0,0,-0.4437,0.01725,0,0,0,0,-0.5465,257.62,257.73,-0.004163424124513537,0.0696887159533075,0.10474708171206237,0.05108949416342412,0.05392996108949433
2020-01-30,0,0,0,0,0,0,-0.03466,-0.0035,0,0,0,0,0,-0.56886,0.01685,0,0,0,1,-0.39045,257.0,255.93,0.020690193628981612,0.05274047470331045,0.13331511555277942,0.0473922548407244,0.08127732667083065
2020-01-31,0,0,0,0,0,0,-0.01327,-0.00389,0,0,0,0,0,-0.21748,0.01712,1,1,0,1,0.93235,256.16,261.46,-0.007222563287710759,0.02531508432342644,0.0781842475894694,-0.04272146184680958,-0.051207973709869625
2020-02-03,0,0,0,0,0,0,-0.00815,-0.00398,0,0,0,0,0,-0.15024,0.01721,0,1,0,1,-0.47996,276.91,274.91,-0.011763412489006031,0.06387423043095874,0.13269569041336848,-0.03287159190853106,0.022830548226326686
2020-02-04,0,0,1,1,1,0,0.0127,-0.00279,0,0,0,0,0,0.18883,0.01629,1,1,0,1,0.02379,272.88,269.67,0.0041379310344829,0.05591511936339533,0.11840848806366044,-0.07685234305923971,-0.03635720601237835
2020-02-06,0,0,0,0,1,0,-0.00322,-0.00195,0,0,0,0,1,-0.16569,0.01625,1,1,0,1,0.07561,282.75,283.92,-0.0024054156214562417,0.06212844919418581,-0.071750111680011,-0.10442940105151022,-0.01721590323356581
2020-02-07,0,0,0,0,1,0,-0.00302,-0.00194,0,0,0,0,1,-0.17855,0.01584,0,1,0,1,-0.58343,291.01,290.31,0.01682446699816098,0.07700429126081332,-0.08623390777195017,-0.12393569920305147,-0.06028199713915938
2020-02-10,1,0,1,1,1,0,0.03492,0.00028,0,0,0,0,0,0.55021,0.01783,1,1,0,1,0.27647,293.62,298.56,-0.0029998064640991418,-0.12866911812141146,-0.1449583897813045,-0.14779691632797887,-0.0014515192568220758
2020-02-11,1,0,1,1,1,1,0.04967,0.00301,0,0,0,0,0,0.76989,0.01766,0,1,0,0,-0.21227,310.02,309.09,0.01476109488816868,-0.13904309597920606,-0.15313031479639305,-0.13654012771556012,0.01890061932419851
2020-02-12,1,0,1,1,1,0,0.04291,0.00513,0,0,0,0,0,0.64128,0.01585,1,0,0,0,0.82311,311.63,316.23,-0.027259632697155145,-0.04544472452286641,-0.06006481814908182,-0.03136478213899885,0.005941663665826491
2020-02-13,1,0,1,1,1,0,0.01324,0.00554,0,0,0,0,0,0.13902,0.01787,0,0,0,1,-0.00138,277.7,270.13,-0.008353045535186232,-0.024578651685393194,-0.036738616203429886,0.0011088113542283562,0.04006505026611462
2020-02-14,1,0,1,1,1,0,0.00613,0.0054,0,0,0,0,0,0.04948,0.01871,0,0,0,1,-0.17317,270.56,268.3,-0.013839285714285832,-0.028943452380952528,-0.04304315476190479,0.03043154761904754,0.04720982142857144
2020-02-17,1,0,0,0,0,0,-0.00572,0.00461,0,0,0,0,1,-0.13743,0.01818,0,0,0,1,-0.18189,268.8,265.08,-0.005689096526260262,-0.018084545249039352,-0.0045964885841308645,-0.01013488056664913,0.036357471177755896
2020-02-18,1,0,0,0,0,0,-0.00971,0.00362,0,0,0,0,1,-0.18678,0.01847,0,0,0,0,-0.27602,265.42,263.91,-0.004310509250429084,-0.01876788098416926,0.026435246995994754,0.06469578485599858,0.040015258439824564
2020-02-19,1,0,0,0,0,0,-0.01977,0.00213,0,0,0,0,1,-0.37102,0.01855,0,0,0,1,-0.37711,262.15,261.02,0.0007295626463925675,0.014476058825787952,0.03286871712168349,0.046231232960872504,0.05375724762892142
2020-02-20,1,0,0,0,0,0,-0.02045,0.00072,0,0,0,0,1,-0.37283,0.01687,0,0,0,1,-0.35763,260.43,260.62,-0.01187000614628142,0.033650891210817324,0.040488629379225705,0.09864781807006762,0.06768592501536563
2020-02-21,0,0,0,0,0,0,-0.03193,-0.00127,0,0,0,0,1,-0.58611,0.01839,0,0,0,1,-0.22193,260.32,257.23,0.023435986829362765,0.04199109045128813,0.0729420879333722,0.06883594809219451,0.06275421266705417
2020-02-24,0,0,0,0,0,0,-0.00548,-0.00144,0,0,0,0,1,-0.06397,0.01787,1,0,0,1,0.35972,258.15,264.2,0.02358490566037741,0.030356055995131026,-0.0005706025562993711,0.1776095556908095,0.051125989044430886
2020-02-25,0,0,1,1,1,0,0.01238,-0.00056,0,0,0,0,1,0.26393,0.01886,1,1,0,1,0.2353,262.88,269.08,-0.007380346138233906,0.022104136684010456,0.029964205321229676,0.17170375290601125,0.034023395697257985
2020-02-26,1,0,1,1,1,0,0.01156,0.00016,0,0,0,0,1,0.22147,0.01836,0,1,0,1,-0.20577,270.99,268.99,0.011199880534607631,-0.01915179571417902,0.017210483088180517,0.04289554244754723,0.024677070111252197
2020-02-27,1,0,1,1,1,0,0.01785,0.00116,0,0,0,0,1,0.33634,0.01903,1,1,1,1,1.22144,267.86,270.86,0.018271387081357338,0.02610198154479626,0.05143193264953494,0.03452078967685002,-7.352670857685428e-05
2020-02-28,1,0,1,1,1,0,0.03918,0.00323,0,0,0,0,1,0.76936,0.01765,0,1,0,0,-0.24313,272.01,276.98,0.0015629765172309185,0.03869319914608127,0.051845074717901785,0.07307868252516014,0.03522415370539811
2020-03-02,1,0,1,1,1,0,0.03015,0.00465,0,0,0,0,1,0.53813,0.01737,0,1,0,1,-0.1875,262.32,262.73,0.013066676345686368,0.03807484301840236,0.12362527675946433,-0.001597038220028324,-0.025842982105912737
2020-03-03,1,0,1,1,1,0,0.04401,0.0066,0,0,0,0,1,0.78187,0.01778,0,1,0,0,-0.00842,275.51,279.11,0.009671681612688054,0.02245608834210322,0.17661009412287831,0.010301637886311221,0.03372118876454455
2020-03-04,1,0,1,1,1,0,0.04167,0.00831,0,0,0,0,1,0.68907,0.01613,0,1,0,1,-0.37312,269.86,272.47,0.005802707930367523,0.08869351151749583,-0.017583963425356064,-0.03488658343590656,0.0013363812203270875
2020-03-06,1,0,1,1,1,1,0.06317,0.01314,0,0,1,0,0,0.88967,0.01537,0,1,0,0,-0.47491,284.35,286.0,-0.005371111351429314,0.1445874337623012,0.014383043149129193,0.0019105295411123713,0.0038571068094155336
2020-03-09,1,0,1,1,1,0,0.03309,0.01408,0,0,0,0,0,0.40063,0.01742,1,1,0,0,0.27378,277.41,275.92,0.0018122390861137205,-0.09598394873952287,-0.08905860651758835,-0.11216465486553828,-0.11239118475130261
2020-03-11,1,0,1,1,0,0,0.01809,0.01424,0,0,0,0,0,0.20585,0.01828,0,0,0,0,-0.23468,309.01,309.57,0.009698858396667287,-0.10516106464845631,-0.1252901707635069,-0.12131522879765966,-0.11387413743759345
2020-03-12,1,0,1,1,0,0,0.02102,0.01403,0,0,1,0,0,0.24964,0.0171,0,0,0,0,-0.26289,314.47,317.52,0.009759624073739648,0.01749502982107365,-0.01449484908729437,0.012868245075004614,0.008024579793963538
2020-03-13,1,0,1,1,0,0,0.03217,0.01436,0,0,0,0,0,0.41618,0.01607,1,1,1,1,1.64452,276.65,279.35,0.006545766713166534,-0.016096147655327853,-0.018385377544085535,-0.018242300676038048,-0.0007511535572485295
2020-03-16,1,0,1,1,1,0,0.03813,0.01504,0,0,0,0,0,0.48798,0.0149,0,1,0,0,-0.29951,279.57,281.4,0.00017765776009093237,-0.03126776577600909,-0.012436043206367264,-0.03357731665719155,-0.008314383172256856
2020-03-17,1,0,1,1,1,0,0.0369,0.01568,0,0,0,0,0,0.44663,0.01428,0,1,0,0,-0.32264,281.44,281.49,-0.020998683133430784,-0.023276506388582474,-0.023561234295476408,-0.03349112004840382,-0.008328291276648914
2020-03-18,1,1,1,1,1,0,0.01272,0.01525,0,0,0,0,0,0.01579,0.0158,0,1,0,1,-0.04506,280.97,275.07,-0.00901424832800235,0.010250072695551005,0.004361733061936546,-0.024462052922361255,0.018973538819424096
2020-03-19,1,1,0,1,0,0,0.00363,0.01413,0,0,0,0,1,-0.20196,0.01488,0,1,0,1,-0.28739,275.12,272.64,0.010159384547428818,0.009864909633010566,0.031435197114145774,0.026834026576360914,0.03975411344646074
2020-03-20,1,1,0,1,0,0,0.00981,0.01327,0,0,0,0,1,-0.17107,0.01509,0,1,0,1,-0.22197,271.67,274.43,0.013307083743482995,0.007400926027197441,0.0006562397462539504,0.03806190528273001,0.016989317875241383
2020-03-23,1,1,1,1,0,0,0.02182,0.0131,0,0,0,0,1,0.10392,0.01518,1,1,0,0,0.04789,274.29,277.94,-0.014830508474576232,0.0062122953174372775,-0.02330508474576276,0.0,0.0010772766446420778
2020-03-24,1,1,0,1,0,0,0.00828,0.01248,0,0,0,0,1,-0.33596,0.01613,0,0,0,1,-0.02377,278.48,274.35,0.005897342555515106,-0.0008372770294865495,-0.01143065161994894,-0.0015289406625410562,0.013505642519111793
2020-03-25,1,1,0,1,1,0,0.0149,0.01207,0,0,0,0,1,-0.16709,0.01572,0,1,0,1,-0.17674,274.7,276.32,0.01352768835678364,-0.01620428979636135,-0.029225594097008867,0.007921293449560496,0.0035808586826777677
2020-03-26,1,1,1,1,1,0,0.02801,0.01236,0,0,0,0,1,0.30145,0.01687,1,1,0,1,0.34241,276.47,280.21,-0.02330794961212712,-0.03366308447797306,-0.007330439114653808,-0.007650701017721029,-0.009180841221265279
2020-03-27,1,1,0,1,1,0,0.00668,0.0118,0,0,0,0,1,-0.47952,0.01686,1,1,0,1,0.16239,281.02,274.47,-0.011304980007270093,-0.0243911304980009,0.035005452562704376,0.015485278080697995,0.008433296982915284
2020-03-30,1,1,0,1,0,0,-0.00232,0.01064,0,0,0,0,1,-0.7628,0.01711,1,0,0,1,0.01202,275.1,271.99,-0.0023878623121853515,0.024797031703464256,0.02303368722677357,0.025311340509165836,0.025090922449579445
2020-03-31,1,1,0,1,0,0,-0.00375,0.00942,0,0,0,0,1,-0.72575,0.01659,0,0,0,1,-0.30908,272.21,271.56,0.0227887656720398,0.08505773408025608,0.04523455660988507,0.06181166876262334,0.058915437673868976
2020-04-02,1,1,0,1,0,0,-0.01038,0.00731,0,0,0,0,1,-0.83695,0.01722,0,0,0,1,-0.21339,262.41,268.39,0.00010755386656136068,-0.0016133079984225196,-0.0009679847990534673,0.005055031728390613,-0.011400709855519331
2020-04-03,1,1,0,1,0,0,-0.0001,0.00654,0,0,0,0,1,-0.47896,0.01738,0,0,0,1,-0.03864,278.93,278.96,-0.004510174113698251,-0.04104608069365778,-0.024998251870498533,-0.012411719460177495,-0.03132648066568766
2020-04-06,1,1,0,1,1,0,0.00406,0.00613,0,0,0,0,1,-0.27101,0.01754,0,1,0,0,-0.38691,286.02,284.73,-0.006670233636525746,-0.006028179061886907,-0.0035313001605137284,-0.00499375780274669,0.014160870340645504
2020-04-08,1,1,1,1,1,0,0.01217,0.0061,0,0,0,0,1,0.10979,0.01547,0,1,0,0,-0.36236,280.35,278.48,-0.002618181818181964,0.014072727272727237,0.014909090909090983,0.013745454545454505,0.008545454545454634
2020-04-09,1,1,1,1,1,0,0.01989,0.00661,0,0,0,0,1,0.43617,0.01499,0,1,0,0,-0.25972,275.0,274.28,0.0013655311197358078,0.0038809831824062613,0.0012577260313353378,0.000467155383067519,-0.004132528388673173
2020-04-13,1,1,1,1,1,0,0.01921,0.00744,0,0,0,0,1,0.54614,0.01294,0,1,0,1,-0.4032,278.28,278.66,-0.0014680607275850965,-0.0006445144657689639,0.0037954740761958483,-0.006516757376110016,0.08704525923804063
2020-04-14,1,1,1,1,1,0,0.01918,0.00782,0,0,0,0,1,0.64992,0.01179,0,1,0,1,-0.17746,279.28,278.87,0.0013979997849231651,-0.0012187690432664544,0.012546151915976633,-0.0018998458615623326,0.0020790766032188213
2020-04-15,1,1,1,1,1,0,0.02013,0.00822,0,0,0,0,1,0.6633,0.01033,0,1,0,0,-0.11019,278.97,279.36,-0.00021493050580312367,0.004226966614127914,-0.0007522567703110994,-0.0062329846682905865,-0.0008239002722453259
2020-04-16,1,1,1,1,1,0,0.01842,0.0085,0,0,0,0,1,0.55928,0.00878,0,1,0,0,-0.17757,279.16,279.1,-0.00035877013597396257,0.01341800308542318,0.00017938506798675924,0.001112187421518973,0.007390664801061986
2020-04-17,1,1,1,1,1,0,0.01604,0.00862,0,0,0,0,1,0.43991,0.00823,0,1,0,1,-0.37516,278.73,278.63,0.004047132982343049,-0.0009311987393001431,-0.0028652268901542266,-0.004799255041008421,0.0037606102933276375
2020-04-20,1,1,1,1,1,1,0.02138,0.00897,0,0,1,0,1,0.66942,0.0085,1,1,0,0,0.02752,279.21,280.34,0.007059075189846498,-0.006096474027594723,-0.010802524154158943,-0.016898998181753444,-0.002246069378587401
2020-04-21,1,1,1,1,1,1,0.02797,0.00964,0,0,1,0,1,0.8628,0.00836,0,1,0,0,-0.0343,280.49,282.47,-0.011411560406846988,-0.013325300350852332,-0.013218981465074275,-0.018109650210865857,-0.008647269376616973
2020-04-22,1,1,1,1,0,0,0.01455,0.00967,0,0,1,0,1,0.33655,0.00826,1,0,0,0,0.24678,282.17,278.95,-0.0020404510470737325,-0.006765706103454616,-0.006908895650617475,0.017791301235009715,-0.007947019867549754
2020-04-23,1,1,1,1,0,0,0.01338,0.00953,0,0,1,0,1,0.32854,0.00756,0,0,0,0,-0.24036,279.35,278.78,-0.0016853126792885087,-0.0015777395295467622,0.0005737234652898326,-0.005486230636832956,-0.006526104417670653
2020-04-24,1,1,1,1,0,0,0.01156,0.0093,0,0,0,0,1,0.2477,0.0073,0,0,0,0,-0.16589,278.88,278.41,-0.003376436781609149,-0.003520114942528574,-0.0019037356321838228,-0.004561781609195292,-0.0045977011494251485
2020-04-27,1,1,1,1,0,0,0.00779,0.00889,0,0,0,0,1,0.07529,0.00712,1,0,0,0,0.10273,278.4,277.46,0.003930052280511909,0.006093383811069053,-0.00576888408148557,0.09460969893636184,-0.0016946096989364223
2020-04-28,1,1,1,1,0,0,0.0109,0.00864,0,0,0,0,1,0.18569,0.00677,0,0,0,0,-0.0529,277.35,278.44,-0.0025168991802099194,-0.0008988925643607093,-0.003811304472889354,0.005141665468143319,-0.0006831583489140813
2020-04-29,1,1,0,1,0,0,0.00691,0.00825,0,0,0,0,1,-0.0155,0.00656,0,0,0,0,-0.18159,278.12,277.42,0.005658269362453616,-0.006198868346127595,0.024687353587775185,0.00526183010775938,0.0072079864489855705
2020-04-30,1,1,1,1,1,0,0.01228,0.00813,0,0,0,0,1,0.23527,0.00668,1,0,0,0,0.22569,277.47,279.04,-0.003978779840848823,-0.006882213778765522,-0.0058427127392644,0.00648792028102374,0.012796616244892034
2020-05-01,1,1,0,1,0,0,0.00772,0.00783,0,0,0,0,1,-0.1024,0.00669,1,0,0,0,0.16592,278.98,277.87,-0.004368861929520462,0.026574234546504982,0.0006138070479491109,0.011915077989601341,-0.06596620450606583
2020-05-04,1,1,0,1,0,0,3e-05,0.00714,0,0,0,0,1,-0.80423,0.00719,0,0,0,0,-0.05924,276.96,275.75,0.00518811450132417,0.006240249609984483,0.1014403366832346,0.015346660378042998,-0.04128723288466418
2020-05-05,1,1,0,1,0,0,0.00459,0.0067,0,0,0,0,1,-0.48791,0.00734,1,0,0,0,0.06965,275.63,277.06,-0.003784162578836625,-0.02897687456201814,-0.020497547302032126,-0.019866853538892615,0.0026979677645411204
2020-05-06,1,1,0,1,1,0,0.00769,0.00648,0,0,0,0,1,-0.20954,0.00728,0,1,0,1,-0.06069,285.4,284.32,-0.0023740153231897043,0.09201107873817493,0.0033092334808100254,-0.003165353764253087,-0.015682889104708497
2020-05-07,1,1,0,1,0,0,0.00512,0.00618,0,0,0,0,1,-0.42508,0.00733,0,0,0,0,-0.01286,278.01,277.35,-0.005133543940264218,0.0035539919586444757,0.008005456634118335,-0.005384836300976414,-0.0020103388856979043
2020-05-08,1,1,0,1,0,0,0.00453,0.00585,0,0,0,0,1,-0.4406,0.00684,0,0,0,1,-0.14647,278.56,277.13,-0.01922207146087762,-0.0988886735155392,-0.09459197518899021,-0.10473605995994062,-0.12928862182593537
2020-05-11,1,1,0,1,1,0,0.00846,0.00576,0,0,0,0,1,-0.01012,0.00663,0,1,0,1,-0.09326,309.54,303.59,-0.0021417097983221778,0.0022844904515439968,-0.001035159735855662,-0.011672318400856585,0.059396751740139475
2020-05-13,1,1,1,1,1,0,0.01144,0.00616,0,0,0,0,1,0.34468,0.00627,0,0,0,1,-0.14839,280.15,279.55,-0.0011816944782638839,0.0035808923583757757,0.0016830194084367367,-0.0047625868366396595,0.02238057723984821
2020-05-14,1,1,1,1,1,0,0.00884,0.0061,0,0,0,0,1,0.13616,0.0061,0,0,0,1,-0.09911,279.26,278.93,0.006596164187130382,0.0032622333751568533,-0.006524466750313707,0.001864133357232678,0.02634880803011308
2020-05-15,1,1,1,1,1,0,0.01494,0.00634,0,0,0,0,1,0.69514,0.00623,1,1,0,1,0.35396,278.95,280.79,-0.0015319391499519774,-0.0034201432184971514,-0.012932416544942815,0.006626527485838585,0.021447148099326574
2020-05-18,1,1,1,1,1,0,0.01251,0.00647,0,0,0,0,1,0.52662,0.00611,0,1,0,1,-0.12216,280.69,280.26,-0.0013203440031402947,-0.011062341647932183,-0.01109802662098991,-0.0768654319665989,0.02251721799950035
2020-05-19,1,1,1,1,0,0,0.01063,0.00647,0,0,0,0,1,0.52489,0.0059,1,0,0,1,0.02424,280.23,279.86,-0.0017130009635628607,-0.011241568823382342,-0.011883944184718498,-0.05695728203847106,0.03061989222368955
2020-05-20,1,1,1,1,1,0,0.00976,0.00642,0,0,0,0,1,0.45044,0.00568,0,0,0,1,-0.16052,280.21,279.73,-0.009790259763461595,-0.009825990638510751,-0.006931789759531237,0.02251045128095197,0.029227855790188384
2020-05-21,1,1,0,1,0,0,0.00036,0.00589,0,0,0,0,1,-0.49274,0.0062,1,0,0,1,0.04441,279.87,277.13,-0.0006853020739404636,-0.0013345356176736045,0.008007213706041627,-0.01298467087466193,0.0359603246167719
2020-05-22,1,1,0,1,0,0,0.0001,0.00533,0,0,0,0,1,-0.48087,0.00558,0,0,0,1,-0.14821,277.25,277.06,0.0014455044810637308,0.004372651055218224,0.02106822781150619,0.004625614339404338,0.03552327262214505
2020-05-25,1,1,0,1,0,0,0.0003,0.00484,0,0,0,0,1,-0.44858,0.0051,0,0,0,1,-0.01999,276.72,277.12,0.0004335886688828783,0.009791877438936503,-0.06529122705593293,-0.02615984968926144,0.03663824252059533
2020-05-26,1,1,0,1,0,0,-0.00054,0.00435,0,0,0,0,1,-0.49259,0.005,1,0,0,1,0.10269,276.76,276.88,0.00459047205956753,0.021289669630593533,-0.044856502566327006,0.07276078941661246,0.04644690233499582
2020-05-27,1,1,0,1,0,0,0.00312,0.00411,0,0,0,0,1,-0.13821,0.00525,1,0,0,1,0.23875,276.66,277.93,0.004348451088909799,-0.07032990728096022,0.02842665133328559,0.02605476892115277,0.03942356069862729
2020-05-28,1,1,1,1,1,0,0.00834,0.00418,0,0,0,0,1,0.38918,0.0056,0,1,0,1,-0.06958,278.26,279.47,0.00903506892364847,-0.056317405899578565,-0.022748375116063202,0.022426969502178595,-0.08799371473466178
2020-05-29,1,1,1,1,1,1,0.01867,0.00481,1,0,0,0,1,1.15677,0.00604,1,1,0,1,0.36956,280.02,282.55,-0.002621737286501946,0.10332729305625166,0.07182789065813311,0.10540926090141478,0.018891930446852
2020-06-01,1,1,1,1,1,1,0.01945,0.00545,1,0,0,0,1,1.09631,0.00544,1,1,0,1,0.09424,259.37,258.69,-0.016231711403149607,0.018763262722906626,0.0033878113249692365,0.06675105171065865,0.06652767953538596
2020-06-02,1,1,1,1,1,1,0.02188,0.00617,1,0,0,0,1,1.10455,0.00556,1,1,0,1,0.13745,268.61,264.25,0.0007693652736493473,-0.027802063297779345,0.03790872530162637,0.009931806259835696,-0.04965903129917815
2020-06-03,1,1,1,1,1,1,0.02819,0.00714,1,0,1,0,1,1.2366,0.00595,1,1,0,1,0.06642,285.95,286.17,0.005326965466568634,-0.009845701689933928,0.04889786921381334,0.05822924320352696,0.02351212343864817
2020-06-04,1,1,1,1,1,0,0.02267,0.00778,0,0,0,0,1,0.85778,0.00608,0,1,0,1,-0.12499,272.2,273.65,0.003465203580710341,0.07128934449898927,0.033424776205602136,0.036745596303782824,0.03349696794686685
2020-06-05,1,1,1,1,1,0,0.02035,0.00821,0,0,0,0,1,0.69864,0.00619,0,1,0,1,-0.26863,277.04,278.0,-0.027880973850315627,0.029792605951307394,0.03412082957619478,0.033543733092876504,0.024021641118124437
2020-06-08,1,1,1,1,1,0,0.02009,0.00857,0,0,0,0,1,0.64997,0.00615,0,1,0,1,-0.09561,277.25,269.52,-0.005062018102581223,-0.0402279584311096,-0.03942339926248739,-0.03821656050955424,-0.041200134093194785
2020-06-10,1,1,1,1,0,0,0.02055,0.00917,0,0,1,0,0,0.62011,0.00559,0,0,0,0,-0.16466,298.3,296.79,-0.005849785856053558,-0.0016713673874438895,0.005571224624812965,0.008078275705978522,-0.009366621400466624
2020-06-16,1,1,1,1,1,0,0.01889,0.01003,0,0,1,0,0,0.4675,0.0069,0,1,0,0,-0.04592,287.19,285.51,0.0027669783895485356,0.003607579419284912,0.008896360898042133,0.013029315960912058,-0.00441315540611531
2020-06-17,1,1,1,1,1,0,0.02084,0.01024,0,0,1,0,0,0.52479,0.00687,1,1,0,0,0.03704,285.51,286.3,0.0007329842931935726,0.00799301919720774,0.0025130890052356136,-0.10862129144851662,-0.006841186736474603
2020-06-18,1,1,1,1,1,0,0.0214,0.01047,0,0,0,0,0,0.53468,0.00617,0,1,0,0,-0.17363,286.5,286.71,-0.0002791152048007284,0.0049891842858140745,-0.00024422580420069284,-0.07797781034121842,-0.014060428441839523
2020-06-19,1,1,1,1,1,0,0.01997,0.01062,0,0,0,0,0,0.47158,0.00613,0,1,0,0,-0.14435,286.62,286.54,0.006657836029001718,0.0011851645287228596,6.971556051293959e-05,-0.0013943112102620114,-0.017568321249302965
2020-06-22,1,1,1,1,1,1,0.02685,0.01106,0,0,0,0,0,0.77452,0.00642,1,1,0,0,0.10327,286.88,288.79,-0.0011443234620985843,-0.006345793744365058,0.003918440945974044,-0.05766696719606079,-0.017789028365351234
2020-06-23,1,1,1,1,1,0,0.02325,0.01136,0,0,0,0,1,0.64552,0.00612,0,1,0,1,-0.22547,288.38,288.05,-0.004505753500623766,-0.005614862054623582,0.002460834604187001,-0.03438236517399129,-0.017884375433245392
2020-06-24,1,1,1,1,1,0,0.01949,0.01142,0,0,0,0,1,0.48745,0.00596,1,0,0,0,0.17769,288.52,287.22,-0.0021937460825962596,0.008113378368967084,-0.11073194512152662,-0.002994637509575959,-0.020649070269517344
2020-06-25,1,1,1,1,0,0,0.01643,0.0113,0,0,0,0,1,0.31374,0.00594,0,0,0,0,-0.20537,287.18,286.55,0.000662690523525411,0.008789369048864737,-0.07826723867322383,-0.009765965609849547,-0.02556590282864213
2020-06-26,1,1,1,1,1,0,0.01696,0.01118,0,0,0,0,1,0.38092,0.00589,0,0,0,1,-0.1879,286.71,286.9,0.008745644599303048,-0.11017421602787458,-0.0018118466898954244,-0.0034494773519163635,-0.024912891986062613
2020-06-29,1,1,1,1,1,1,0.02516,0.01146,1,0,0,0,1,1.05706,0.00635,1,0,0,0,0.01324,287.0,289.51,-0.0027583353446193337,-0.08881839809674863,-0.06302796262455601,-0.019066993069682403,-0.035444609178360786
2020-06-30,1,1,1,1,1,0,0.0232,0.0117,0,0,0,0,1,0.85581,0.00647,1,0,0,0,0.0956,290.03,289.23,-0.009617621965407608,0.11099045993950196,0.08043124175909422,0.10234235631738153,0.07069727759249189
2020-07-01,1,1,1,1,1,1,0.0281,0.01212,1,0,1,0,1,1.10083,0.00642,1,1,0,1,0.10666,257.86,255.38,-0.0011339154099104798,0.027138375477189447,0.08220886721850551,0.07548096911970381,0.04788902747855017
2020-07-02,1,1,1,1,1,0,0.0248,0.0124,0,0,0,0,1,0.82217,0.00593,0,1,0,0,-0.00494,264.57,264.27,-0.00813627393276306,-0.035418758439220155,-0.01703424159540201,-0.02160440397465635,-0.015060762386178594
2020-07-07,1,1,0,1,0,0,0.00926,0.01182,0,0,0,0,1,-0.23965,0.00577,1,0,0,0,0.12006,288.83,286.48,0.007638399644035676,0.06166339130112353,0.060513923393525904,0.045051726055841845,0.04883384626793741
2020-07-08,1,1,0,1,0,0,-0.00336,0.01064,0,1,0,0,0,-1.03382,0.00681,1,0,0,0,0.17017,269.69,271.75,0.016306132127092976,0.035676503848539154,0.03782876737314411,0.03326888702440445,0.11093276912413819
2020-07-09,1,1,0,1,0,0,0.00185,0.00968,0,0,0,0,1,-0.72515,0.0071,1,0,0,0,0.0751,274.13,278.6,-0.0022650451266683636,-0.003345297417848725,-0.00947834268390435,-0.012579712165034729,-0.060528975154197306
2020-07-13,1,1,0,1,0,0,0.00796,0.00892,0,0,0,0,1,-0.27183,0.00705,1,0,0,0,0.04371,286.97,286.32,-0.00803605744034086,-0.005974634009992541,-0.00583487648929093,-0.01732993256699622,-0.041962195590650175
2020-07-14,1,1,0,1,0,0,-0.0005,0.00811,0,0,0,0,0,-0.80611,0.00736,0,0,0,1,-0.03603,286.21,283.91,0.008177940709929832,0.001973985688603852,-0.003877471888328876,-0.015192639853361056,-0.032817512073037514
2020-07-15,1,1,0,1,1,0,0.00662,0.00767,0,0,0,0,0,-0.30744,0.00771,1,1,0,1,0.1115,283.69,286.01,-0.0052099723766565464,-0.005070107346410668,-0.01451099688800317,-0.02146928214273225,-0.0187768803105004
2020-07-16,1,1,0,1,1,0,0.00126,0.00705,0,0,0,0,0,-0.61001,0.00807,1,0,0,0,0.29133,285.99,284.5,-0.0013350665776622472,-0.007167199522186807,-0.004848399676773307,-0.01714506552366224,-0.007061799529213375
2020-07-17,1,1,0,1,0,0,0.00036,0.0064,0,0,0,0,0,-0.61465,0.0076,0,0,0,1,-0.33976,284.63,284.25,0.0017955849734183627,-0.007710453121149152,-0.0023589057493925703,-0.027954793507728004,-0.012921170298911933
2020-07-20,1,1,0,1,0,0,0.00133,0.00586,0,0,0,0,0,-0.49943,0.00745,0,0,0,0,-0.11106,284.03,284.54,-0.006049734444796284,-0.003728324715979059,-0.01076289965178856,-0.024867222398086586,-0.025218951144877155
2020-07-21,1,1,0,1,0,0,-0.00532,0.00503,0,0,0,0,0,-0.7992,0.00747,0,0,0,1,-0.12522,284.31,282.59,-0.0010633019068547744,0.004324094421209512,-0.009782377543063658,0.008293754873467174,-0.034911745941730965
2020-07-23,1,1,0,1,0,0,-0.00742,0.00338,0,0,0,0,0,-0.74846,0.00744,0,0,0,0,-0.08911,282.14,281.84,0.0049315262896472145,-0.0021641949904208646,-0.007131199886468376,0.003547860640034095,-0.006953806854466893
2020-07-24,1,1,0,1,0,0,-0.00236,0.0029,0,0,0,0,0,-0.4605,0.00773,1,0,0,1,0.17315,281.86,283.25,0.0013782379757572016,-0.012686857264021079,-0.011379298158815554,0.07622716188995304,-0.007774675760681471
2020-07-27,1,1,0,1,0,0,-0.00189,0.00251,0,0,0,0,0,-0.39901,0.00711,1,0,0,0,0.04598,282.97,283.36,-0.007306226175349373,-0.012247635182832006,-0.02551884794578574,-0.04842580827333043,-0.04517859663984192
2020-07-28,1,1,0,1,0,0,-0.00896,0.00177,0,0,0,0,0,-0.69096,0.00662,1,0,0,1,0.31825,283.32,281.25,-0.008200504100252082,-0.0068870034435016825,-0.015797507898753893,-0.026589513294756673,-0.04011502005751011
2020-07-29,1,1,0,0,0,0,-0.01495,0.00072,0,0,0,0,0,-0.9288,0.00685,1,0,0,1,0.04865,281.69,279.38,0.0016464440387988777,-0.011811446365295852,0.018218261211926157,-0.017931923118221782,-0.027524249257310562
2020-07-30,0,1,0,0,0,0,-0.01278,-0.0001,0,0,0,1,0,-0.79158,0.00646,1,1,0,0,0.36327,279.39,279.85,-0.002602681118083372,-0.011551625784369635,0.008485453508271457,0.0004991443240158766,-0.0822162007986309
2020-07-31,0,1,0,0,0,0,-0.01262,-0.00084,0,0,0,1,0,-0.75477,0.0066,0,0,0,1,-0.2117,280.48,279.75,0.0020324465575436435,0.03248285123217087,0.10528799041846648,0.025732225166043676,0.010597757050049061
2020-08-04,0,1,0,0,0,0,-0.01608,-0.00215,0,0,0,1,0,-0.89873,0.00624,1,0,0,0,0.037,275.53,276.09,7.214486689255395e-05,0.020344852463747065,-0.02748719428612656,0.011326744102157171,0.004328692013563229
2020-08-05,0,1,0,0,0,0,-0.02005,-0.00315,0,0,0,1,0,-0.9898,0.0063,1,0,0,1,0.05181,277.22,277.24,0.00010546669010391696,0.07062752680611717,-0.036034452452100574,-0.02569871682193703,-0.00031640007031108475
2020-08-06,0,1,0,0,0,0,-0.0452,-0.00569,0,1,0,1,0,-1.55252,0.00846,1,0,0,1,0.63981,284.45,284.48,-0.014734055522658274,-0.06092166219652362,-0.044271831133094075,-0.05155177818802448,0.0010449684767843692
2020-08-07,0,1,0,0,0,0,-0.03589,-0.00728,0,1,0,1,0,-1.06952,0.00898,1,0,0,0,0.12524,287.09,282.86,0.0057795832094851285,-0.09442187654810275,-0.0732190627167344,-0.07559694838006548,-0.039400244393804296
2020-08-10,0,1,0,0,0,0,-0.03357,-0.0086,0,0,0,1,0,-0.90245,0.00878,0,0,0,1,-0.25964,302.79,304.54,-0.0019250703391084922,0.015770768547312297,0.04627572930549384,0.03942692136828074,0.1520065156226862
2020-08-13,0,1,0,0,1,0,-0.03801,-0.01236,0,0,0,1,0,-0.8139,0.00933,0,0,0,1,-0.20883,270.12,269.6,0.015179563124768425,0.03894853757867445,0.03798593113661597,0.0015549796371712166,0.08800444279896324
2020-08-14,0,1,0,0,1,0,-0.02077,-0.01223,0,0,0,0,0,-0.3388,0.0102,1,0,0,1,0.14305,270.1,274.2,0.0028875324390511548,0.0330055923096606,0.012975620453963943,-0.011696333930333647,0.08015643846631826
2020-08-17,0,1,0,0,1,0,-0.01935,-0.01221,0,0,0,0,0,-0.28381,0.00984,0,0,0,0,-0.02946,273.59,274.38,0.021364877161055507,0.020418562329390433,-0.008953594176524082,-0.011101000909918168,0.08189262966333022
2020-08-18,0,1,1,0,1,0,0.00284,-0.01064,0,0,0,0,0,0.36595,0.01078,1,1,1,0,2.63956,274.75,280.62,0.006553173302942028,-0.01296388631668921,-0.0031341263622765014,-0.08319680888952186,0.06417836028207158
2020-08-19,0,1,1,1,1,0,0.00959,-0.009,0,0,0,0,0,0.56947,0.01132,0,1,0,1,-0.14111,280.78,282.62,-0.008522827739859129,-0.037061923117728046,-0.007072886091169517,-0.015277433956926045,0.056972097464370375
2020-08-20,0,1,1,0,1,0,0.00146,-0.00812,0,0,0,0,0,0.3489,0.01203,0,1,0,1,-0.40001,282.77,280.36,-0.009117236940898943,0.000750831277485764,-0.03278629911687947,-0.0045407415352711755,0.06707426078873024
2020-08-21,0,1,1,0,1,0,-0.00966,-0.008,0,0,0,0,0,0.04668,0.01306,0,1,0,1,-0.30781,279.69,277.14,-0.01693263051483862,0.013683298433099678,-0.02379233157628724,0.026644523070257664,0.05455267528341379
2020-08-24,0,1,0,0,0,0,-0.02596,-0.00892,0,0,0,0,0,-0.44225,0.01405,0,1,0,1,-0.01258,276.98,272.29,0.027231356429829656,-0.007193188490898561,-0.002862595419847458,0.05471961244862,0.062059600704638784
2020-08-25,0,1,1,0,0,0,0.00122,-0.00778,0,0,0,0,0,0.44223,0.01588,1,1,0,1,0.49995,272.48,279.9,0.004651662074641072,-0.03249007049057162,-0.07889934518910802,0.04075571617704932,0.024081296740258162
2020-08-26,0,1,1,0,0,0,0.00416,-0.00678,0,0,0,0,0,0.52708,0.01422,0,1,0,1,-0.19848,279.47,280.77,-0.03447783567706486,-0.030266257405953345,-0.006174602041544741,0.11064315796987656,0.02969519594546366
2020-08-27,0,1,0,0,0,0,-0.03127,-0.00825,0,0,0,0,0,-0.58121,0.01675,1,0,0,0,2.55151,280.18,270.52,0.00011096316023073705,-0.047862109779553186,0.029812102382009265,0.08695812990087282,0.06173250480840364
2020-08-28,0,1,0,0,0,0,-0.03052,-0.0093,0,0,0,0,0,-0.53804,0.01676,0,0,0,0,-0.43218,270.36,270.39,0.004770533634111063,0.02973262823120426,0.05158832883399267,0.09285899190118685,0.06919122813505418
2020-08-31,0,1,0,0,0,0,-0.02484,-0.00986,0,0,0,0,0,-0.35236,0.0165,0,0,0,1,-0.39142,270.41,271.7,-0.0011252958752083764,0.08036164681230851,0.11516821233169061,0.15342827208878207,0.12486903884210943
2020-09-01,0,1,0,0,0,0,-0.01954,-0.01004,0,0,0,0,0,-0.18003,0.01728,0,0,0,1,-0.26566,257.71,257.42,-0.026704883078751407,-0.006047048131706645,0.016673074906498053,0.044426579048551185,-0.08738508860847982
2020-09-03,0,1,1,0,1,0,-0.00845,-0.00878,0,0,0,0,0,0.12764,0.0177,0,1,0,1,-0.32278,286.09,278.45,0.009024027833146153,0.04153227267785309,0.12774979161381506,0.08317326858261143,-0.004385170151850026
2020-09-04,0,1,0,0,1,0,-0.01379,-0.0088,0,0,0,0,0,-0.08543,0.01808,0,1,0,0,-0.362,275.93,278.42,0.005658508982883115,0.02864620172584531,0.039291271749893886,0.055488753713396566,0.00816947234403731
2020-09-07,0,1,1,0,1,0,0.00167,-0.00774,0,0,0,0,0,0.39893,0.01744,0,1,0,0,-0.18959,282.76,284.36,-0.002152703031144787,0.08044859553487727,0.026075483490156648,0.014166174785597674,-0.0029512864136660433
2020-09-09,0,1,1,1,1,1,0.03074,-0.0029,1,0,0,0,0,1.01023,0.01804,0,1,0,0,-0.53194,288.01,287.39,0.00950992641954751,0.019956962376787457,0.0316881854782729,0.004407885603220807,-0.055844786894349685
2020-09-10,0,1,1,1,1,1,0.04143,-0.00028,1,0,0,0,0,1.11863,0.01787,0,1,0,0,-0.40432,288.12,290.86,0.02479828750205848,-0.026774246665568935,-0.01597233657171071,-0.05746747900543381,0.10584554585871908
2020-09-11,1,1,1,1,1,1,0.05218,0.00264,1,0,1,0,0,1.14627,0.01765,0,1,0,1,-0.37113,303.65,311.18,-0.0021053346463377753,0.009372134877245308,0.014907127576488044,-0.020340249244456543,0.02638459710007135
2020-09-14,1,1,1,1,1,0,0.04791,0.00506,0,0,0,0,0,0.93541,0.01544,0,1,0,1,-0.47248,294.49,293.87,0.004794124647240716,0.015946414606779813,0.014756383665975203,-0.02400462412022708,0.02570466832137641
2020-09-15,1,1,1,1,1,1,0.05157,0.00742,0,0,0,0,0,0.90212,0.0156,0,1,0,0,-0.368,294.11,295.52,0.003680443003781564,0.009184224743381764,-0.013742571582928353,-0.023770934629929852,-0.0017220421393843166
2020-09-16,1,1,1,1,1,1,0.05534,0.00973,0,0,1,0,0,0.87809,0.01352,1,1,0,1,0.91208,296.16,297.25,0.004775035308359765,0.00359808998587674,-0.026867980361826693,-0.025186629901136626,0.007633331091532636
2020-09-17,1,1,1,1,1,1,0.05832,0.01197,0,0,1,0,0,0.83903,0.01354,0,1,0,1,-0.2797,297.38,298.8,-0.00023415286837258353,-0.022946981100518515,-0.04264927245358752,-0.12664325137982946,0.005619668840943337
2020-09-18,1,1,1,1,1,1,0.05618,0.01393,0,0,1,0,0,0.74366,0.01345,0,1,0,0,-0.53832,298.95,298.88,-0.0020730932557595505,-0.03236700438024542,-0.03534289631190024,-0.08141906577055524,-0.009496104590898335
2020-09-21,1,1,1,1,1,0,0.0524,0.01552,0,0,1,0,0,0.64944,0.01284,0,1,0,0,-0.43073,299.07,298.45,-0.022456492637215608,-0.04216867469879526,-0.039323962516733646,-0.04595046854083007,-0.011345381526104426
2020-09-22,1,1,1,1,0,0,0.02876,0.01598,0,0,1,0,0,0.31756,0.01327,1,1,0,1,0.20328,298.8,292.09,-0.008395010964912242,-0.011444627192982337,-0.009320175438596423,-0.016036184210526105,0.025836074561403688
2020-09-23,1,1,1,1,0,0,0.01849,0.01565,0,0,0,0,0,0.17039,0.01387,0,0,0,1,-0.33272,291.84,289.39,-0.010407662252342575,-0.007468621416963361,0.0023512326683032825,-0.059403201825663055,0.050205732858476626
2020-09-24,1,1,0,1,0,0,0.00697,0.01472,0,0,0,0,0,-0.01829,0.01466,1,0,0,1,1.53638,289.21,286.2,0.008423922541857642,0.010591072739347895,-0.08738508860847982,0.17372155615365803,0.06546890838547315
2020-09-25,1,1,1,1,0,0,0.01446,0.01405,0,0,0,0,0,0.0559,0.01379,0,0,0,0,-0.1383,286.09,288.5,-0.001391546355887896,0.00848843277091671,-0.044285962776134835,0.05152200382675254,0.05983649330318319
2020-09-28,1,1,0,1,0,0,0.009,0.01329,0,0,0,0,0,-0.07038,0.0118,0,0,0,1,-0.36631,287.45,287.05,0.009320998429045213,-0.08853203002269161,-0.004817594693663829,0.05313318205620532,0.08535521033339144
2020-09-29,1,1,1,1,0,0,0.01562,0.01284,0,0,0,0,0,0.00488,0.01189,1,0,0,1,0.9664,286.45,289.12,0.0011050868529198787,-0.05128293676831153,-0.008322685361052518,0.02099665020547703,0.07183064543979012
2020-09-30,1,1,1,1,1,0,0.0176,0.01259,0,0,0,0,0,0.01611,0.01124,0,1,0,0,-0.31542,289.57,289.89,0.015282314512365724,0.10853165344532578,0.057823922849587595,0.16522787369730896,0.20629180276870418
2020-10-01,1,1,1,1,1,0,0.02874,0.01288,0,0,0,0,0,0.2246,0.01076,0,1,0,0,-0.2859,257.16,261.09,0.03734471170184661,0.08431824189102466,0.26794547445531114,0.13518105954763437,0.05426122418155055
2020-10-02,1,1,1,1,1,0,0.04488,0.01396,0,0,0,0,0,0.63342,0.01155,1,1,0,0,0.12569,264.83,274.72,0.0009831805892059897,-0.04480494399382018,0.061343446047965156,0.04016994978756272,-0.03458688858457115
2020-10-06,1,1,1,1,1,0,0.03534,0.01571,0,0,0,0,1,0.39464,0.01175,0,1,0,1,-0.36355,284.79,285.07,0.007861855959567565,0.17854134493893015,0.05878843184051674,0.036817352239225,-0.022813421311245308
2020-10-07,1,1,1,1,1,1,0.05404,0.01692,0,0,0,0,1,0.92968,0.01315,1,1,0,0,0.4999,284.92,287.16,-0.002639780018331872,0.1081943171402382,0.0839596700274976,0.09763519706691115,0.03897341888175987
2020-10-08,1,1,1,1,1,1,0.05754,0.0184,0,0,0,0,0,0.94315,0.01382,0,1,0,1,-0.31996,272.75,272.03,0.020204168438962222,-0.08345992586741191,-0.08959713191954799,-0.07720119098256051,-0.1052743513398553
2020-10-12,1,1,1,1,1,0,0.0406,0.01932,0,0,0,0,0,0.49218,0.01432,0,1,0,0,-0.41117,329.14,335.79,0.0032194895283612635,-0.01871950612366835,-0.0021905805038335835,0.011716286634139816,0.03733944040625303
2020-10-13,1,1,1,1,1,0,0.04448,0.01986,0,0,0,0,0,0.59097,0.01373,1,1,0,0,0.15089,301.29,302.26,-0.0001988532794220399,-0.006893580353296125,-0.018228217280349956,0.009677526265203795,0.0867663142544659
2020-10-14,1,1,1,1,0,0,0.04071,0.02029,0,0,1,0,0,0.50537,0.01285,0,1,0,1,-0.41091,301.73,301.67,-0.01871950612366835,-0.0021905805038335835,-0.019516080852334916,0.03189617976036363,0.01377410468319562
2020-10-15,1,1,0,1,0,0,0.01914,0.01982,0,0,0,0,0,-0.00074,0.01407,0,0,0,0,-0.00624,301.29,295.65,0.012844346797363349,0.0012844346797362682,0.01193172215649807,0.049078925130978446,0.02396484705087021
2020-10-16,1,1,1,1,1,0,0.0316,0.01948,0,0,0,0,0,0.34229,0.0146,0,1,0,0,-0.04165,295.85,299.65,0.006865831602920425,-0.010616920088418413,0.01724830866099558,0.03895103489851959,0.013128809699243238
2020-10-19,1,1,1,1,1,0,0.03356,0.01946,0,0,0,0,0,0.41237,0.0146,0,1,0,0,-0.34539,298.58,300.63,-0.016533315626971135,-0.006075495501477346,0.011984993858105586,-0.07307194316257759,0.008233458384515835
2020-10-20,1,1,1,1,0,0,0.01769,0.01888,0,0,0,0,0,0.01876,0.01594,1,0,0,1,0.2382,301.21,296.23,-0.0030037124535943205,0.0250759365507931,0.028180897738778077,-0.07208909888626391,0.03172460344245698
2020-10-21,1,1,0,1,0,0,0.01428,0.01795,0,0,0,0,0,-0.0811,0.01537,0,0,0,1,-0.34535,296.3,295.41,0.009985830915592686,0.028338168814519893,0.04884960528979132,-0.06072464745968553,0.03171176034005785
2020-10-22,1,1,1,1,1,0,0.02679,0.01755,0,0,0,0,1,0.23731,0.01485,0,1,0,1,-0.05217,296.42,299.38,0.0188179256675165,0.02190393130283108,0.04109083590500462,-0.049443177244062775,0.02539245941231716
2020-10-23,1,1,1,1,1,0,0.04001,0.01789,0,0,0,0,1,0.61535,0.01537,0,1,0,0,-0.14005,298.12,303.73,0.003522633744855952,0.02353909465020565,0.02126748971193404,-0.03048559670781892,-0.0031604938271604377
2020-10-26,1,1,1,1,1,1,0.04195,0.01848,0,0,0,0,1,0.70103,0.01499,0,1,0,1,-0.17166,303.75,304.82,0.0019733596447950585,0.020786054925176822,-0.0817299786219372,0.027923038973852954,0.017727347475744004
2020-10-27,1,1,1,1,1,0,0.03969,0.01896,0,0,0,0,1,0.65509,0.01358,0,1,0,1,-0.42281,304.05,304.65,0.022663728166836483,0.020394065984671528,-0.09562185454425842,0.07861583500542757,0.01506529390480571
2020-10-28,1,1,1,1,1,1,0.05848,0.02003,1,0,0,0,1,1.26355,0.01416,1,1,0,1,0.37458,304.01,310.9,-0.0012549877719140179,-0.10155747200411891,-0.10406744754794695,-0.01711932037585273,-0.015767795083022174
2020-10-29,1,1,1,1,1,0,0.05434,0.02116,1,0,0,0,1,1.04301,0.01288,0,1,0,1,-0.13031,310.76,310.37,0.0009357253484769679,-0.11286783686112556,-0.0856350025813114,-0.022521941146102287,-0.00897005678884888
2020-10-30,1,1,1,1,1,0,0.05157,0.02201,0,0,0,0,1,0.88111,0.01251,1,0,0,1,0.60814,309.92,310.21,0.014313739736975917,0.011480055220518981,0.06986122211727097,0.09896098234396566,0.009554602920874844
2020-11-02,1,1,1,1,1,0,0.04582,0.02254,0,0,0,0,1,0.67909,0.01251,0,0,0,1,-0.24656,275.26,279.2,-0.0077234011837735705,0.02273711563447378,0.12797747942832416,0.09603724556084892,-0.0040060632308357436
2020-11-03,1,1,1,1,1,0,0.0455,0.0229,0,0,0,0,1,0.6546,0.01282,0,0,0,1,-0.31018,277.08,274.94,0.004401154401154406,0.062373737373737415,0.18293650793650817,0.10281385281385291,-0.023448773448773497
2020-11-05,1,1,1,1,0,0,0.02259,0.02258,0,0,0,0,1,0.02768,0.01181,1,0,0,0,1.83621,277.2,278.42,-0.005753982176689321,0.09655462774542145,0.07164409515121761,0.07297733492386493,0.05462774542137394
2020-11-06,1,1,0,1,0,0,0.0202,0.02162,0,0,0,0,1,-0.04,0.01138,0,0,0,1,-0.16245,285.02,283.38,0.009080317982456343,0.12359512061403533,0.03803453947368429,0.047457510964912464,0.06301398026315796
2020-11-09,1,1,1,1,1,1,0.04535,0.02158,0,0,1,0,1,0.67527,0.01135,1,0,0,0,0.53537,291.84,294.49,0.0003200614517988587,-0.022404301625912226,-0.031814108308795275,-0.030885930098578873,0.06356420432723087
2020-11-11,1,1,1,1,1,1,0.04593,0.02253,0,0,1,0,0,0.64152,0.01076,0,1,0,1,-0.36989,312.44,312.54,-0.024831975257241345,-0.09908998988877649,-0.09685957294950331,-0.07975970974840896,-0.03006602034140249
2020-11-12,1,1,1,1,1,0,0.03665,0.02259,0,0,0,0,0,0.40322,0.0101,0,1,0,1,-0.21638,336.26,327.91,-0.01534493874919407,-0.024822695035460973,-0.014506769825918808,-0.00519019987105096,0.046647324306898774
2020-11-13,1,1,0,1,1,0,0.01982,0.0219,0,0,0,0,1,-0.06564,0.01131,1,1,0,1,1.14552,310.2,305.44,-0.011098779134295134,-0.008650519031141779,-0.0016974603381862963,-0.0015668864660179915,0.05552653913951833
2020-11-16,1,1,0,1,0,0,0.01101,0.02061,0,0,0,0,1,-0.32112,0.0119,1,0,0,0,1.1295,306.34,302.94,-0.004115226337448541,0.006419753086419622,0.006386831275720262,0.011160493827160556,0.08493827160493828
2020-11-17,1,1,0,1,0,0,0.00917,0.0192,0,0,0,0,1,-0.43427,0.0107,0,0,0,1,-0.41992,303.75,302.5,0.004066653441777479,0.01110890696290423,0.001091053362428207,-0.08123388216623684,0.09528532698538639
2020-11-18,1,1,0,1,0,0,0.01262,0.01803,0,0,0,0,1,-0.41626,0.01039,0,0,0,1,-0.35923,302.46,303.69,0.005195317637774588,0.005162435880573524,0.01749309483098771,-0.09256214652111006,0.08608444035249252
2020-11-19,1,1,0,1,0,0,0.01855,0.01727,0,0,0,0,1,-0.22469,0.01066,1,0,0,1,0.54241,304.12,305.7,0.001539217291632422,-0.008383821843785833,0.01061077452104131,-0.11347633862780426,0.08721139675781897
2020-11-20,1,1,0,1,1,0,0.01819,0.01666,0,0,0,0,1,-0.2277,0.01051,1,1,0,1,0.44736,305.35,305.82,0.00035997120230391033,0.012631716735388432,0.0009162903331370043,-0.01632960272269135,0.07104522547287129
2020-11-23,1,1,0,1,1,0,0.01705,0.01606,0,0,0,0,1,-0.25495,0.01016,1,1,0,0,0.8308,305.58,305.69,-0.009162603488333865,0.00981707516607222,0.005072155502470643,0.01518374292352509,0.08485225301875055
2020-11-24,1,1,0,1,1,0,0.00711,0.01508,0,0,0,0,1,-0.64534,0.01111,0,1,0,1,-0.29092,305.59,302.79,0.023449644451794205,0.011609062344964505,-0.08089961964610559,0.09905738382669083,0.10120721018686951
2020-11-25,1,1,1,1,1,0,0.02805,0.01494,0,0,0,0,1,0.31316,0.01204,1,1,0,1,0.02592,302.35,309.44,-0.0002267867556536851,-0.004924512408475468,-0.10590941489017036,0.056664290805416906,0.07999092852977374
2020-11-26,1,1,1,1,1,0,0.02421,0.01493,0,0,0,0,1,0.20701,0.01223,0,0,0,0,-0.55128,308.66,308.59,-0.0072703667640376946,-0.09805258033106146,-0.12138915936384298,0.0537812398571893,0.09289191820837384
2020-11-27,1,1,0,1,1,0,0.01455,0.01447,0,0,0,0,1,-0.16531,0.01115,0,0,0,1,-0.34113,308.1,305.86,0.0028406308159467653,-0.09893231462435093,-0.01854572762595097,0.055767786593528657,0.0997159369184053
2020-11-30,1,1,1,1,1,0,0.01804,0.01407,0,0,0,0,1,0.04151,0.01106,0,0,0,0,-0.50575,306.27,307.14,-0.004335363668935943,-0.03009673951988545,0.11153708348262259,0.18075958437835893,0.16481547832318166
2020-12-02,1,1,1,1,1,1,0.04489,0.01529,1,0,0,0,1,1.11783,0.01276,0,1,0,1,-0.31637,279.1,277.89,0.0025065387968614683,0.0919427492008138,0.2071345539087477,0.2034292356873002,0.18849898285382172
2020-12-03,1,1,1,1,1,1,0.04714,0.01641,1,0,0,0,1,1.0596,0.01192,0,1,0,0,-0.27811,275.28,275.97,0.0001477868913026814,0.14619818222123704,0.20501736495972778,0.22035025493238747,0.20612576664449844
2020-12-08,1,1,1,1,1,1,0.07275,0.02174,1,0,1,0,0,1.13469,0.01276,0,1,0,1,-0.37173,270.66,270.7,0.0027688817720843417,0.10855350947424625,0.08309981318388049,0.10748598879103288,0.15405657859621025
2020-12-10,1,1,1,1,1,1,0.09094,0.02582,1,0,1,0,0,1.12032,0.01406,0,1,0,1,-0.07294,299.76,300.59,-0.007422812350023955,0.04351303791393368,0.034554471284594435,0.047160454327307644,0.054167333226683656
2020-12-11,1,1,1,1,1,0,0.06261,0.02736,0,0,1,0,0,0.66021,0.01666,0,1,0,0,-0.18965,312.55,310.23,0.013635115761217786,-0.009639142238355158,0.005246621724674494,0.011255833816307126,0.006619284385199764
2020-12-14,1,1,1,1,1,0,0.0736,0.02842,0,0,1,0,0,0.7645,0.01691,0,1,0,0,-0.41296,327.83,332.3,-0.017472510920319317,-0.025907516192197555,-0.0020183762614852663,0.0030125018828137673,-0.00864588040367531
2020-12-15,1,1,1,1,0,0,0.05152,0.02906,0,0,0,0,0,0.4433,0.01622,0,1,0,0,-0.24027,331.95,326.15,-0.005513523447789992,0.009434251232885105,0.01173155266946413,0.021073911844886162,0.009924342206021786
2020-12-16,1,1,1,1,0,0,0.04483,0.02891,0,0,0,0,0,0.33704,0.0165,0,0,0,1,-0.51846,326.47,324.67,-0.003513205337606684,0.020925144072236224,0.023082375419889667,0.03768991340257033,0.012850935313877265
2020-12-17,1,1,1,1,0,0,0.03893,0.02845,0,0,0,0,0,0.24116,0.01642,0,0,0,0,-0.50255,324.49,323.35,0.010300744964591324,0.012600018394187451,0.003372267696741149,0.032557711763082864,0.012508047457003624
2020-12-21,1,1,1,1,0,0,0.05446,0.02822,0,0,0,0,0,0.45576,0.01575,0,0,0,1,-0.19509,326.19,329.55,0.005066593853341628,0.00719031582779639,0.005794727101726238,-0.013682837292557815,-0.0018203331209611928
2020-12-22,1,1,1,1,1,0,0.05751,0.02857,0,0,0,0,0,0.50498,0.01483,0,1,0,0,-0.29253,329.61,331.28,-0.0025366914296067744,-0.011626502385697735,0.005465966056652727,-0.011988886875641591,-0.005918946669082548
2020-12-23,1,1,1,1,1,0,0.05213,0.02882,0,0,0,0,0,0.40939,0.01475,0,1,0,0,-0.42731,331.14,330.3,0.004903741373047499,0.0035113209831698633,0.009050732534205075,-0.011835573313960568,-0.00039351011018284865
2020-12-24,1,1,1,1,1,0,0.05511,0.02899,0,0,0,0,0,0.46236,0.0142,0,1,0,1,-0.3698,330.36,331.98,-0.012789189515277521,0.004283171960305365,0.015654691883087768,0.04346514644225263,-0.0008445691189333804
2020-12-25,1,1,1,1,1,0,0.03856,0.02877,0,0,0,0,0,0.14054,0.01397,1,1,0,1,0.02451,331.53,327.29,0.011626132861371374,0.017210338408959247,0.027768453815873784,0.0054011168411096655,0.018797107198437635
2020-12-28,1,1,1,1,1,0,0.04985,0.02846,0,0,0,0,0,0.42034,0.01427,0,1,0,1,-0.07567,327.71,331.52,0.004283171960305365,0.015654691883087768,-0.01939492655264974,-0.0046149669713146935,0.0010858745814859017
2020-12-29,1,1,1,1,1,0,0.05213,0.02853,0,0,0,0,1,0.53471,0.01421,0,1,0,1,-0.21199,331.53,332.95,0.0005102347079657399,0.010895011705384539,-0.018038297616903787,-0.012305660603877833,0.004982291854252807
2020-12-30,1,1,1,1,1,0,0.05119,0.02862,0,0,0,0,1,0.55517,0.0127,0,1,0,1,-0.54111,333.18,333.35,0.010018597396364681,-0.02483652288679572,-0.02078708980742694,-0.011008458815765843,0.0017397564340990712
2020-12-31,1,1,1,1,1,1,0.05925,0.0289,0,0,0,0,1,0.90836,0.01115,0,1,0,1,-0.21503,333.38,336.72,0.0025897481693160085,-0.0261058522355182,0.029767220336964995,-0.02167053640531036,-0.024319819015300448
2021-01-01,1,1,1,1,1,1,0.05707,0.02929,0,0,0,0,1,0.86442,0.01016,0,1,0,0,-0.2912,335.94,336.81,-0.007297932761305637,-0.0031756694860912704,0.006076521420501413,0.00848880881858971,0.0015878347430455797
2021-01-04,1,1,1,1,1,0,0.04594,0.02929,0,0,0,0,1,0.43962,0.00976,1,1,0,0,0.14779,327.49,325.1,-0.0030168210628961356,0.05418088737201354,0.005607020965382681,0.002590199902486434,-0.0035348610433935113
2021-01-06,1,1,1,1,1,0,0.04983,0.02928,0,0,1,0,1,0.61438,0.00993,0,1,0,0,-0.22391,328.16,327.17,0.002179652483575767,0.011481549702216487,0.010253576472032844,0.010560569779578755,0.048197949284705555
2021-01-07,1,1,1,1,0,0,0.0436,0.02904,0,0,0,0,1,0.45765,0.00961,0,0,0,0,-0.16802,325.74,326.45,0.01143174575329664,-0.03517235330234181,-0.03602023214337924,-0.03449989766979489,-0.042598602461772384
2021-01-11,1,1,1,1,0,0,0.03411,0.02792,0,0,0,0,1,0.17227,0.00931,0,0,0,0,-0.10936,342.03,345.94,0.002769577259031708,0.0015521806616549672,0.00027391423440992213,0.008156557202422698,-0.0056608941778008015
2021-01-13,1,1,0,1,0,0,0.02105,0.02535,0,0,0,0,1,-0.33946,0.00958,0,0,0,0,-0.00624,328.57,329.48,0.002034433546898251,0.0011538578325691606,0.0028542799016184617,0.013785564631221048,6.072935960910186e-05
2021-01-14,1,1,0,1,0,0,0.02176,0.02414,0,0,0,0,1,-0.36856,0.00861,0,0,0,1,-0.19257,329.33,330.0,-0.003089972735534796,-0.00436231445016666,-0.00330202968797344,0.005422599212359769,-0.0007573462587094903
2021-01-15,1,1,0,1,0,0,0.01815,0.02295,0,0,0,0,1,-0.56447,0.00803,0,0,0,0,-0.10961,330.1,329.08,0.0017926592124453133,0.0034941662615459723,0.00018230432668930874,0.017379679144384985,-0.009540593096742822
2021-01-18,1,1,0,1,0,0,0.0193,0.02182,0,0,0,0,1,-0.46321,0.00764,0,1,0,0,-0.1181,329.12,329.71,-0.0020041297218510445,-0.0009413336572331454,0.002763269768006893,0.014089639256650077,-0.015668650552653873
2021-01-19,1,1,0,1,0,0,0.01541,0.02069,0,0,0,0,1,-0.59329,0.0077,0,1,0,0,-0.32806,329.32,328.66,0.00270204626874726,-0.0006072014087071809,0.005677333171413057,-0.004887971340093555,-0.018519642965571737
2021-01-20,1,1,0,1,1,0,0.01957,0.01975,0,0,0,0,1,-0.33637,0.00718,0,1,0,0,-0.25055,329.38,330.27,-0.0038452222356787358,-0.00015138670219194683,0.010869565217391353,-0.006872956279520337,-0.02052803681724591
2021-01-21,1,1,0,1,0,0,0.01506,0.0188,0,0,0,0,1,-0.49928,0.00741,0,0,0,1,-0.08008,330.28,329.01,-0.002182479539254212,0.004092149136101897,0.006032130948772307,-0.008790542588663186,-0.024946953622309698
2021-01-22,1,1,0,1,1,0,0.01496,0.01786,0,0,0,0,1,-0.50759,0.00685,0,1,0,0,-0.11403,329.9,329.18,0.003738601823708221,0.014802431610942302,0.017750759878419453,0.03781155015197557,-0.01911854103343469
2021-01-25,1,1,0,1,1,0,0.01748,0.01711,0,0,0,1,1,-0.32461,0.00665,0,1,0,0,-0.18062,329.0,330.23,0.003331818870210501,0.005270331667423855,0.011540208995910906,-0.00814781160078748,0.007784340451310268
2021-01-26,1,1,0,1,1,0,0.01979,0.01657,0,0,0,0,1,-0.14801,0.00631,1,1,0,1,0.09534,330.15,331.25,0.007514032228861156,0.010441185346128146,-0.010893837890035618,-0.014092582533647202,-0.0017200796668477292
2021-01-27,1,1,1,1,1,0,0.02674,0.01639,0,0,0,0,1,0.26468,0.00664,0,1,0,0,-0.15274,331.38,333.87,-0.006495839070825626,-0.00029934742261872316,-0.018110519068430864,-0.014099263605340306,-0.012243309585104445
2021-01-28,1,1,0,1,1,0,0.01982,0.01605,0,0,0,0,1,-0.01224,0.00713,1,1,0,0,0.23574,334.06,331.89,0.008888487149356639,-0.012413751544186336,-0.014733797342492916,-0.006146614842266862,-0.00557413600891854
2021-01-29,1,1,1,1,1,0,0.02772,0.01597,0,0,0,0,1,0.52727,0.00711,1,1,0,1,0.22276,331.89,334.84,0.0033046926635822427,-0.014570690380340201,0.025776602775941848,-0.02066935047767826,0.026557711950970342
2021-02-02,1,1,1,1,1,0,0.02318,0.0155,0,0,0,0,1,0.45682,0.0066,0,1,0,0,-0.05206,332.86,333.96,0.007562017767667628,0.00519504472656851,0.006609080569303094,-0.0035350896068364612,0.014140358427346289
2021-02-03,1,1,1,1,0,0,0.01861,0.01514,0,0,0,0,1,0.27859,0.00688,0,0,0,0,-0.03321,325.31,327.77,0.007494548023466496,0.04874527751328439,0.0035015511257179277,-0.007033817612187909,0.011487544921215065
2021-02-04,1,1,1,1,1,0,0.02063,0.01484,0,0,0,0,1,0.52642,0.00691,0,1,0,0,-0.04005,325.57,328.01,-0.0029271862422245443,-0.001524576167825309,0.004238321746554696,-0.01359921941700204,-0.0011891694109037454
2021-02-08,1,1,1,1,1,0,0.01782,0.01412,0,0,0,0,1,0.46934,0.00684,0,1,0,0,-0.18658,327.96,327.0,0.005270131017223623,-0.03809804210216394,-0.028853231267481072,-0.052936846754011335,-0.031650228176063555
2021-02-09,1,1,1,1,1,0,0.02015,0.01389,0,0,0,0,1,0.64976,0.00675,1,1,0,0,0.00402,339.65,341.44,-0.0003358060872485913,0.005433953048203488,-0.00485392435204679,-0.014836523491162268,0.004212840003663398
2021-02-15,1,1,0,1,0,0,-0.00108,0.00995,0,0,0,0,1,-0.81027,0.00716,0,0,0,0,-0.0059,327.57,327.46,-0.0018026275588146623,0.007791017415215373,-0.009593644974029925,0.01655973113351661,-0.0003055300947143458
2021-02-16,1,1,0,1,0,0,-0.00324,0.00883,0,0,0,0,1,-0.88958,0.00674,0,0,0,1,-0.16506,327.3,326.71,0.008821637516464031,-0.001500903605231696,-0.00977118877691685,0.013293717646338132,0.0008576592029894137
2021-02-17,1,1,0,1,0,0,0.00463,0.0082,0,0,0,0,1,-0.36513,0.0067,1,0,0,0,0.23191,326.47,329.35,0.0015485516487521167,-0.015728426550069674,-0.01773243456610185,0.0019129167425762095,0.0018218254691200197
2021-02-18,1,1,0,1,1,0,0.00591,0.00775,0,0,0,0,1,-0.28069,0.00626,0,1,0,0,-0.33263,329.34,329.85,-0.011133019869558503,-0.01932352495070533,-0.02420749279538892,0.0011830729561657094,-0.002002123464280192
2021-02-19,1,1,0,1,0,0,-0.00566,0.00676,0,0,0,0,1,-0.91958,0.00684,1,1,0,0,0.35689,329.65,325.98,-0.004942137090585219,-0.006968106332688628,-0.00939313012247911,0.04889953034349381,0.010835865794886157
2021-02-22,1,1,0,1,0,0,-0.01078,0.00552,0,1,0,1,1,-1.04052,0.00722,0,0,0,0,-0.30704,325.77,324.16,-0.0014208933094459475,-0.00639401989250632,0.02773830851918202,0.019058503737567234,0.02474207697535058
2021-02-23,1,1,0,1,0,0,-0.01294,0.00424,0,0,0,1,1,-0.98805,0.00698,0,0,0,0,-0.0341,323.74,323.28,-0.0004943459185565713,-0.0029351788914294685,0.022091083235493914,0.017456590249026682,0.02026818266081687
2021-02-24,1,1,0,1,0,0,-0.0118,0.00314,0,0,0,1,0,-0.83572,0.00681,0,0,0,1,-0.10983,323.66,323.5,-0.0065167706467352815,0.02761134103403573,0.01911791957502018,0.011705479028970345,0.012106986225214778
2021-02-25,1,1,0,1,0,0,-0.01672,0.00186,0,0,0,1,0,-0.91583,0.00716,0,0,0,0,-0.11371,323.78,321.67,0.0015828677839850869,0.026722532588454362,0.024332712600869222,0.020794537554314152,0.03628181253879581
2021-02-26,1,1,0,1,0,0,-0.01301,0.00091,0,0,0,1,0,-0.7126,0.0074,1,0,0,0,0.0148,322.2,322.71,-0.0041603064858878325,-0.012391128670198426,0.022717069228697095,-0.015444015444015524,-0.0013468618119780729
2021-03-02,1,1,0,1,1,0,0.0025,0.00071,0,0,0,0,0,-0.04589,0.00753,1,1,0,1,0.24478,334.11,332.72,0.01004518808011734,0.007694186614558118,0.007297264289203742,-0.0009770395701025336,0.012212994626282336
2021-03-03,1,1,1,1,1,0,0.01133,0.00129,0,0,0,0,0,0.35389,0.00741,1,1,0,1,0.4576,327.52,330.81,0.0001818677821223691,0.03573701918705097,-0.001818677821224024,-0.00957836985844629,-0.00015155648510201125
2021-03-05,1,1,1,1,1,0,0.00791,0.00187,0,0,0,0,1,0.31489,0.00779,0,1,0,1,-0.16714,329.91,329.97,0.008587232221984653,0.008189958133423048,0.0010390245393148145,0.008281636769244871,0.012407175381230262
2021-03-08,1,1,1,1,1,0,0.00742,0.00212,0,0,0,0,1,0.35105,0.00773,0,1,0,1,-0.31848,327.23,330.04,0.0010253405595428422,-0.03527171524827899,-0.03647282847517219,-0.03620916947414676,-0.04737073385088619
2021-03-09,1,1,1,1,1,0,0.00695,0.00233,0,0,0,0,1,0.4201,0.00718,1,0,0,0,0.10403,341.35,341.7,0.00036386791594655854,-0.006731556445010556,-0.0025470754116256877,-0.0014857939901149475,-0.009915400709542554
2021-03-15,1,1,1,1,1,0,0.00633,0.00285,0,0,0,0,1,0.40422,0.00624,1,0,0,1,0.15879,329.79,329.91,-0.0015765697480519814,-0.0028196343570930926,-0.007973804687263164,0.005821180608192256,-0.00730679440924098
2021-03-16,1,1,1,1,0,0,0.00432,0.00283,0,0,0,0,1,0.28061,0.00638,0,0,0,0,-0.23262,329.83,329.31,-0.005042067855298815,-0.0008504692767974387,-0.007532727880205425,0.003007016371533666,-0.00540655468821194
2021-03-17,1,1,1,1,0,0,-0.00094,0.00252,0,0,0,0,1,0.00743,0.00629,1,0,0,1,0.09242,329.23,327.57,0.003753776665547548,-0.0014343699453719383,0.006927701651051388,9.155552842798897e-05,0.005340739158299579
2021-03-18,1,1,1,1,0,0,0.00299,0.00244,0,0,0,0,1,0.24004,0.00624,0,0,0,1,-0.00593,327.67,328.9,-0.001184186554928024,-0.007864213275034837,-0.0010627315236532153,0.013815509807493909,-0.0039472885164266724
2021-03-19,1,1,1,1,0,0,0.00302,0.00239,0,0,0,0,1,0.22376,0.00584,0,1,0,0,-0.05112,329.34,328.95,-0.006377163680534537,0.0019435165502581508,0.0,0.013240206498633444,-0.008259945338597086
2021-03-22,1,1,0,1,0,0,-0.00223,0.00204,0,0,0,0,1,-0.10164,0.00593,0,0,0,0,-0.13948,329.3,327.2,-0.00036711842628567304,0.006485758864380298,0.014929482668951,0.014225839018570108,0.001957964940190182
2021-03-23,1,1,0,1,0,0,-0.00346,0.00165,0,0,0,0,1,-0.22623,0.00529,0,0,0,0,-0.30505,326.87,326.75,0.009731913330885078,0.007773289264291883,0.010588811360019657,0.00948708532256104,0.00045905251560784954
2021-03-24,1,1,1,1,1,0,0.00602,0.00182,0,0,0,0,1,0.3369,0.00559,1,1,0,0,0.36348,326.76,329.94,-0.002274519318250734,0.006095711772911905,-0.006186692545642081,0.004700673257718169,-0.006914538727482378
2021-03-25,1,1,1,1,1,0,0.003,0.00183,0,0,0,0,1,0.09093,0.00552,0,0,0,0,-0.00869,329.74,328.99,0.0017644195668045093,0.004563154052080742,0.01572767096617178,-0.010769043562910752,0.0038330494037477347
2021-03-26,1,1,1,1,1,0,0.00379,0.00187,0,0,0,0,1,0.1245,0.00549,1,1,0,0,0.20377,328.72,329.3,0.007164759100154905,-0.005130696135280388,0.012963356507483592,-0.00871307568535784,-0.0040681259297488115
2021-03-29,1,1,1,1,1,1,0.01081,0.00231,0,0,0,0,1,0.99438,0.00598,0,1,0,1,-0.07336,329.39,331.75,-0.005631003643590482,0.005420217410942785,-0.0017164021801319151,-0.01406245294950148,-0.007046282634225576
2021-03-30,1,1,1,1,1,0,0.00591,0.00244,0,0,0,0,1,0.34263,0.00626,0,1,0,0,-0.03415,332.09,330.22,-0.006126410287516815,0.011949532937037377,0.0004246026931942204,-0.006884629382506446,0.0006975615673903146
2021-03-31,1,1,0,1,0,0,-0.0017,0.00213,0,0,0,0,1,-0.62673,0.00637,1,0,0,0,0.14625,329.72,327.7,-0.008934401899673428,-0.015969130305728663,-0.01665182546749766,-0.022202433956663548,-0.02080736123478777
2021-04-01,1,1,0,0,0,0,-0.00924,0.00139,0,1,0,0,1,-1.27947,0.00688,1,0,0,1,0.20259,336.9,333.89,0.0030060722659772665,-0.008417002344736413,-0.022485420549510082,-0.013888053868814976,-0.014038357482113906
2021-04-02,1,1,0,1,0,0,-0.00036,0.00123,0,0,0,0,1,-0.29738,0.00747,1,0,0,0,0.079,332.66,333.66,0.0029345031008922717,0.0022386930872788646,-0.01219180154288313,-0.012010285887157801,-0.005142943578883674
2021-04-05,1,1,0,1,0,0,-0.00041,0.00109,0,0,0,0,1,-0.27427,0.00722,0,0,0,0,-0.06976,330.55,331.52,0.001396478445658822,-0.012811171827565193,-0.006010928961748485,-0.0057377049180327155,-0.007528840315725427
2021-04-06,1,1,1,1,1,0,0.00766,0.00142,0,0,0,0,1,0.59152,0.00746,1,0,0,0,0.02822,329.4,329.86,0.002693704600484459,-0.011743341404358287,-0.008928571428571397,-0.010562953995157276,-0.022760290556900653
2021-04-08,1,1,1,1,1,0,0.00381,0.00132,0,0,0,0,1,0.24167,0.0079,1,1,0,0,0.01248,330.4,331.29,-0.005261547873967487,0.0015907005200368474,0.007708779443254876,0.0017130620985010836,-0.010584276537167314
2021-04-13,1,1,0,0,0,0,-0.00868,3e-05,0,0,0,0,1,-0.87793,0.00787,0,0,0,1,-0.09758,326.9,325.18,0.003380247065330799,0.006238092311474208,0.008051133919242837,0.014012660561735668,-0.0037182717718641234
2021-04-14,0,1,0,0,0,0,-0.00441,-0.00023,0,0,0,0,1,-0.47037,0.00816,0,0,0,1,-0.02705,325.42,326.52,0.003309431880860636,0.009438009438009543,0.0007354293068579931,0.005239933811362452,0.0011337868480725266
2021-04-15,0,1,0,0,0,0,-0.0016,-0.0003,0,0,0,0,1,-0.19797,0.00834,0,0,0,0,-0.20635,326.34,327.42,0.0006723099960270762,0.0024753231671912346,0.0008556672676709454,0.0077010054090393965,0.0029337163463007965
2021-04-16,0,1,0,0,1,0,-0.00145,-0.00036,0,0,0,0,1,-0.16907,0.00761,0,1,0,0,-0.11321,327.23,327.45,0.005402105905692123,-0.0032656798412940002,-0.0022585075537919774,0.007019685640164752,0.009552876545093847
2021-04-19,0,1,1,1,1,0,0.00438,-7e-05,0,0,0,0,1,0.34957,0.00753,1,1,0,0,0.18206,327.65,329.42,-0.005095232318330756,-0.006702656799708939,-0.006854300618706954,0.0005155889845929185,0.0006672328035908226
2021-04-20,0,1,0,0,1,0,0.00016,-5e-05,0,0,0,0,1,-0.05337,0.00727,1,1,0,0,0.11299,329.72,328.04,-0.005996043220210079,-0.00499162988890578,0.004352457768984852,-0.0017044589864556592,0.003835032719525122
2021-04-21,0,1,0,0,1,0,-0.00412,-0.00029,0,0,0,0,1,-0.42196,0.00728,0,1,0,0,-0.03084,328.55,326.58,0.0019886189806033183,0.0018356482897876614,0.0036407024414122358,0.006088233494462525,0.012574190785045625
2021-04-22,0,1,0,0,1,0,-0.00124,-0.00033,0,0,0,0,1,-0.13659,0.00688,0,1,0,0,-0.30761,326.86,327.51,-0.002562929061784791,0.006803966437833875,0.006102212051868783,-0.0025324180015254827,0.0033867276887871167
2021-04-23,0,1,0,0,0,0,-0.00295,-0.00047,0,0,0,0,1,-0.27638,0.00714,0,0,0,1,-0.08828,327.75,326.91,0.002725296261138377,0.004531953333129168,0.010350001531065356,-0.011299262026518098,0.008053403558195837
2021-04-26,0,1,0,0,0,0,-0.00122,-0.0005,0,0,0,0,1,-0.06543,0.00683,0,0,0,0,-0.10059,326.57,327.46,0.007326454606508381,0.006624336040051304,0.007051712558764356,-0.012638134196226836,0.008059100067159264
2021-04-27,0,1,1,1,1,0,0.00621,-9e-05,0,0,0,0,1,0.80676,0.00672,0,1,0,1,-0.09633,327.58,329.98,-0.004974369862598138,0.0007886196123632061,-0.005156359003912758,-0.01662167490673061,-0.005004701386150612
2021-04-28,0,1,1,0,1,0,0.00031,-6e-05,0,0,0,0,1,0.13491,0.00662,0,1,0,1,-0.01966,329.69,328.05,0.005274068654350428,0.0057008718980549045,0.0025303335162492058,-0.003993658923236443,0.0038717151393208304
2021-04-29,1,1,1,1,1,0,0.00528,0.00025,0,0,0,0,1,0.66758,0.00658,1,1,0,0,0.00551,328.02,329.75,0.00030316810671515704,-0.005638926784902298,-0.008882825526754567,-0.005032590571471984,0.0026981961497649642
2021-04-30,1,1,1,1,1,0,0.00566,0.00055,0,0,0,0,1,0.66886,0.00637,0,1,0,0,-0.21739,329.85,329.95,0.0008191250530913408,-0.002336023299556955,-0.020447788362356722,0.0035192039318001633,-0.0128329591650993
2021-05-03,1,1,1,1,1,0,0.00549,0.00082,0,0,0,0,1,0.61449,0.00596,0,1,0,0,-0.10952,329.62,329.89,0.0002439693818425681,-0.0030191211003018914,-0.01363178921045416,0.006190723064255277,0.010033240828275947
2021-05-04,1,1,1,1,1,1,0.00981,0.00131,1,0,0,0,1,1.05318,0.00574,0,1,0,0,-0.40752,327.91,327.99,-0.007005465470906191,-0.025032460669746737,-0.021016396412718685,-0.0041066521726002,0.032823021408944
2021-05-05,1,1,1,0,1,0,0.00161,0.00128,0,0,0,0,1,0.20773,0.00594,1,1,0,1,0.14612,331.17,328.85,0.0017772874915733539,-0.008886437457865992,0.0011337868480725266,0.014187657044800073,0.07470736042164638
2021-05-07,1,1,0,0,0,0,-0.00489,0.00074,0,0,0,0,1,-0.4454,0.00599,1,0,0,1,0.06044,326.34,326.92,-0.004071560764959847,3.0845157310332993e-05,0.012307217766810652,0.014373843306600964,0.003979025293028959
2021-05-13,0,1,0,0,0,0,-0.01466,-0.00172,0,1,0,0,0,-1.12338,0.00566,0,0,0,1,-0.07861,324.2,322.88,0.00034020969288350855,0.010453716017690962,0.02304147465437789,0.01815482633841592,0.010886710172269831
2021-05-14,0,1,0,0,0,0,-0.01245,-0.00228,0,0,0,0,0,-0.86475,0.0053,0,0,0,0,-0.37836,323.33,323.44,0.0023186792802818434,0.014623137327644864,0.020033388981636202,0.020899029246274736,0.014190317195325708
2021-05-17,0,1,0,0,0,0,-0.00971,-0.00263,0,0,0,0,0,-0.62834,0.00505,0,0,0,1,-0.11219,323.46,324.21,0.006500308071472505,0.019038817005545106,0.016050523721503396,0.010597658656808395,0.01346272335181764
2021-05-18,0,1,0,0,1,0,-0.00199,-0.00248,0,0,0,0,0,-0.09727,0.00518,1,1,0,1,0.19543,324.6,326.71,0.005391661305639728,0.010752688172043001,0.01390803541341179,0.008761449621664807,0.009067794014030461
2021-05-19,0,1,1,0,1,0,0.00243,-0.00209,0,0,0,0,0,0.19252,0.00501,1,1,0,1,0.03258,326.43,328.19,0.007953194990401258,0.004997409879025971,0.0021025687905658064,0.007831306944571459,-0.003839473443641994
2021-05-20,0,1,1,1,1,0,0.00993,-0.0013,0,0,0,0,0,0.66036,0.00553,1,1,0,1,0.31841,328.17,330.78,-0.001392251815980572,0.001725181598063008,-0.00363196125907983,-0.015163438256658557,-0.00808111380145271
2021-05-21,0,1,1,1,1,0,0.00708,-0.00077,0,0,0,0,0,0.45503,0.00563,1,1,0,1,0.08981,330.4,329.94,-0.0024499425322122015,-0.005323331921843755,-0.0012098481640553382,0.001754279837880235,-0.010797894864194468
2021-05-24,0,1,1,1,1,0,0.00642,-0.00033,0,0,0,0,0,0.40015,0.00554,1,1,0,1,0.14209,330.62,329.81,0.0046442447790189245,-0.0007285089849441428,-0.004249635745507407,0.03824672170956789,-0.008984944147644391
2021-05-25,1,1,1,1,1,0,0.00956,0.00026,0,0,0,0,0,0.59781,0.00539,1,1,0,1,0.07101,329.44,330.97,-0.0057744051758018555,-0.0016627868307281801,-0.004474408199050539,0.06031381322369023,-0.010399975814009754
2021-05-26,1,1,1,1,1,0,0.003,0.00041,0,0,0,0,0,0.19881,0.00582,1,0,0,1,0.07247,330.77,328.86,0.0006687336616206796,-0.002857316554197853,0.005349869292966103,-0.010608547632074972,-0.007082497416256439
2021-05-27,1,1,1,1,0,0,0.00388,0.00059,0,0,0,0,0,0.26839,0.00574,1,0,0,1,0.03088,328.98,329.2,0.0027633536789044566,-6.0733047888006375e-05,-0.011903677386049694,-0.007470164890225006,-0.010628283380401449
2021-05-28,1,1,1,1,1,0,0.00672,0.00093,0,0,0,0,0,0.45321,0.00553,1,1,0,1,0.02822,329.31,330.22,-0.005668212542814688,0.0025158376526930315,0.003910157315631491,-0.00563790124579433,-0.013367281985996238
2021-05-31,1,1,1,0,0,0,7e-05,0.00085,0,0,0,0,0,0.06936,0.00599,1,1,0,1,0.13692,329.91,328.04,-0.001485839044211179,-0.013311904906301075,0.03717629935108269,-0.0024561829098185273,0.0163139062405242
2021-06-03,1,1,1,1,1,0,0.00356,0.00106,0,0,0,0,0,0.33012,0.00634,0,0,0,1,-0.03068,329.78,329.29,0.007616378259809986,0.009017791859614821,0.06848647331221058,0.0035035339995124204,-0.004874482086278387
2021-06-04,1,1,1,1,0,0,0.00509,0.00125,0,0,0,0,0,0.40326,0.00626,0,0,0,1,-0.02664,328.24,330.74,-0.0033081140686741506,0.047691977823383525,-0.003001807210463503,0.0013477501761265387,0.007075688424663662
2021-06-07,1,1,1,1,1,0,0.00173,0.00124,0,0,0,0,0,0.1701,0.00592,1,0,0,0,0.17493,326.47,325.39,-0.001326739838378943,0.05753226390061528,-0.01444337233144366,-0.011789892654685663,-0.011850199010975726
2021-06-08,1,1,0,0,1,0,-0.00261,0.00097,0,0,0,0,0,-0.13789,0.00588,1,0,0,0,0.04225,331.64,331.2,0.0,-0.048386153666237885,-0.04090164892994974,-0.043825283592562325,-0.0027482165828558447
2021-06-09,1,1,1,0,0,0,0.00115,0.00094,0,0,0,0,0,0.07359,0.00552,0,0,0,0,-0.19375,342.04,342.04,0.008279668813247598,-0.06034383624655004,-0.0542490800367984,-0.061407543698251965,-0.07575321987120509
2021-06-10,1,1,0,0,0,0,-0.00408,0.00062,0,0,0,0,0,-0.40056,0.00571,1,0,0,0,0.09235,347.84,350.72,-0.001380622200404913,0.006473584095232354,0.010584770203104776,0.004264588574584227,-0.00358961772105304
2021-06-14,0,1,0,0,0,0,-0.00752,-0.00026,0,0,0,0,1,-0.97666,0.00532,0,0,0,0,-0.10507,325.94,325.49,0.004394321184930217,0.010908979165386246,0.004578698297584616,0.0037797308094154047,0.0010755331571505877
2021-06-15,0,1,0,0,0,0,-0.00324,-0.00042,0,0,0,0,1,-0.55669,0.00512,0,0,0,0,-0.19958,325.42,326.85,0.0025977995110024743,0.006693154034229876,0.0016198044009780865,-0.004248166259168684,-0.0028728606356968056
2021-06-16,0,1,0,0,0,0,0.0004,-0.00036,0,0,0,0,1,-0.17714,0.00519,0,0,0,0,-0.18583,327.2,328.05,0.0023766720497273575,-0.0039001797739113275,-0.003473597611139856,-0.008196471556110807,-0.010786434687223956
2021-06-17,0,1,1,1,1,0,0.00308,-0.00014,0,0,0,0,1,0.14736,0.00527,0,1,0,1,-0.09688,328.19,328.97,0.002190647153679892,-0.0028600115617488653,-0.0066632184257766625,0.019746250038032098,-0.010618553564365474
2021-06-18,1,1,1,1,1,0,0.00419,0.00012,0,0,0,0,1,0.29962,0.00507,1,1,0,0,0.01113,328.67,329.39,-0.008311845897163495,-0.0078871530411041,-0.0070377673289853115,-0.00913089640527831,-0.014591233126042824
2021-06-21,0,1,0,0,1,0,-0.00324,-8e-05,0,0,0,0,1,-0.48127,0.00565,1,1,0,0,0.14205,329.65,326.91,0.0018953868729174594,-0.0019259576289321068,-0.001406254776680771,0.005105316254470749,0.00033627831616289683
2021-06-22,0,1,0,0,1,0,-0.00071,-0.00012,0,0,0,0,1,-0.1678,0.00511,1,1,0,0,0.11358,327.11,327.73,-0.0030787051149179234,-0.002225202706822027,-0.00685850149362921,-0.0010668780101201758,0.0010059135523989848
2021-06-23,0,1,0,0,0,0,-0.00267,-0.00026,0,0,0,0,1,-0.37944,0.00519,1,1,0,1,0.05793,328.06,327.05,-0.0017733749159175582,-0.0012535926129763064,-0.004769767015226578,0.04292790313703909,0.007124075093255078
2021-06-24,0,1,0,0,0,0,-0.00424,-0.00049,0,0,0,0,1,-0.52891,0.00524,0,0,0,0,-0.23939,327.06,326.48,0.002173779927744812,-0.002479946114751108,0.026146592370338784,-0.015706325393423537,0.0054803747474130304
2021-06-25,0,1,0,0,0,0,-0.00158,-0.00053,0,0,0,0,1,-0.18753,0.00529,1,0,0,1,0.08586,326.62,327.33,-0.0024735845599462847,-0.005985463873450114,-0.0025041226409332484,-0.008214743785500467,-0.000641299700726794
2021-06-28,0,1,0,0,0,0,-0.00351,-0.00069,0,0,0,0,1,-0.41413,0.00518,0,0,0,1,-0.22478,327.46,326.65,-0.0021438853327615526,0.0264922973262689,0.006952313864812654,-0.0022663930660623555,0.0005512847998530024
2021-06-29,0,1,0,0,0,0,-0.00584,-0.00097,0,0,0,0,1,-0.67235,0.00521,0,0,0,0,-0.37181,326.51,325.81,-0.0008594757198108205,0.0026398182822764404,0.005924243354410885,0.0014733869482472794,0.006998588004174744
2021-06-30,0,1,0,0,0,0,-0.00652,-0.00126,0,0,0,0,1,-0.72802,0.00492,1,0,0,0,0.01892,325.78,325.5,-0.004278074866310155,-0.023232323232323382,0.013368983957219305,-0.035502079619726845,-0.010011883541295341
2021-07-01,0,1,0,0,0,0,-0.00348,-0.00134,0,0,0,0,1,-0.33326,0.00501,0,0,0,1,-0.09457,336.6,335.16,-0.003356319033380184,-9.153597363775745e-05,-0.019069994507841637,-0.007811069750411903,0.006377006163422072
2021-07-05,0,1,0,0,1,0,-0.00185,-0.00136,0,0,0,0,1,-0.05804,0.00489,1,1,0,1,0.1243,327.74,326.64,-0.002820660580510115,0.034545509690333986,-0.014982863728731255,-0.014770555943101504,-0.0006065936732279065
2021-07-06,0,1,0,0,0,0,-0.00626,-0.0016,0,0,0,0,1,-0.69065,0.00497,1,1,0,1,0.02714,329.71,328.78,0.007842293024972191,-0.01128675113790134,0.0018759995079344893,0.006335342600565896,0.0066428835035059475
2021-07-07,0,1,1,0,1,0,0.00079,-0.0014,0,0,0,0,1,0.3737,0.00537,1,1,0,1,0.38657,325.16,327.71,-0.003418353931106899,-0.051129225465275985,-0.04677593712566097,-0.040552779969030284,-0.004557805241476087
2021-07-09,0,1,1,0,1,0,-0.00073,-0.00128,0,0,0,0,1,0.10192,0.00467,0,1,0,1,-0.13087,342.27,341.1,-0.007072703687689086,0.006146148619432967,0.002687009697942999,0.017326579776391515,0.10096361727098668
2021-07-13,0,1,0,0,0,0,-0.01696,-0.00269,0,1,0,0,0,-1.45345,0.00558,1,0,0,1,0.19847,323.78,321.49,0.010233918128654818,0.014868732113972882,0.011509269627970609,0.02155655095184783,0.04905437352245867
2021-07-14,0,1,0,0,0,0,-0.00666,-0.0028,0,0,0,0,0,-0.4702,0.00607,1,0,0,0,0.36842,321.48,324.77,0.0035426036596635235,9.241574764340399e-05,0.0006777154827182219,0.008101780543404491,0.028679687018668076
2021-07-15,0,1,0,0,0,0,-0.00346,-0.00273,0,0,0,0,0,-0.15034,0.00632,0,1,0,0,-0.23587,324.62,325.77,0.0020885803796302227,-0.0012285766939000853,0.005037164444990694,0.0034093003255728505,0.025277965476995012
2021-07-16,0,1,1,0,0,0,-0.00189,-0.00258,0,0,0,0,1,0.04862,0.00612,1,1,0,0,0.19661,325.58,326.26,-0.003743824224384018,-0.0031607696320619105,0.007733145119219298,0.006720471353607316,0.03458434344984185
2021-07-19,0,1,0,0,1,0,-0.00655,-0.00273,0,0,0,0,1,-0.44511,0.00617,1,1,0,1,0.05336,325.87,324.65,0.0017250939560100598,0.008009364795761309,0.014694103875300346,0.02652331957365539,0.03521039985213492
2021-07-20,0,1,0,0,1,0,-0.00473,-0.00274,0,0,0,0,1,-0.23578,0.0064,0,1,0,0,-0.04792,324.62,325.18,-0.0007075399144800265,0.01021318485249334,0.010274710062448289,0.014642999969237458,0.03260836127603284
2021-07-21,0,1,0,0,1,0,-0.00555,-0.00281,0,0,0,0,1,-0.3159,0.0064,0,1,0,0,-0.02037,325.07,324.84,0.007140658664204436,0.013819636811326586,0.007232994767620848,0.014188981224992459,0.024407510003077837
2021-07-22,0,1,1,0,1,0,0.00167,-0.00243,0,0,0,0,1,0.47638,0.00696,1,1,0,0,0.02206,324.9,327.22,0.0020750053400873103,0.0021360349089134534,-0.0031125080101308544,-0.0011900765921087908,0.018308870647828934
2021-07-23,0,1,1,1,1,1,0.00504,-0.00189,0,0,0,0,1,0.81082,0.00703,1,1,0,0,0.09162,327.71,328.39,0.0033201340237587473,-0.0031982942430703876,-0.0007310386841303806,0.03780079195857433,0.02893694791349377
2021-07-26,0,1,1,1,1,1,0.00778,-0.00126,0,0,0,0,0,0.973,0.00686,0,1,0,0,-0.0941,328.3,329.39,-0.003942858875981781,-0.00915956446574262,0.010676048648812664,0.08116223347790497,0.026508143520063143
2021-07-27,0,1,1,1,1,0,0.0046,-0.00087,0,0,0,0,0,0.62635,0.00664,0,1,0,0,-0.10559,329.71,328.41,-0.0037445202143205902,-0.0012786166585485592,0.004109839259619941,0.026698733560643007,0.03723209936678029
2021-07-28,0,1,1,0,1,0,0.00101,-0.00074,0,0,0,0,0,0.28342,0.00663,1,1,0,0,0.05959,328.48,327.25,-0.001009112592501915,0.01898966424071924,0.0076142131979695105,0.021130206103602278,0.044951379120543145
2021-07-29,0,1,1,0,0,0,-0.00068,-0.00071,0,0,0,0,0,0.12767,0.00659,0,0,0,0,-0.10204,327.02,326.69,0.0033950145282153343,0.008808686343477534,0.0011316715094051855,0.020981801498700214,0.04590916042208293
2021-07-30,0,1,1,1,0,0,0.00337,-0.00044,0,0,0,0,0,0.4681,0.00601,0,0,0,1,-0.11486,326.95,328.06,-0.0006297984644912935,-0.011786228406909793,0.021803023032629598,0.011096449136276387,0.002489203454894451
2021-08-02,0,1,1,0,0,0,0.00013,-0.00039,0,0,0,0,0,0.18577,0.00581,1,0,0,1,0.01385,333.44,333.23,-0.0007271184900172756,-0.008331566031447912,0.07998303390189965,0.018117369042930376,-0.0009088981125215945
2021-08-03,1,1,1,1,1,1,0.00905,0.00017,0,0,0,0,0,0.85639,0.00569,1,0,0,1,0.19815,330.07,329.83,0.00475682268638522,0.03890837017838078,0.02835798139960355,0.023540173806982922,0.001890532093306918
2021-08-04,1,1,1,1,1,1,0.01236,0.00087,0,0,0,0,0,0.99639,0.0055,1,1,0,1,0.14141,327.95,329.51,-0.004834149159344547,0.08379191876197134,0.01526253382384235,0.011918153902283235,-0.005259797512997544
2021-08-06,1,1,1,1,1,0,0.01105,0.00208,0,0,0,0,0,0.73009,0.00556,0,1,0,1,-0.0693,328.91,327.32,-0.0012897552396307077,-0.011431921442180748,-0.02151546240656599,-0.02180858859739121,-0.021925839073721143
2021-08-09,1,1,1,1,1,1,0.01785,0.00289,1,0,1,0,0,1.00712,0.00595,0,1,0,1,-0.16081,341.15,340.71,0.00462193162923108,-0.058901445762759574,-0.049854860073838214,-0.047994814418171994,-0.03999098159682102
2021-08-10,1,1,1,1,1,0,0.01561,0.00352,0,0,1,0,0,0.86161,0.00582,0,1,0,1,-0.27457,354.83,356.47,0.000623071445525758,-0.009583432233562839,-0.002937336814621383,0.004183479705672788,0.008723000237360612
2021-08-13,1,1,1,1,1,1,0.02496,0.00644,0,0,1,0,0,0.92026,0.00538,0,1,0,0,-0.11213,337.04,337.25,-0.008668546830933654,0.0008609173222502431,-0.003503042897432085,0.011459106427192944,0.011221611993468716
2021-08-16,1,1,1,1,1,0,0.01428,0.00671,0,0,0,0,0,0.45539,0.00572,1,1,0,1,0.07213,336.85,333.93,-0.00020965616389123642,0.006499341080627774,-0.0031448424583683243,0.02348149035581648,0.017970528333532965
2021-08-17,1,1,1,1,1,0,0.01337,0.00684,0,0,0,0,0,0.39798,0.00566,0,1,0,0,-0.08203,333.88,333.81,0.010672102644043502,0.006265363630913123,0.000389711613406174,0.02512141015648428,0.016757599376461485
2021-08-18,1,1,1,1,1,0,0.02253,0.00741,0,0,1,0,0,0.77056,0.00659,1,1,0,1,0.49966,333.58,337.14,-0.002700617283950546,-0.012256647673314358,0.002492877492877632,-0.0079831433998101,0.0068257359924026595
2021-08-19,1,1,1,1,0,0,0.01846,0.00779,0,0,0,0,0,0.56344,0.00669,1,0,0,1,0.17168,336.96,336.05,-0.0011902282262623576,-0.007022346534948154,0.007081857946261261,-0.01874609456363263,0.018180736156157895
2021-08-20,1,1,1,1,0,0,0.01662,0.00801,0,0,1,0,0,0.46294,0.00652,1,0,0,1,0.0047,336.07,335.67,-0.007070405727923612,0.007756563245823411,0.01643794749403349,-0.019779236276849632,0.02374701670644397
2021-08-23,1,1,1,1,0,0,0.0077,0.00775,0,0,0,0,0,0.05258,0.00645,1,0,0,1,0.26628,335.2,332.83,0.0035485520103448742,0.017802905001052638,0.027636604216161098,-0.0160887739452078,0.0320873304664242
2021-08-24,1,1,1,1,0,0,0.00995,0.00757,0,0,0,0,0,0.14278,0.00651,0,0,0,1,-0.04544,332.53,333.71,0.012802446556531732,0.02152729889365279,0.025275087698258147,0.0004197523461160202,0.026774203220100157
2021-08-25,1,1,1,1,1,1,0.02144,0.00799,0,0,0,0,0,0.66886,0.00701,1,0,0,0,0.41605,333.53,337.8,0.0015980586546713305,0.01127519161907009,-0.010772099079636721,0.00807907430972743,0.011541534728181979
2021-08-26,1,1,1,1,1,1,0.02246,0.0085,0,0,0,0,0,0.71595,0.00705,0,1,0,0,-0.01877,337.91,338.45,0.005400141643059353,0.009088762983947118,-0.026882672332389057,0.0032459867799812248,0.015226628895184113
2021-08-27,1,1,1,1,1,1,0.02811,0.00923,0,0,0,0,0,0.95392,0.00679,0,1,0,0,-0.04997,338.88,340.71,0.0014066346266556895,-0.020425506974563468,-0.03712929316610014,-0.0017875981713749711,-0.003047708357754142
2021-08-30,1,1,1,1,1,1,0.0299,0.01002,1,0,0,0,0,1.03164,0.00703,0,1,0,0,-0.14659,341.24,341.72,2.9244041526599318e-05,-0.03561924257932447,-0.04319344933469804,-0.006053516595993513,0.0005556367890042768
2021-08-31,1,1,1,1,1,1,0.02939,0.01072,0,0,0,0,0,0.94595,0.00662,0,1,0,0,-0.12002,341.95,341.96,0.003693250060052833,-0.013421811193850663,0.0018916646649052016,0.018406197453759265,0.033419409079990414
2021-09-02,1,1,1,1,1,0,0.02589,0.0113,0,0,0,0,0,0.74386,0.00758,0,1,0,0,-0.06037,333.04,334.27,0.0004247186239116907,-0.007432575918454032,0.033401086066195296,0.029214573916209075,-0.012074143736917176
2021-09-03,1,1,1,1,1,0,0.02559,0.01168,0,0,0,0,0,0.72118,0.00703,0,1,0,0,-0.08502,329.63,329.77,0.0034203695220644814,0.018995266452893622,0.03826538402809598,0.044983967017865334,-0.0019850358833408688
2021-09-06,1,1,1,1,1,1,0.02554,0.01201,0,0,0,0,0,0.69445,0.00701,0,1,0,0,-0.2163,327.45,328.57,0.0010096374483707926,0.04219060731222268,0.042160012238029676,0.04990056600887249,0.019274896741624525
2021-09-07,1,1,1,1,0,0,0.02182,0.01214,0,0,0,0,0,0.49911,0.00632,0,1,0,1,-0.23754,326.85,327.18,0.007609844481353045,0.02666465348029612,0.02636267552468685,0.03638834365091359,0.06489506266042588
2021-09-08,1,1,1,1,1,0,0.01982,0.01213,0,0,0,0,0,0.39891,0.00634,0,1,0,0,-0.09282,331.15,333.67,-0.0023430178069353547,-0.0023723055295220563,-0.006648313027178943,0.002987347703842458,0.032070056232427424
2021-09-09,1,1,1,1,0,0,0.01883,0.01205,0,0,0,0,0,0.35415,0.00642,0,0,0,1,-0.30416,341.44,340.64,0.0034532628907057994,0.0031581122162864794,0.0013281780348868288,0.008854520232578711,0.039963401316372105
2021-09-13,1,1,1,1,0,0,0.01558,0.01156,0,0,0,0,0,0.19494,0.00604,0,0,0,0,-0.17164,338.81,339.98,0.001175675278487942,-0.0031155394879933684,0.005731416982629467,0.011198307027598942,0.030508773476765727
2021-09-14,1,1,1,1,0,0,0.01683,0.0114,0,0,0,0,0,0.26608,0.00528,0,0,0,0,-0.24726,340.23,340.63,-0.002553191489361728,-0.004372707263389564,0.007072633895818026,-0.001614086573734408,0.024269992663242812
2021-09-15,1,1,1,1,0,0,0.01401,0.01115,0,0,0,0,0,0.10763,0.00527,0,0,0,0,-0.0466,340.75,339.88,-0.002705166279514115,0.0061454320915053096,0.009144638184010123,0.006027816166308986,0.009909141697785895
2021-09-16,1,1,0,1,0,0,0.01142,0.01076,0,0,0,0,1,-0.05269,0.00507,1,0,0,0,0.24913,340.09,339.17,-0.0007363553356307673,0.010750787900209335,0.00868899296044301,0.013725663456157555,-0.0035050513976023767
2021-09-17,1,1,0,1,0,0,0.01122,0.01038,0,0,0,0,1,-0.07403,0.0048,1,1,0,0,0.03946,339.51,339.26,0.007923650181154152,0.010928156941294231,0.006833780081887619,-0.040767032902294664,0.007481810951721624
2021-09-20,1,1,1,1,1,1,0.01913,0.01041,0,0,0,0,1,0.53443,0.00504,1,1,0,1,0.26957,339.49,342.18,0.0034798374126385756,0.001432874228733283,0.006053162558119052,-0.04436061642834166,-0.0019299938591105237
2021-09-21,1,1,1,1,1,1,0.02117,0.0106,0,0,0,0,1,0.93498,0.00489,0,1,0,0,-0.11165,341.97,343.16,0.000408091878971506,-0.0036436774908179537,-0.008336734098991494,-0.028887075147204677,-0.01941351367107802
2021-09-22,1,1,1,1,1,1,0.02043,0.01076,0,0,0,0,1,0.87862,0.00452,0,1,0,0,-0.33082,343.06,343.2,-0.0019816984321268105,0.0026228361601678962,-0.0029142624001865514,0.027685492801771794,-0.019729556449262664
2021-09-23,1,1,1,1,1,0,0.01751,0.01076,0,0,0,0,1,0.56149,0.00458,1,1,0,1,0.18406,343.14,342.46,0.00023410294677073118,-0.004477218856992482,0.007140139876510743,0.03119421765721464,-0.019459807450326383
2021-09-24,1,1,1,1,1,0,0.01495,0.01061,0,0,0,0,1,0.28133,0.00461,0,1,0,0,-0.11199,341.73,341.81,0.006524092331997355,0.0009654486410577423,-0.047277727392411095,0.030835844475000762,-0.002340481554079732
2021-09-27,1,1,1,1,1,1,0.02071,0.01072,0,0,0,0,1,0.98878,0.00487,1,1,0,1,0.41372,341.81,344.04,-0.0107301753467679,0.0008142138474513949,-0.049696123760504696,0.01954113233882926,-0.03128907499491118
2021-09-28,1,1,0,1,0,0,0.00895,0.01033,0,0,0,0,1,-0.32,0.00557,1,0,0,1,0.51994,343.89,340.2,0.005968657199141303,-0.04251565669930324,-0.02046396753991364,0.026197406721354843,
2021-09-29,1,1,1,1,0,0,0.01412,0.0101,0,0,0,0,1,0.31631,0.00577,0,0,0,0,-0.1939,340.11,342.14,0.006668811606072245,-0.04413700312966151,0.03144286173915578,0.004592120272602251,
2021-09-30,1,1,1,1,1,1,0.01933,0.01019,0,0,0,0,1,0.90626,0.00598,1,1,0,0,0.22234,341.89,344.17,-0.0040675270658757645,0.018869655636430283,0.07771117499541247,0.034681020245886485,
2021-10-05,1,1,1,1,1,1,0.02917,0.01138,1,0,0,0,1,1.20268,0.00654,0,1,0,1,-0.20305,326.98,325.65,-0.00426569165143198,0.07446678854357103,0.07358318098720296,0.04213893967093241,
2021-10-06,1,1,1,1,1,1,0.03411,0.01215,1,0,1,0,0,1.24045,0.00698,1,1,0,0,0.29873,328.2,326.8,-0.0005100204008160469,0.05721228849153959,0.05187207488299528,0.02397095883835365,
2021-10-08,1,1,1,1,1,1,0.04714,0.01464,1,0,1,0,0,1.22392,0.00742,0,1,0,0,-0.17015,333.32,333.15,-0.004629106921079318,-0.0054476685107822664,-0.014847013661510644,-0.050468555944450655,
2021-10-13,1,1,1,1,1,0,0.03138,0.0164,0,0,0,0,0,0.56438,0.00817,1,1,0,1,0.15738,354.28,352.64,-0.0012753656048066775,-0.006320145108264286,-0.026584287495748815,-0.046678381135925595,
2021-10-14,1,1,1,1,0,0,0.02941,0.01652,0,0,0,0,0,0.49255,0.00814,1,0,0,1,0.03131,352.84,352.39,0.0003974901337271408,-0.009057096618494631,-0.03943669969620389,-0.048635757076743946,
2021-10-15,1,1,1,1,0,0,0.02811,0.01654,0,0,0,0,0,0.44451,0.00759,0,0,0,1,-0.23588,352.21,352.35,-0.003977159739780078,-0.024289082696514308,-0.0283514672878612,-0.031249112241129473,
2021-10-18,1,1,1,1,0,0,0.02211,0.0163,0,0,1,0,0,0.24926,0.00732,1,0,0,0,0.07616,352.01,350.61,-0.003597122302158251,-0.03414411328080391,-0.02560808496060285,-0.04896083133493201,
2021-10-19,1,1,1,1,0,0,0.01678,0.01578,0,0,0,0,0,0.07242,0.00727,0,0,0,0,-0.15904,350.28,349.02,-0.014518535521634401,-0.01862159990818324,-0.0347756226328475,,
2021-10-20,1,1,0,1,0,0,0.00056,0.01454,0,0,0,0,0,-0.46941,0.00825,1,0,0,1,0.41452,348.52,343.46,-0.014391423410825555,-0.005680825030588976,-0.020072248441414642,,
2021-10-21,1,1,0,1,0,0,-0.01386,0.01253,0,0,0,0,0,-0.8935,0.00937,1,0,0,1,2.98538,343.26,338.32,0.012102740131384238,-0.004557021956560381,-0.0084630407764692,,
2021-10-22,1,1,0,1,0,0,-0.00292,0.01105,0,0,0,0,0,-0.55618,0.00928,0,0,0,1,-0.02498,337.94,342.03,-0.0022509354536950354,-0.016692001870907358,-0.0031279232927969858,,
2021-10-25,1,1,0,1,0,0,-0.00483,0.00973,0,0,0,0,0,-0.59454,0.00945,0,0,0,0,-0.29203,342.08,341.31,-0.013431872837116665,-0.01730306762860001,-0.023021878116018635,,
2021-10-26,1,1,0,1,0,0,-0.01841,0.00784,0,0,0,1,0,-0.95983,0.01011,1,0,0,0,0.33061,340.98,336.4,-0.0011284335560505232,0.012650334075723801,,,
2021-10-27,1,1,0,1,0,0,-0.01778,0.00604,0,0,0,1,0,-0.8766,0.00976,1,0,0,0,1.07599,336.75,336.37,-0.001043436782637297,-0.006856870285901762,,,
2021-10-28,1,1,0,0,0,0,-0.02072,0.00425,0,0,0,1,0,-0.86703,0.00969,0,0,0,0,-0.41417,335.43,335.08,0.015847954958443822,,,,
2021-10-29,1,1,0,1,0,0,-0.00326,0.00359,0,0,0,1,0,-0.42228,0.01017,1,0,0,0,0.23514,335.69,341.01,-0.004750239005736234,,,,
2021-11-01,1,1,0,1,1,0,0.01071,0.00382,0,0,0,0,0,-0.06059,0.0107,1,0,0,0,0.10191,334.72,333.13,,,,,
